Fecha,Periodo,Region,Indicador,Valor,Frecuencia,Serie_Original
2016-01-01,2016-Q1,AND,SAL_SAT_enlazado,6.367187499999999,Trimestral,CIS_Satisfaccion_Sanidad_Enlazado
2016-04-01,2016-Q2,AND,SAL_SAT_enlazado,6.341085271317828,Trimestral,CIS_Satisfaccion_Sanidad_Enlazado
2016-07-01,2016-Q3,AND,SAL_SAT_enlazado,6.39746571258199,Trimestral,CIS_Satisfaccion_Sanidad_Enlazado
2016-10-01,2016-Q4,AND,SAL_SAT_enlazado,6.453846153846153,Trimestral,CIS_Satisfaccion_Sanidad_Enlazado
2017-01-01,2017-Q1,AND,SAL_SAT_enlazado,6.153256704980843,Trimestral,CIS_Satisfaccion_Sanidad_Enlazado
2017-04-01,2017-Q2,AND,SAL_SAT_enlazado,6.145038167938932,Trimestral,CIS_Satisfaccion_Sanidad_Enlazado
2017-07-01,2017-Q3,AND,SAL_SAT_enlazado,6.327621124785793,Trimestral,CIS_Satisfaccion_Sanidad_Enlazado
2017-10-01,2017-Q4,AND,SAL_SAT_enlazado,6.510204081632653,Trimestral,CIS_Satisfaccion_Sanidad_Enlazado
2018-01-01,2018-Q1,AND,SAL_SAT_enlazado,6.235521235521237,Trimestral,CIS_Satisfaccion_Sanidad_Enlazado
2018-04-01,2018-Q2,AND,SAL_SAT_enlazado,6.019157088122608,Trimestral,CIS_Satisfaccion_Sanidad_Enlazado
2018-07-01,2018-Q3,AND,SAL_SAT_enlazado,6.1111111111111125,Trimestral,CIS_Satisfaccion_Sanidad_Enlazado
2018-10-01,2018-Q4,AND,SAL_SAT_enlazado,6.203065134099618,Trimestral,CIS_Satisfaccion_Sanidad_Enlazado
2019-01-01,2019-Q1,AND,SAL_SAT_enlazado,6.2298850574712645,Trimestral,CIS_Satisfaccion_Sanidad_Enlazado
2019-04-01,2019-Q2,AND,SAL_SAT_enlazado,6.256704980842912,Trimestral,CIS_Satisfaccion_Sanidad_Enlazado
2019-07-01,2019-Q3,AND,SAL_SAT_enlazado,6.358805165318577,Trimestral,CIS_Satisfaccion_Sanidad_Enlazado
2019-10-01,2019-Q4,AND,SAL_SAT_enlazado,6.460905349794242,Trimestral,CIS_Satisfaccion_Sanidad_Enlazado
2020-01-01,2020-Q1,AND,SAL_SAT_enlazado,6.417722839010494,Trimestral,CIS_Satisfaccion_Sanidad_Enlazado
2020-04-01,2020-Q2,AND,SAL_SAT_enlazado,6.374540328226746,Trimestral,CIS_Satisfaccion_Sanidad_Enlazado
2020-07-01,2020-Q3,AND,SAL_SAT_enlazado,6.331357817442998,Trimestral,CIS_Satisfaccion_Sanidad_Enlazado
2020-10-01,2020-Q4,AND,SAL_SAT_enlazado,6.288175306659251,Trimestral,CIS_Satisfaccion_Sanidad_Enlazado
2021-01-01,2021-Q1,AND,SAL_SAT_enlazado,6.244992795875502,Trimestral,CIS_Satisfaccion_Sanidad_Enlazado
2021-04-01,2021-Q2,AND,SAL_SAT_enlazado,6.201810285091755,Trimestral,CIS_Satisfaccion_Sanidad_Enlazado
2021-07-01,2021-Q3,AND,SAL_SAT_enlazado,6.158627774308007,Trimestral,CIS_Satisfaccion_Sanidad_Enlazado
2021-10-01,2021-Q4,AND,SAL_SAT_enlazado,6.115445263524259,Trimestral,CIS_Satisfaccion_Sanidad_Enlazado
2022-01-01,2022-Q1,AND,SAL_SAT_enlazado,6.072262752740511,Trimestral,CIS_Satisfaccion_Sanidad_Enlazado
2022-04-01,2022-Q2,AND,SAL_SAT_enlazado,5.926114308786451,Trimestral,CIS_Satisfaccion_Sanidad_Enlazado
2022-07-01,2022-Q3,AND,SAL_SAT_enlazado,5.810282281319777,Trimestral,CIS_Satisfaccion_Sanidad_Enlazado
2022-10-01,2022-Q4,AND,SAL_SAT_enlazado,5.6944502538531045,Trimestral,CIS_Satisfaccion_Sanidad_Enlazado
2023-01-01,2023-Q1,AND,SAL_SAT_enlazado,5.751033000229757,Trimestral,CIS_Satisfaccion_Sanidad_Enlazado
2023-04-01,2023-Q2,AND,SAL_SAT_enlazado,5.924980791061669,Trimestral,CIS_Satisfaccion_Sanidad_Enlazado
2023-07-01,2023-Q3,AND,SAL_SAT_enlazado,6.098928581893581,Trimestral,CIS_Satisfaccion_Sanidad_Enlazado
2023-10-01,2023-Q4,AND,SAL_SAT_enlazado,5.687583334134731,Trimestral,CIS_Satisfaccion_Sanidad_Enlazado
2024-01-01,2024-Q1,AND,SAL_SAT_enlazado,5.716329432471718,Trimestral,CIS_Satisfaccion_Sanidad_Enlazado
2024-04-01,2024-Q2,AND,SAL_SAT_enlazado,5.745075530808705,Trimestral,CIS_Satisfaccion_Sanidad_Enlazado
2024-07-01,2024-Q3,AND,SAL_SAT_enlazado,5.913868439853962,Trimestral,CIS_Satisfaccion_Sanidad_Enlazado
2024-10-01,2024-Q4,AND,SAL_SAT_enlazado,5.500101735399898,Trimestral,CIS_Satisfaccion_Sanidad_Enlazado
2025-01-01,2025-Q1,AND,SAL_SAT_enlazado,5.4984590088856455,Trimestral,CIS_Satisfaccion_Sanidad_Enlazado
2025-04-01,2025-Q2,AND,SAL_SAT_enlazado,5.496816282371393,Trimestral,CIS_Satisfaccion_Sanidad_Enlazado
2025-07-01,2025-Q3,AND,SAL_SAT_enlazado,5.391272380522094,Trimestral,CIS_Satisfaccion_Sanidad_Enlazado
2016-01-01,2016-Q1,ARA,SAL_SAT_enlazado,7.203539823008849,Trimestral,CIS_Satisfaccion_Sanidad_Enlazado
2016-04-01,2016-Q2,ARA,SAL_SAT_enlazado,7.263636363636359,Trimestral,CIS_Satisfaccion_Sanidad_Enlazado
2016-07-01,2016-Q3,ARA,SAL_SAT_enlazado,7.274675324675323,Trimestral,CIS_Satisfaccion_Sanidad_Enlazado
2016-10-01,2016-Q4,ARA,SAL_SAT_enlazado,7.2857142857142865,Trimestral,CIS_Satisfaccion_Sanidad_Enlazado
2017-01-01,2017-Q1,ARA,SAL_SAT_enlazado,7.252252252252254,Trimestral,CIS_Satisfaccion_Sanidad_Enlazado
2017-04-01,2017-Q2,ARA,SAL_SAT_enlazado,7.504504504504506,Trimestral,CIS_Satisfaccion_Sanidad_Enlazado
2017-07-01,2017-Q3,ARA,SAL_SAT_enlazado,7.310287966537967,Trimestral,CIS_Satisfaccion_Sanidad_Enlazado
2017-10-01,2017-Q4,ARA,SAL_SAT_enlazado,7.116071428571429,Trimestral,CIS_Satisfaccion_Sanidad_Enlazado
2018-01-01,2018-Q1,ARA,SAL_SAT_enlazado,6.972972972972973,Trimestral,CIS_Satisfaccion_Sanidad_Enlazado
2018-04-01,2018-Q2,ARA,SAL_SAT_enlazado,7.318181818181815,Trimestral,CIS_Satisfaccion_Sanidad_Enlazado
2018-07-01,2018-Q3,ARA,SAL_SAT_enlazado,7.44090909090909,Trimestral,CIS_Satisfaccion_Sanidad_Enlazado
2018-10-01,2018-Q4,ARA,SAL_SAT_enlazado,7.5636363636363635,Trimestral,CIS_Satisfaccion_Sanidad_Enlazado
2019-01-01,2019-Q1,ARA,SAL_SAT_enlazado,7.55413961038961,Trimestral,CIS_Satisfaccion_Sanidad_Enlazado
2019-04-01,2019-Q2,ARA,SAL_SAT_enlazado,7.544642857142857,Trimestral,CIS_Satisfaccion_Sanidad_Enlazado
2019-07-01,2019-Q3,ARA,SAL_SAT_enlazado,7.519984979973298,Trimestral,CIS_Satisfaccion_Sanidad_Enlazado
2019-10-01,2019-Q4,ARA,SAL_SAT_enlazado,7.495327102803739,Trimestral,CIS_Satisfaccion_Sanidad_Enlazado
2020-01-01,2020-Q1,ARA,SAL_SAT_enlazado,7.400806689092174,Trimestral,CIS_Satisfaccion_Sanidad_Enlazado
2020-04-01,2020-Q2,ARA,SAL_SAT_enlazado,7.306286275380607,Trimestral,CIS_Satisfaccion_Sanidad_Enlazado
2020-07-01,2020-Q3,ARA,SAL_SAT_enlazado,7.211765861669042,Trimestral,CIS_Satisfaccion_Sanidad_Enlazado
2020-10-01,2020-Q4,ARA,SAL_SAT_enlazado,7.117245447957476,Trimestral,CIS_Satisfaccion_Sanidad_Enlazado
2021-01-01,2021-Q1,ARA,SAL_SAT_enlazado,7.0227250342459095,Trimestral,CIS_Satisfaccion_Sanidad_Enlazado
2021-04-01,2021-Q2,ARA,SAL_SAT_enlazado,6.928204620534344,Trimestral,CIS_Satisfaccion_Sanidad_Enlazado
2021-07-01,2021-Q3,ARA,SAL_SAT_enlazado,6.833684206822778,Trimestral,CIS_Satisfaccion_Sanidad_Enlazado
2021-10-01,2021-Q4,ARA,SAL_SAT_enlazado,6.739163793111212,Trimestral,CIS_Satisfaccion_Sanidad_Enlazado
2022-01-01,2022-Q1,ARA,SAL_SAT_enlazado,6.644643379399646,Trimestral,CIS_Satisfaccion_Sanidad_Enlazado
2022-04-01,2022-Q2,ARA,SAL_SAT_enlazado,6.396425568737738,Trimestral,CIS_Satisfaccion_Sanidad_Enlazado
2022-07-01,2022-Q3,ARA,SAL_SAT_enlazado,6.240807564043917,Trimestral,CIS_Satisfaccion_Sanidad_Enlazado
2022-10-01,2022-Q4,ARA,SAL_SAT_enlazado,6.085189559350096,Trimestral,CIS_Satisfaccion_Sanidad_Enlazado
2023-01-01,2023-Q1,ARA,SAL_SAT_enlazado,6.268619554349396,Trimestral,CIS_Satisfaccion_Sanidad_Enlazado
2023-04-01,2023-Q2,ARA,SAL_SAT_enlazado,6.3670087063724665,Trimestral,CIS_Satisfaccion_Sanidad_Enlazado
2023-07-01,2023-Q3,ARA,SAL_SAT_enlazado,6.465397858395538,Trimestral,CIS_Satisfaccion_Sanidad_Enlazado
2023-10-01,2023-Q4,ARA,SAL_SAT_enlazado,6.55886443847536,Trimestral,CIS_Satisfaccion_Sanidad_Enlazado
2024-01-01,2024-Q1,ARA,SAL_SAT_enlazado,6.660817410050159,Trimestral,CIS_Satisfaccion_Sanidad_Enlazado
2024-04-01,2024-Q2,ARA,SAL_SAT_enlazado,6.762770381624958,Trimestral,CIS_Satisfaccion_Sanidad_Enlazado
2024-07-01,2024-Q3,ARA,SAL_SAT_enlazado,6.3436625805561455,Trimestral,CIS_Satisfaccion_Sanidad_Enlazado
2024-10-01,2024-Q4,ARA,SAL_SAT_enlazado,6.568604866733232,Trimestral,CIS_Satisfaccion_Sanidad_Enlazado
2025-01-01,2025-Q1,ARA,SAL_SAT_enlazado,6.659685507135549,Trimestral,CIS_Satisfaccion_Sanidad_Enlazado
2025-04-01,2025-Q2,ARA,SAL_SAT_enlazado,6.750766147537867,Trimestral,CIS_Satisfaccion_Sanidad_Enlazado
2025-07-01,2025-Q3,ARA,SAL_SAT_enlazado,5.966774573975509,Trimestral,CIS_Satisfaccion_Sanidad_Enlazado
2016-01-01,2016-Q1,AST,SAL_SAT_enlazado,6.870370370370369,Trimestral,CIS_Satisfaccion_Sanidad_Enlazado
2016-04-01,2016-Q2,AST,SAL_SAT_enlazado,7.037037037037038,Trimestral,CIS_Satisfaccion_Sanidad_Enlazado
2016-07-01,2016-Q3,AST,SAL_SAT_enlazado,7.013801537386443,Trimestral,CIS_Satisfaccion_Sanidad_Enlazado
2016-10-01,2016-Q4,AST,SAL_SAT_enlazado,6.990566037735848,Trimestral,CIS_Satisfaccion_Sanidad_Enlazado
2017-01-01,2017-Q1,AST,SAL_SAT_enlazado,7.130841121495325,Trimestral,CIS_Satisfaccion_Sanidad_Enlazado
2017-04-01,2017-Q2,AST,SAL_SAT_enlazado,7.259259259259258,Trimestral,CIS_Satisfaccion_Sanidad_Enlazado
2017-07-01,2017-Q3,AST,SAL_SAT_enlazado,7.272486772486771,Trimestral,CIS_Satisfaccion_Sanidad_Enlazado
2017-10-01,2017-Q4,AST,SAL_SAT_enlazado,7.285714285714285,Trimestral,CIS_Satisfaccion_Sanidad_Enlazado
2018-01-01,2018-Q1,AST,SAL_SAT_enlazado,7.133333333333335,Trimestral,CIS_Satisfaccion_Sanidad_Enlazado
2018-04-01,2018-Q2,AST,SAL_SAT_enlazado,7.467289719626168,Trimestral,CIS_Satisfaccion_Sanidad_Enlazado
2018-07-01,2018-Q3,AST,SAL_SAT_enlazado,7.247795803209309,Trimestral,CIS_Satisfaccion_Sanidad_Enlazado
2018-10-01,2018-Q4,AST,SAL_SAT_enlazado,7.028301886792451,Trimestral,CIS_Satisfaccion_Sanidad_Enlazado
2019-01-01,2019-Q1,AST,SAL_SAT_enlazado,7.107608887321459,Trimestral,CIS_Satisfaccion_Sanidad_Enlazado
2019-04-01,2019-Q2,AST,SAL_SAT_enlazado,7.186915887850467,Trimestral,CIS_Satisfaccion_Sanidad_Enlazado
2019-07-01,2019-Q3,AST,SAL_SAT_enlazado,7.219626168224298,Trimestral,CIS_Satisfaccion_Sanidad_Enlazado
2019-10-01,2019-Q4,AST,SAL_SAT_enlazado,7.252336448598131,Trimestral,CIS_Satisfaccion_Sanidad_Enlazado
2020-01-01,2020-Q1,AST,SAL_SAT_enlazado,7.174420154659123,Trimestral,CIS_Satisfaccion_Sanidad_Enlazado
2020-04-01,2020-Q2,AST,SAL_SAT_enlazado,7.096503860720116,Trimestral,CIS_Satisfaccion_Sanidad_Enlazado
2020-07-01,2020-Q3,AST,SAL_SAT_enlazado,7.018587566781108,Trimestral,CIS_Satisfaccion_Sanidad_Enlazado
2020-10-01,2020-Q4,AST,SAL_SAT_enlazado,6.940671272842101,Trimestral,CIS_Satisfaccion_Sanidad_Enlazado
2021-01-01,2021-Q1,AST,SAL_SAT_enlazado,6.862754978903093,Trimestral,CIS_Satisfaccion_Sanidad_Enlazado
2021-04-01,2021-Q2,AST,SAL_SAT_enlazado,6.784838684964085,Trimestral,CIS_Satisfaccion_Sanidad_Enlazado
2021-07-01,2021-Q3,AST,SAL_SAT_enlazado,6.706922391025078,Trimestral,CIS_Satisfaccion_Sanidad_Enlazado
2021-10-01,2021-Q4,AST,SAL_SAT_enlazado,6.62900609708607,Trimestral,CIS_Satisfaccion_Sanidad_Enlazado
2022-01-01,2022-Q1,AST,SAL_SAT_enlazado,6.551089803147063,Trimestral,CIS_Satisfaccion_Sanidad_Enlazado
2022-04-01,2022-Q2,AST,SAL_SAT_enlazado,6.467495013483097,Trimestral,CIS_Satisfaccion_Sanidad_Enlazado
2022-07-01,2022-Q3,AST,SAL_SAT_enlazado,6.395394678782916,Trimestral,CIS_Satisfaccion_Sanidad_Enlazado
2022-10-01,2022-Q4,AST,SAL_SAT_enlazado,6.323294344082734,Trimestral,CIS_Satisfaccion_Sanidad_Enlazado
2023-01-01,2023-Q1,AST,SAL_SAT_enlazado,6.602450327598335,Trimestral,CIS_Satisfaccion_Sanidad_Enlazado
2023-04-01,2023-Q2,AST,SAL_SAT_enlazado,6.685761222571098,Trimestral,CIS_Satisfaccion_Sanidad_Enlazado
2023-07-01,2023-Q3,AST,SAL_SAT_enlazado,6.76907211754386,Trimestral,CIS_Satisfaccion_Sanidad_Enlazado
2023-10-01,2023-Q4,AST,SAL_SAT_enlazado,6.498707709402287,Trimestral,CIS_Satisfaccion_Sanidad_Enlazado
2024-01-01,2024-Q1,AST,SAL_SAT_enlazado,6.551667468365851,Trimestral,CIS_Satisfaccion_Sanidad_Enlazado
2024-04-01,2024-Q2,AST,SAL_SAT_enlazado,6.604627227329415,Trimestral,CIS_Satisfaccion_Sanidad_Enlazado
2024-07-01,2024-Q3,AST,SAL_SAT_enlazado,6.844556349994735,Trimestral,CIS_Satisfaccion_Sanidad_Enlazado
2024-10-01,2024-Q4,AST,SAL_SAT_enlazado,6.6994462611814924,Trimestral,CIS_Satisfaccion_Sanidad_Enlazado
2025-01-01,2025-Q1,AST,SAL_SAT_enlazado,6.56847880275075,Trimestral,CIS_Satisfaccion_Sanidad_Enlazado
2025-04-01,2025-Q2,AST,SAL_SAT_enlazado,6.437511344320008,Trimestral,CIS_Satisfaccion_Sanidad_Enlazado
2025-07-01,2025-Q3,AST,SAL_SAT_enlazado,6.056699109691525,Trimestral,CIS_Satisfaccion_Sanidad_Enlazado
2016-01-01,2016-Q1,BAL,SAL_SAT_enlazado,6.81132075471698,Trimestral,CIS_Satisfaccion_Sanidad_Enlazado
2016-04-01,2016-Q2,BAL,SAL_SAT_enlazado,6.719626168224299,Trimestral,CIS_Satisfaccion_Sanidad_Enlazado
2016-07-01,2016-Q3,BAL,SAL_SAT_enlazado,6.8886592379583025,Trimestral,CIS_Satisfaccion_Sanidad_Enlazado
2016-10-01,2016-Q4,BAL,SAL_SAT_enlazado,7.057692307692307,Trimestral,CIS_Satisfaccion_Sanidad_Enlazado
2017-01-01,2017-Q1,BAL,SAL_SAT_enlazado,7.158878504672895,Trimestral,CIS_Satisfaccion_Sanidad_Enlazado
2017-04-01,2017-Q2,BAL,SAL_SAT_enlazado,6.971698113207546,Trimestral,CIS_Satisfaccion_Sanidad_Enlazado
2017-07-01,2017-Q3,BAL,SAL_SAT_enlazado,6.880079825834542,Trimestral,CIS_Satisfaccion_Sanidad_Enlazado
2017-10-01,2017-Q4,BAL,SAL_SAT_enlazado,6.788461538461538,Trimestral,CIS_Satisfaccion_Sanidad_Enlazado
2018-01-01,2018-Q1,BAL,SAL_SAT_enlazado,6.572815533980584,Trimestral,CIS_Satisfaccion_Sanidad_Enlazado
2018-04-01,2018-Q2,BAL,SAL_SAT_enlazado,6.62037037037037,Trimestral,CIS_Satisfaccion_Sanidad_Enlazado
2018-07-01,2018-Q3,BAL,SAL_SAT_enlazado,6.588487071977639,Trimestral,CIS_Satisfaccion_Sanidad_Enlazado
2018-10-01,2018-Q4,BAL,SAL_SAT_enlazado,6.556603773584907,Trimestral,CIS_Satisfaccion_Sanidad_Enlazado
2019-01-01,2019-Q1,BAL,SAL_SAT_enlazado,6.691763425253993,Trimestral,CIS_Satisfaccion_Sanidad_Enlazado
2019-04-01,2019-Q2,BAL,SAL_SAT_enlazado,6.826923076923078,Trimestral,CIS_Satisfaccion_Sanidad_Enlazado
2019-07-01,2019-Q3,BAL,SAL_SAT_enlazado,6.885683760683762,Trimestral,CIS_Satisfaccion_Sanidad_Enlazado
2019-10-01,2019-Q4,BAL,SAL_SAT_enlazado,6.944444444444446,Trimestral,CIS_Satisfaccion_Sanidad_Enlazado
2020-01-01,2020-Q1,BAL,SAL_SAT_enlazado,6.902150955683783,Trimestral,CIS_Satisfaccion_Sanidad_Enlazado
2020-04-01,2020-Q2,BAL,SAL_SAT_enlazado,6.859857466923119,Trimestral,CIS_Satisfaccion_Sanidad_Enlazado
2020-07-01,2020-Q3,BAL,SAL_SAT_enlazado,6.817563978162454,Trimestral,CIS_Satisfaccion_Sanidad_Enlazado
2020-10-01,2020-Q4,BAL,SAL_SAT_enlazado,6.77527048940179,Trimestral,CIS_Satisfaccion_Sanidad_Enlazado
2021-01-01,2021-Q1,BAL,SAL_SAT_enlazado,6.732977000641126,Trimestral,CIS_Satisfaccion_Sanidad_Enlazado
2021-04-01,2021-Q2,BAL,SAL_SAT_enlazado,6.690683511880462,Trimestral,CIS_Satisfaccion_Sanidad_Enlazado
2021-07-01,2021-Q3,BAL,SAL_SAT_enlazado,6.6483900231197985,Trimestral,CIS_Satisfaccion_Sanidad_Enlazado
2021-10-01,2021-Q4,BAL,SAL_SAT_enlazado,6.606096534359134,Trimestral,CIS_Satisfaccion_Sanidad_Enlazado
2022-01-01,2022-Q1,BAL,SAL_SAT_enlazado,6.56380304559847,Trimestral,CIS_Satisfaccion_Sanidad_Enlazado
2022-04-01,2022-Q2,BAL,SAL_SAT_enlazado,6.270975464159648,Trimestral,CIS_Satisfaccion_Sanidad_Enlazado
2022-07-01,2022-Q3,BAL,SAL_SAT_enlazado,6.049388185327265,Trimestral,CIS_Satisfaccion_Sanidad_Enlazado
2022-10-01,2022-Q4,BAL,SAL_SAT_enlazado,5.827800906494883,Trimestral,CIS_Satisfaccion_Sanidad_Enlazado
2023-01-01,2023-Q1,BAL,SAL_SAT_enlazado,6.255327685329076,Trimestral,CIS_Satisfaccion_Sanidad_Enlazado
2023-04-01,2023-Q2,BAL,SAL_SAT_enlazado,6.485049325763198,Trimestral,CIS_Satisfaccion_Sanidad_Enlazado
2023-07-01,2023-Q3,BAL,SAL_SAT_enlazado,6.714770966197319,Trimestral,CIS_Satisfaccion_Sanidad_Enlazado
2023-10-01,2023-Q4,BAL,SAL_SAT_enlazado,6.595741129363431,Trimestral,CIS_Satisfaccion_Sanidad_Enlazado
2024-01-01,2024-Q1,BAL,SAL_SAT_enlazado,6.653202199781999,Trimestral,CIS_Satisfaccion_Sanidad_Enlazado
2024-04-01,2024-Q2,BAL,SAL_SAT_enlazado,6.710663270200567,Trimestral,CIS_Satisfaccion_Sanidad_Enlazado
2024-07-01,2024-Q3,BAL,SAL_SAT_enlazado,6.350265749812643,Trimestral,CIS_Satisfaccion_Sanidad_Enlazado
2024-10-01,2024-Q4,BAL,SAL_SAT_enlazado,6.544900621684944,Trimestral,CIS_Satisfaccion_Sanidad_Enlazado
2025-01-01,2025-Q1,BAL,SAL_SAT_enlazado,6.496949354376195,Trimestral,CIS_Satisfaccion_Sanidad_Enlazado
2025-04-01,2025-Q2,BAL,SAL_SAT_enlazado,6.448998087067445,Trimestral,CIS_Satisfaccion_Sanidad_Enlazado
2025-07-01,2025-Q3,BAL,SAL_SAT_enlazado,6.083704982149241,Trimestral,CIS_Satisfaccion_Sanidad_Enlazado
2016-01-01,2016-Q1,CAN,SAL_SAT_enlazado,5.875968992248061,Trimestral,CIS_Satisfaccion_Sanidad_Enlazado
2016-04-01,2016-Q2,CAN,SAL_SAT_enlazado,6.274193548387096,Trimestral,CIS_Satisfaccion_Sanidad_Enlazado
2016-07-01,2016-Q3,CAN,SAL_SAT_enlazado,6.046545593091185,Trimestral,CIS_Satisfaccion_Sanidad_Enlazado
2016-10-01,2016-Q4,CAN,SAL_SAT_enlazado,5.818897637795273,Trimestral,CIS_Satisfaccion_Sanidad_Enlazado
2017-01-01,2017-Q1,CAN,SAL_SAT_enlazado,5.999999999999999,Trimestral,CIS_Satisfaccion_Sanidad_Enlazado
2017-04-01,2017-Q2,CAN,SAL_SAT_enlazado,6.097560975609754,Trimestral,CIS_Satisfaccion_Sanidad_Enlazado
2017-07-01,2017-Q3,CAN,SAL_SAT_enlazado,6.144780487804878,Trimestral,CIS_Satisfaccion_Sanidad_Enlazado
2017-10-01,2017-Q4,CAN,SAL_SAT_enlazado,6.192000000000001,Trimestral,CIS_Satisfaccion_Sanidad_Enlazado
2018-01-01,2018-Q1,CAN,SAL_SAT_enlazado,6.401639344262295,Trimestral,CIS_Satisfaccion_Sanidad_Enlazado
2018-04-01,2018-Q2,CAN,SAL_SAT_enlazado,6.21138211382114,Trimestral,CIS_Satisfaccion_Sanidad_Enlazado
2018-07-01,2018-Q3,CAN,SAL_SAT_enlazado,6.070534806910569,Trimestral,CIS_Satisfaccion_Sanidad_Enlazado
2018-10-01,2018-Q4,CAN,SAL_SAT_enlazado,5.929687499999999,Trimestral,CIS_Satisfaccion_Sanidad_Enlazado
2019-01-01,2019-Q1,CAN,SAL_SAT_enlazado,5.968780757874016,Trimestral,CIS_Satisfaccion_Sanidad_Enlazado
2019-04-01,2019-Q2,CAN,SAL_SAT_enlazado,6.007874015748032,Trimestral,CIS_Satisfaccion_Sanidad_Enlazado
2019-07-01,2019-Q3,CAN,SAL_SAT_enlazado,6.153543307086615,Trimestral,CIS_Satisfaccion_Sanidad_Enlazado
2019-10-01,2019-Q4,CAN,SAL_SAT_enlazado,6.299212598425197,Trimestral,CIS_Satisfaccion_Sanidad_Enlazado
2020-01-01,2020-Q1,CAN,SAL_SAT_enlazado,6.313514093433059,Trimestral,CIS_Satisfaccion_Sanidad_Enlazado
2020-04-01,2020-Q2,CAN,SAL_SAT_enlazado,6.327815588440921,Trimestral,CIS_Satisfaccion_Sanidad_Enlazado
2020-07-01,2020-Q3,CAN,SAL_SAT_enlazado,6.342117083448783,Trimestral,CIS_Satisfaccion_Sanidad_Enlazado
2020-10-01,2020-Q4,CAN,SAL_SAT_enlazado,6.356418578456645,Trimestral,CIS_Satisfaccion_Sanidad_Enlazado
2021-01-01,2021-Q1,CAN,SAL_SAT_enlazado,6.370720073464507,Trimestral,CIS_Satisfaccion_Sanidad_Enlazado
2021-04-01,2021-Q2,CAN,SAL_SAT_enlazado,6.385021568472369,Trimestral,CIS_Satisfaccion_Sanidad_Enlazado
2021-07-01,2021-Q3,CAN,SAL_SAT_enlazado,6.399323063480231,Trimestral,CIS_Satisfaccion_Sanidad_Enlazado
2021-10-01,2021-Q4,CAN,SAL_SAT_enlazado,6.413624558488093,Trimestral,CIS_Satisfaccion_Sanidad_Enlazado
2022-01-01,2022-Q1,CAN,SAL_SAT_enlazado,6.427926053495955,Trimestral,CIS_Satisfaccion_Sanidad_Enlazado
2022-04-01,2022-Q2,CAN,SAL_SAT_enlazado,6.01407525143425,Trimestral,CIS_Satisfaccion_Sanidad_Enlazado
2022-07-01,2022-Q3,CAN,SAL_SAT_enlazado,5.838298920273356,Trimestral,CIS_Satisfaccion_Sanidad_Enlazado
2022-10-01,2022-Q4,CAN,SAL_SAT_enlazado,5.662522589112462,Trimestral,CIS_Satisfaccion_Sanidad_Enlazado
2023-01-01,2023-Q1,CAN,SAL_SAT_enlazado,5.846118086350746,Trimestral,CIS_Satisfaccion_Sanidad_Enlazado
2023-04-01,2023-Q2,CAN,SAL_SAT_enlazado,5.972285333126841,Trimestral,CIS_Satisfaccion_Sanidad_Enlazado
2023-07-01,2023-Q3,CAN,SAL_SAT_enlazado,6.098452579902936,Trimestral,CIS_Satisfaccion_Sanidad_Enlazado
2023-10-01,2023-Q4,CAN,SAL_SAT_enlazado,6.027487340981838,Trimestral,CIS_Satisfaccion_Sanidad_Enlazado
2024-01-01,2024-Q1,CAN,SAL_SAT_enlazado,6.126986385497325,Trimestral,CIS_Satisfaccion_Sanidad_Enlazado
2024-04-01,2024-Q2,CAN,SAL_SAT_enlazado,6.226485430012813,Trimestral,CIS_Satisfaccion_Sanidad_Enlazado
2024-07-01,2024-Q3,CAN,SAL_SAT_enlazado,6.18875252750055,Trimestral,CIS_Satisfaccion_Sanidad_Enlazado
2024-10-01,2024-Q4,CAN,SAL_SAT_enlazado,6.317983591821903,Trimestral,CIS_Satisfaccion_Sanidad_Enlazado
2025-01-01,2025-Q1,CAN,SAL_SAT_enlazado,6.116784800382723,Trimestral,CIS_Satisfaccion_Sanidad_Enlazado
2025-04-01,2025-Q2,CAN,SAL_SAT_enlazado,5.915586008943542,Trimestral,CIS_Satisfaccion_Sanidad_Enlazado
2025-07-01,2025-Q3,CAN,SAL_SAT_enlazado,5.411016099590495,Trimestral,CIS_Satisfaccion_Sanidad_Enlazado
2016-01-01,2016-Q1,CANT,SAL_SAT_enlazado,7.125000000000001,Trimestral,CIS_Satisfaccion_Sanidad_Enlazado
2016-04-01,2016-Q2,CANT,SAL_SAT_enlazado,7.16842105263158,Trimestral,CIS_Satisfaccion_Sanidad_Enlazado
2016-07-01,2016-Q3,CANT,SAL_SAT_enlazado,7.009742441209406,Trimestral,CIS_Satisfaccion_Sanidad_Enlazado
2016-10-01,2016-Q4,CANT,SAL_SAT_enlazado,6.851063829787233,Trimestral,CIS_Satisfaccion_Sanidad_Enlazado
2017-01-01,2017-Q1,CANT,SAL_SAT_enlazado,7.094736842105264,Trimestral,CIS_Satisfaccion_Sanidad_Enlazado
2017-04-01,2017-Q2,CANT,SAL_SAT_enlazado,7.385416666666668,Trimestral,CIS_Satisfaccion_Sanidad_Enlazado
2017-07-01,2017-Q3,CANT,SAL_SAT_enlazado,7.484375000000001,Trimestral,CIS_Satisfaccion_Sanidad_Enlazado
2017-10-01,2017-Q4,CANT,SAL_SAT_enlazado,7.583333333333334,Trimestral,CIS_Satisfaccion_Sanidad_Enlazado
2018-01-01,2018-Q1,CANT,SAL_SAT_enlazado,6.958333333333335,Trimestral,CIS_Satisfaccion_Sanidad_Enlazado
2018-04-01,2018-Q2,CANT,SAL_SAT_enlazado,6.770833333333334,Trimestral,CIS_Satisfaccion_Sanidad_Enlazado
2018-07-01,2018-Q3,CANT,SAL_SAT_enlazado,7.001206140350877,Trimestral,CIS_Satisfaccion_Sanidad_Enlazado
2018-10-01,2018-Q4,CANT,SAL_SAT_enlazado,7.23157894736842,Trimestral,CIS_Satisfaccion_Sanidad_Enlazado
2019-01-01,2019-Q1,CANT,SAL_SAT_enlazado,7.268421052631579,Trimestral,CIS_Satisfaccion_Sanidad_Enlazado
2019-04-01,2019-Q2,CANT,SAL_SAT_enlazado,7.305263157894738,Trimestral,CIS_Satisfaccion_Sanidad_Enlazado
2019-07-01,2019-Q3,CANT,SAL_SAT_enlazado,7.1890899122807035,Trimestral,CIS_Satisfaccion_Sanidad_Enlazado
2019-10-01,2019-Q4,CANT,SAL_SAT_enlazado,7.072916666666668,Trimestral,CIS_Satisfaccion_Sanidad_Enlazado
2020-01-01,2020-Q1,CANT,SAL_SAT_enlazado,7.078780072332369,Trimestral,CIS_Satisfaccion_Sanidad_Enlazado
2020-04-01,2020-Q2,CANT,SAL_SAT_enlazado,7.084643477998069,Trimestral,CIS_Satisfaccion_Sanidad_Enlazado
2020-07-01,2020-Q3,CANT,SAL_SAT_enlazado,7.09050688366377,Trimestral,CIS_Satisfaccion_Sanidad_Enlazado
2020-10-01,2020-Q4,CANT,SAL_SAT_enlazado,7.096370289329471,Trimestral,CIS_Satisfaccion_Sanidad_Enlazado
2021-01-01,2021-Q1,CANT,SAL_SAT_enlazado,7.1022336949951725,Trimestral,CIS_Satisfaccion_Sanidad_Enlazado
2021-04-01,2021-Q2,CANT,SAL_SAT_enlazado,7.108097100660873,Trimestral,CIS_Satisfaccion_Sanidad_Enlazado
2021-07-01,2021-Q3,CANT,SAL_SAT_enlazado,7.113960506326574,Trimestral,CIS_Satisfaccion_Sanidad_Enlazado
2021-10-01,2021-Q4,CANT,SAL_SAT_enlazado,7.119823911992275,Trimestral,CIS_Satisfaccion_Sanidad_Enlazado
2022-01-01,2022-Q1,CANT,SAL_SAT_enlazado,7.125687317657976,Trimestral,CIS_Satisfaccion_Sanidad_Enlazado
2022-04-01,2022-Q2,CANT,SAL_SAT_enlazado,6.949633111625334,Trimestral,CIS_Satisfaccion_Sanidad_Enlazado
2022-07-01,2022-Q3,CANT,SAL_SAT_enlazado,6.711657928776496,Trimestral,CIS_Satisfaccion_Sanidad_Enlazado
2022-10-01,2022-Q4,CANT,SAL_SAT_enlazado,6.4736827459276585,Trimestral,CIS_Satisfaccion_Sanidad_Enlazado
2023-01-01,2023-Q1,CANT,SAL_SAT_enlazado,6.531181637060347,Trimestral,CIS_Satisfaccion_Sanidad_Enlazado
2023-04-01,2023-Q2,CANT,SAL_SAT_enlazado,6.604405521665923,Trimestral,CIS_Satisfaccion_Sanidad_Enlazado
2023-07-01,2023-Q3,CANT,SAL_SAT_enlazado,6.677629406271499,Trimestral,CIS_Satisfaccion_Sanidad_Enlazado
2023-10-01,2023-Q4,CANT,SAL_SAT_enlazado,6.618286095826086,Trimestral,CIS_Satisfaccion_Sanidad_Enlazado
2024-01-01,2024-Q1,CANT,SAL_SAT_enlazado,6.695787078220509,Trimestral,CIS_Satisfaccion_Sanidad_Enlazado
2024-04-01,2024-Q2,CANT,SAL_SAT_enlazado,6.773288060614933,Trimestral,CIS_Satisfaccion_Sanidad_Enlazado
2024-07-01,2024-Q3,CANT,SAL_SAT_enlazado,6.477206848407781,Trimestral,CIS_Satisfaccion_Sanidad_Enlazado
2024-10-01,2024-Q4,CANT,SAL_SAT_enlazado,6.778463111150754,Trimestral,CIS_Satisfaccion_Sanidad_Enlazado
2025-01-01,2025-Q1,CANT,SAL_SAT_enlazado,6.809313363094103,Trimestral,CIS_Satisfaccion_Sanidad_Enlazado
2025-04-01,2025-Q2,CANT,SAL_SAT_enlazado,6.840163615037452,Trimestral,CIS_Satisfaccion_Sanidad_Enlazado
2025-07-01,2025-Q3,CANT,SAL_SAT_enlazado,6.189475120737235,Trimestral,CIS_Satisfaccion_Sanidad_Enlazado
2016-01-01,2016-Q1,CAT,SAL_SAT_enlazado,6.386178861788616,Trimestral,CIS_Satisfaccion_Sanidad_Enlazado
2016-04-01,2016-Q2,CAT,SAL_SAT_enlazado,6.338775510204084,Trimestral,CIS_Satisfaccion_Sanidad_Enlazado
2016-07-01,2016-Q3,CAT,SAL_SAT_enlazado,6.335371361659419,Trimestral,CIS_Satisfaccion_Sanidad_Enlazado
2016-10-01,2016-Q4,CAT,SAL_SAT_enlazado,6.331967213114753,Trimestral,CIS_Satisfaccion_Sanidad_Enlazado
2017-01-01,2017-Q1,CAT,SAL_SAT_enlazado,6.453061224489796,Trimestral,CIS_Satisfaccion_Sanidad_Enlazado
2017-04-01,2017-Q2,CAT,SAL_SAT_enlazado,6.538775510204083,Trimestral,CIS_Satisfaccion_Sanidad_Enlazado
2017-07-01,2017-Q3,CAT,SAL_SAT_enlazado,6.540816326530614,Trimestral,CIS_Satisfaccion_Sanidad_Enlazado
2017-10-01,2017-Q4,CAT,SAL_SAT_enlazado,6.542857142857145,Trimestral,CIS_Satisfaccion_Sanidad_Enlazado
2018-01-01,2018-Q1,CAT,SAL_SAT_enlazado,6.512396694214875,Trimestral,CIS_Satisfaccion_Sanidad_Enlazado
2018-04-01,2018-Q2,CAT,SAL_SAT_enlazado,6.2429149797570815,Trimestral,CIS_Satisfaccion_Sanidad_Enlazado
2018-07-01,2018-Q3,CAT,SAL_SAT_enlazado,6.409212591919357,Trimestral,CIS_Satisfaccion_Sanidad_Enlazado
2018-10-01,2018-Q4,CAT,SAL_SAT_enlazado,6.575510204081633,Trimestral,CIS_Satisfaccion_Sanidad_Enlazado
2019-01-01,2019-Q1,CAT,SAL_SAT_enlazado,6.459242705346601,Trimestral,CIS_Satisfaccion_Sanidad_Enlazado
2019-04-01,2019-Q2,CAT,SAL_SAT_enlazado,6.34297520661157,Trimestral,CIS_Satisfaccion_Sanidad_Enlazado
2019-07-01,2019-Q3,CAT,SAL_SAT_enlazado,6.3932449254815165,Trimestral,CIS_Satisfaccion_Sanidad_Enlazado
2019-10-01,2019-Q4,CAT,SAL_SAT_enlazado,6.443514644351464,Trimestral,CIS_Satisfaccion_Sanidad_Enlazado
2020-01-01,2020-Q1,CAT,SAL_SAT_enlazado,6.444955076831124,Trimestral,CIS_Satisfaccion_Sanidad_Enlazado
2020-04-01,2020-Q2,CAT,SAL_SAT_enlazado,6.446395509310784,Trimestral,CIS_Satisfaccion_Sanidad_Enlazado
2020-07-01,2020-Q3,CAT,SAL_SAT_enlazado,6.447835941790443,Trimestral,CIS_Satisfaccion_Sanidad_Enlazado
2020-10-01,2020-Q4,CAT,SAL_SAT_enlazado,6.449276374270103,Trimestral,CIS_Satisfaccion_Sanidad_Enlazado
2021-01-01,2021-Q1,CAT,SAL_SAT_enlazado,6.450716806749763,Trimestral,CIS_Satisfaccion_Sanidad_Enlazado
2021-04-01,2021-Q2,CAT,SAL_SAT_enlazado,6.452157239229423,Trimestral,CIS_Satisfaccion_Sanidad_Enlazado
2021-07-01,2021-Q3,CAT,SAL_SAT_enlazado,6.453597671709082,Trimestral,CIS_Satisfaccion_Sanidad_Enlazado
2021-10-01,2021-Q4,CAT,SAL_SAT_enlazado,6.455038104188742,Trimestral,CIS_Satisfaccion_Sanidad_Enlazado
2022-01-01,2022-Q1,CAT,SAL_SAT_enlazado,6.456478536668402,Trimestral,CIS_Satisfaccion_Sanidad_Enlazado
2022-04-01,2022-Q2,CAT,SAL_SAT_enlazado,6.406578108990567,Trimestral,CIS_Satisfaccion_Sanidad_Enlazado
2022-07-01,2022-Q3,CAT,SAL_SAT_enlazado,6.229911517979051,Trimestral,CIS_Satisfaccion_Sanidad_Enlazado
2022-10-01,2022-Q4,CAT,SAL_SAT_enlazado,6.053244926967536,Trimestral,CIS_Satisfaccion_Sanidad_Enlazado
2023-01-01,2023-Q1,CAT,SAL_SAT_enlazado,6.083550839382876,Trimestral,CIS_Satisfaccion_Sanidad_Enlazado
2023-04-01,2023-Q2,CAT,SAL_SAT_enlazado,6.303084992072373,Trimestral,CIS_Satisfaccion_Sanidad_Enlazado
2023-07-01,2023-Q3,CAT,SAL_SAT_enlazado,6.522619144761871,Trimestral,CIS_Satisfaccion_Sanidad_Enlazado
2023-10-01,2023-Q4,CAT,SAL_SAT_enlazado,6.218156883538097,Trimestral,CIS_Satisfaccion_Sanidad_Enlazado
2024-01-01,2024-Q1,CAT,SAL_SAT_enlazado,6.2949324694067865,Trimestral,CIS_Satisfaccion_Sanidad_Enlazado
2024-04-01,2024-Q2,CAT,SAL_SAT_enlazado,6.371708055275476,Trimestral,CIS_Satisfaccion_Sanidad_Enlazado
2024-07-01,2024-Q3,CAT,SAL_SAT_enlazado,6.5690043753965535,Trimestral,CIS_Satisfaccion_Sanidad_Enlazado
2024-10-01,2024-Q4,CAT,SAL_SAT_enlazado,6.239853627668836,Trimestral,CIS_Satisfaccion_Sanidad_Enlazado
2025-01-01,2025-Q1,CAT,SAL_SAT_enlazado,6.2136554211655906,Trimestral,CIS_Satisfaccion_Sanidad_Enlazado
2025-04-01,2025-Q2,CAT,SAL_SAT_enlazado,6.187457214662345,Trimestral,CIS_Satisfaccion_Sanidad_Enlazado
2025-07-01,2025-Q3,CAT,SAL_SAT_enlazado,6.1134930711165145,Trimestral,CIS_Satisfaccion_Sanidad_Enlazado
2016-01-01,2016-Q1,CLM,SAL_SAT_enlazado,6.999999999999999,Trimestral,CIS_Satisfaccion_Sanidad_Enlazado
2016-04-01,2016-Q2,CLM,SAL_SAT_enlazado,6.985074626865671,Trimestral,CIS_Satisfaccion_Sanidad_Enlazado
2016-07-01,2016-Q3,CLM,SAL_SAT_enlazado,6.8638608428446,Trimestral,CIS_Satisfaccion_Sanidad_Enlazado
2016-10-01,2016-Q4,CLM,SAL_SAT_enlazado,6.742647058823529,Trimestral,CIS_Satisfaccion_Sanidad_Enlazado
2017-01-01,2017-Q1,CLM,SAL_SAT_enlazado,7.094202898550725,Trimestral,CIS_Satisfaccion_Sanidad_Enlazado
2017-04-01,2017-Q2,CLM,SAL_SAT_enlazado,7.102189781021898,Trimestral,CIS_Satisfaccion_Sanidad_Enlazado
2017-07-01,2017-Q3,CLM,SAL_SAT_enlazado,7.054718078916746,Trimestral,CIS_Satisfaccion_Sanidad_Enlazado
2017-10-01,2017-Q4,CLM,SAL_SAT_enlazado,7.007246376811594,Trimestral,CIS_Satisfaccion_Sanidad_Enlazado
2018-01-01,2018-Q1,CLM,SAL_SAT_enlazado,6.442028985507246,Trimestral,CIS_Satisfaccion_Sanidad_Enlazado
2018-04-01,2018-Q2,CLM,SAL_SAT_enlazado,6.738095238095239,Trimestral,CIS_Satisfaccion_Sanidad_Enlazado
2018-07-01,2018-Q3,CLM,SAL_SAT_enlazado,6.76113394998287,Trimestral,CIS_Satisfaccion_Sanidad_Enlazado
2018-10-01,2018-Q4,CLM,SAL_SAT_enlazado,6.784172661870501,Trimestral,CIS_Satisfaccion_Sanidad_Enlazado
2019-01-01,2019-Q1,CLM,SAL_SAT_enlazado,6.764349104657878,Trimestral,CIS_Satisfaccion_Sanidad_Enlazado
2019-04-01,2019-Q2,CLM,SAL_SAT_enlazado,6.744525547445255,Trimestral,CIS_Satisfaccion_Sanidad_Enlazado
2019-07-01,2019-Q3,CLM,SAL_SAT_enlazado,6.781021897810219,Trimestral,CIS_Satisfaccion_Sanidad_Enlazado
2019-10-01,2019-Q4,CLM,SAL_SAT_enlazado,6.817518248175183,Trimestral,CIS_Satisfaccion_Sanidad_Enlazado
2020-01-01,2020-Q1,CLM,SAL_SAT_enlazado,6.8145420231943055,Trimestral,CIS_Satisfaccion_Sanidad_Enlazado
2020-04-01,2020-Q2,CLM,SAL_SAT_enlazado,6.811565798213428,Trimestral,CIS_Satisfaccion_Sanidad_Enlazado
2020-07-01,2020-Q3,CLM,SAL_SAT_enlazado,6.808589573232551,Trimestral,CIS_Satisfaccion_Sanidad_Enlazado
2020-10-01,2020-Q4,CLM,SAL_SAT_enlazado,6.805613348251673,Trimestral,CIS_Satisfaccion_Sanidad_Enlazado
2021-01-01,2021-Q1,CLM,SAL_SAT_enlazado,6.802637123270795,Trimestral,CIS_Satisfaccion_Sanidad_Enlazado
2021-04-01,2021-Q2,CLM,SAL_SAT_enlazado,6.799660898289917,Trimestral,CIS_Satisfaccion_Sanidad_Enlazado
2021-07-01,2021-Q3,CLM,SAL_SAT_enlazado,6.7966846733090405,Trimestral,CIS_Satisfaccion_Sanidad_Enlazado
2021-10-01,2021-Q4,CLM,SAL_SAT_enlazado,6.793708448328163,Trimestral,CIS_Satisfaccion_Sanidad_Enlazado
2022-01-01,2022-Q1,CLM,SAL_SAT_enlazado,6.790732223347285,Trimestral,CIS_Satisfaccion_Sanidad_Enlazado
2022-04-01,2022-Q2,CLM,SAL_SAT_enlazado,6.12707414656238,Trimestral,CIS_Satisfaccion_Sanidad_Enlazado
2022-07-01,2022-Q3,CLM,SAL_SAT_enlazado,6.03543046344458,Trimestral,CIS_Satisfaccion_Sanidad_Enlazado
2022-10-01,2022-Q4,CLM,SAL_SAT_enlazado,5.943786780326779,Trimestral,CIS_Satisfaccion_Sanidad_Enlazado
2023-01-01,2023-Q1,CLM,SAL_SAT_enlazado,6.072463231497933,Trimestral,CIS_Satisfaccion_Sanidad_Enlazado
2023-04-01,2023-Q2,CLM,SAL_SAT_enlazado,6.361246004406324,Trimestral,CIS_Satisfaccion_Sanidad_Enlazado
2023-07-01,2023-Q3,CLM,SAL_SAT_enlazado,6.650028777314715,Trimestral,CIS_Satisfaccion_Sanidad_Enlazado
2023-10-01,2023-Q4,CLM,SAL_SAT_enlazado,6.476521759510886,Trimestral,CIS_Satisfaccion_Sanidad_Enlazado
2024-01-01,2024-Q1,CLM,SAL_SAT_enlazado,6.605920644329328,Trimestral,CIS_Satisfaccion_Sanidad_Enlazado
2024-04-01,2024-Q2,CLM,SAL_SAT_enlazado,6.73531952914777,Trimestral,CIS_Satisfaccion_Sanidad_Enlazado
2024-07-01,2024-Q3,CLM,SAL_SAT_enlazado,7.071416966274135,Trimestral,CIS_Satisfaccion_Sanidad_Enlazado
2024-10-01,2024-Q4,CLM,SAL_SAT_enlazado,6.189458203910736,Trimestral,CIS_Satisfaccion_Sanidad_Enlazado
2025-01-01,2025-Q1,CLM,SAL_SAT_enlazado,6.364636358206258,Trimestral,CIS_Satisfaccion_Sanidad_Enlazado
2025-04-01,2025-Q2,CLM,SAL_SAT_enlazado,6.53981451250178,Trimestral,CIS_Satisfaccion_Sanidad_Enlazado
2025-07-01,2025-Q3,CLM,SAL_SAT_enlazado,6.312358605715903,Trimestral,CIS_Satisfaccion_Sanidad_Enlazado
2016-01-01,2016-Q1,CYL,SAL_SAT_enlazado,6.582677165354328,Trimestral,CIS_Satisfaccion_Sanidad_Enlazado
2016-04-01,2016-Q2,CYL,SAL_SAT_enlazado,6.385826771653545,Trimestral,CIS_Satisfaccion_Sanidad_Enlazado
2016-07-01,2016-Q3,CYL,SAL_SAT_enlazado,6.216535433070868,Trimestral,CIS_Satisfaccion_Sanidad_Enlazado
2016-10-01,2016-Q4,CYL,SAL_SAT_enlazado,6.047244094488191,Trimestral,CIS_Satisfaccion_Sanidad_Enlazado
2017-01-01,2017-Q1,CYL,SAL_SAT_enlazado,6.508064516129035,Trimestral,CIS_Satisfaccion_Sanidad_Enlazado
2017-04-01,2017-Q2,CYL,SAL_SAT_enlazado,6.401574803149609,Trimestral,CIS_Satisfaccion_Sanidad_Enlazado
2017-07-01,2017-Q3,CYL,SAL_SAT_enlazado,6.7164124015748055,Trimestral,CIS_Satisfaccion_Sanidad_Enlazado
2017-10-01,2017-Q4,CYL,SAL_SAT_enlazado,7.031250000000003,Trimestral,CIS_Satisfaccion_Sanidad_Enlazado
2018-01-01,2018-Q1,CYL,SAL_SAT_enlazado,6.868852459016392,Trimestral,CIS_Satisfaccion_Sanidad_Enlazado
2018-04-01,2018-Q2,CYL,SAL_SAT_enlazado,6.772357338012058,Trimestral,CIS_Satisfaccion_Sanidad_Enlazado
2018-07-01,2018-Q3,CYL,SAL_SAT_enlazado,6.601625823477575,Trimestral,CIS_Satisfaccion_Sanidad_Enlazado
2018-10-01,2018-Q4,CYL,SAL_SAT_enlazado,6.430894308943093,Trimestral,CIS_Satisfaccion_Sanidad_Enlazado
2019-01-01,2019-Q1,CYL,SAL_SAT_enlazado,6.679156831890902,Trimestral,CIS_Satisfaccion_Sanidad_Enlazado
2019-04-01,2019-Q2,CYL,SAL_SAT_enlazado,6.927419354838711,Trimestral,CIS_Satisfaccion_Sanidad_Enlazado
2019-07-01,2019-Q3,CYL,SAL_SAT_enlazado,6.867709677419356,Trimestral,CIS_Satisfaccion_Sanidad_Enlazado
2019-10-01,2019-Q4,CYL,SAL_SAT_enlazado,6.808,Trimestral,CIS_Satisfaccion_Sanidad_Enlazado
2020-01-01,2020-Q1,CYL,SAL_SAT_enlazado,6.763027535450851,Trimestral,CIS_Satisfaccion_Sanidad_Enlazado
2020-04-01,2020-Q2,CYL,SAL_SAT_enlazado,6.718055070901702,Trimestral,CIS_Satisfaccion_Sanidad_Enlazado
2020-07-01,2020-Q3,CYL,SAL_SAT_enlazado,6.673082606352553,Trimestral,CIS_Satisfaccion_Sanidad_Enlazado
2020-10-01,2020-Q4,CYL,SAL_SAT_enlazado,6.628110141803404,Trimestral,CIS_Satisfaccion_Sanidad_Enlazado
2021-01-01,2021-Q1,CYL,SAL_SAT_enlazado,6.583137677254256,Trimestral,CIS_Satisfaccion_Sanidad_Enlazado
2021-04-01,2021-Q2,CYL,SAL_SAT_enlazado,6.538165212705107,Trimestral,CIS_Satisfaccion_Sanidad_Enlazado
2021-07-01,2021-Q3,CYL,SAL_SAT_enlazado,6.493192748155958,Trimestral,CIS_Satisfaccion_Sanidad_Enlazado
2021-10-01,2021-Q4,CYL,SAL_SAT_enlazado,6.448220283606809,Trimestral,CIS_Satisfaccion_Sanidad_Enlazado
2022-01-01,2022-Q1,CYL,SAL_SAT_enlazado,6.40324781905766,Trimestral,CIS_Satisfaccion_Sanidad_Enlazado
2022-04-01,2022-Q2,CYL,SAL_SAT_enlazado,6.252365352368915,Trimestral,CIS_Satisfaccion_Sanidad_Enlazado
2022-07-01,2022-Q3,CYL,SAL_SAT_enlazado,6.0964644921079945,Trimestral,CIS_Satisfaccion_Sanidad_Enlazado
2022-10-01,2022-Q4,CYL,SAL_SAT_enlazado,5.940563631847073,Trimestral,CIS_Satisfaccion_Sanidad_Enlazado
2023-01-01,2023-Q1,CYL,SAL_SAT_enlazado,6.413201903947924,Trimestral,CIS_Satisfaccion_Sanidad_Enlazado
2023-04-01,2023-Q2,CYL,SAL_SAT_enlazado,6.356876010335531,Trimestral,CIS_Satisfaccion_Sanidad_Enlazado
2023-07-01,2023-Q3,CYL,SAL_SAT_enlazado,6.300550116723137,Trimestral,CIS_Satisfaccion_Sanidad_Enlazado
2023-10-01,2023-Q4,CYL,SAL_SAT_enlazado,6.10770493866004,Trimestral,CIS_Satisfaccion_Sanidad_Enlazado
2024-01-01,2024-Q1,CYL,SAL_SAT_enlazado,6.161725445876952,Trimestral,CIS_Satisfaccion_Sanidad_Enlazado
2024-04-01,2024-Q2,CYL,SAL_SAT_enlazado,6.215745953093863,Trimestral,CIS_Satisfaccion_Sanidad_Enlazado
2024-07-01,2024-Q3,CYL,SAL_SAT_enlazado,6.161409809143007,Trimestral,CIS_Satisfaccion_Sanidad_Enlazado
2024-10-01,2024-Q4,CYL,SAL_SAT_enlazado,5.743853345261513,Trimestral,CIS_Satisfaccion_Sanidad_Enlazado
2025-01-01,2025-Q1,CYL,SAL_SAT_enlazado,5.830426108376317,Trimestral,CIS_Satisfaccion_Sanidad_Enlazado
2025-04-01,2025-Q2,CYL,SAL_SAT_enlazado,5.9169988714911215,Trimestral,CIS_Satisfaccion_Sanidad_Enlazado
2025-07-01,2025-Q3,CYL,SAL_SAT_enlazado,6.324520346365205,Trimestral,CIS_Satisfaccion_Sanidad_Enlazado
2016-01-01,2016-Q1,ESP,SAL_SAT_enlazado,6.556272909646884,Trimestral,CIS_Satisfaccion_Sanidad_Enlazado
2016-04-01,2016-Q2,ESP,SAL_SAT_enlazado,6.580123106311438,Trimestral,CIS_Satisfaccion_Sanidad_Enlazado
2016-07-01,2016-Q3,ESP,SAL_SAT_enlazado,6.552960753910761,Trimestral,CIS_Satisfaccion_Sanidad_Enlazado
2016-10-01,2016-Q4,ESP,SAL_SAT_enlazado,6.525798401510084,Trimestral,CIS_Satisfaccion_Sanidad_Enlazado
2017-01-01,2017-Q1,ESP,SAL_SAT_enlazado,6.651775671957056,Trimestral,CIS_Satisfaccion_Sanidad_Enlazado
2017-04-01,2017-Q2,ESP,SAL_SAT_enlazado,6.629578788505113,Trimestral,CIS_Satisfaccion_Sanidad_Enlazado
2017-07-01,2017-Q3,ESP,SAL_SAT_enlazado,6.6908584996191305,Trimestral,CIS_Satisfaccion_Sanidad_Enlazado
2017-10-01,2017-Q4,ESP,SAL_SAT_enlazado,6.752138210733147,Trimestral,CIS_Satisfaccion_Sanidad_Enlazado
2018-01-01,2018-Q1,ESP,SAL_SAT_enlazado,6.569554594540151,Trimestral,CIS_Satisfaccion_Sanidad_Enlazado
2018-04-01,2018-Q2,ESP,SAL_SAT_enlazado,6.502330679398674,Trimestral,CIS_Satisfaccion_Sanidad_Enlazado
2018-07-01,2018-Q3,ESP,SAL_SAT_enlazado,6.5763458149091605,Trimestral,CIS_Satisfaccion_Sanidad_Enlazado
2018-10-01,2018-Q4,ESP,SAL_SAT_enlazado,6.650360950419647,Trimestral,CIS_Satisfaccion_Sanidad_Enlazado
2019-01-01,2019-Q1,ESP,SAL_SAT_enlazado,6.673701922926439,Trimestral,CIS_Satisfaccion_Sanidad_Enlazado
2019-04-01,2019-Q2,ESP,SAL_SAT_enlazado,6.69704289543323,Trimestral,CIS_Satisfaccion_Sanidad_Enlazado
2019-07-01,2019-Q3,ESP,SAL_SAT_enlazado,6.717912901424765,Trimestral,CIS_Satisfaccion_Sanidad_Enlazado
2019-10-01,2019-Q4,ESP,SAL_SAT_enlazado,6.7387829074163,Trimestral,CIS_Satisfaccion_Sanidad_Enlazado
2020-01-01,2020-Q1,ESP,SAL_SAT_enlazado,6.7077827532629595,Trimestral,CIS_Satisfaccion_Sanidad_Enlazado
2020-04-01,2020-Q2,ESP,SAL_SAT_enlazado,6.676782599109618,Trimestral,CIS_Satisfaccion_Sanidad_Enlazado
2020-07-01,2020-Q3,ESP,SAL_SAT_enlazado,6.645782444956278,Trimestral,CIS_Satisfaccion_Sanidad_Enlazado
2020-10-01,2020-Q4,ESP,SAL_SAT_enlazado,6.614782290802936,Trimestral,CIS_Satisfaccion_Sanidad_Enlazado
2021-01-01,2021-Q1,ESP,SAL_SAT_enlazado,6.583782136649596,Trimestral,CIS_Satisfaccion_Sanidad_Enlazado
2021-04-01,2021-Q2,ESP,SAL_SAT_enlazado,6.5527819824962545,Trimestral,CIS_Satisfaccion_Sanidad_Enlazado
2021-07-01,2021-Q3,ESP,SAL_SAT_enlazado,6.521781828342914,Trimestral,CIS_Satisfaccion_Sanidad_Enlazado
2021-10-01,2021-Q4,ESP,SAL_SAT_enlazado,6.490781674189573,Trimestral,CIS_Satisfaccion_Sanidad_Enlazado
2022-01-01,2022-Q1,ESP,SAL_SAT_enlazado,6.459781520036232,Trimestral,CIS_Satisfaccion_Sanidad_Enlazado
2022-04-01,2022-Q2,ESP,SAL_SAT_enlazado,6.286905482314153,Trimestral,CIS_Satisfaccion_Sanidad_Enlazado
2022-07-01,2022-Q3,ESP,SAL_SAT_enlazado,6.163195613096785,Trimestral,CIS_Satisfaccion_Sanidad_Enlazado
2022-10-01,2022-Q4,ESP,SAL_SAT_enlazado,6.039485743879417,Trimestral,CIS_Satisfaccion_Sanidad_Enlazado
2023-01-01,2023-Q1,ESP,SAL_SAT_enlazado,6.143132381735941,Trimestral,CIS_Satisfaccion_Sanidad_Enlazado
2023-04-01,2023-Q2,ESP,SAL_SAT_enlazado,6.281095368525358,Trimestral,CIS_Satisfaccion_Sanidad_Enlazado
2023-07-01,2023-Q3,ESP,SAL_SAT_enlazado,6.419058355314776,Trimestral,CIS_Satisfaccion_Sanidad_Enlazado
2023-10-01,2023-Q4,ESP,SAL_SAT_enlazado,6.244706158126,Trimestral,CIS_Satisfaccion_Sanidad_Enlazado
2024-01-01,2024-Q1,ESP,SAL_SAT_enlazado,6.252874185402993,Trimestral,CIS_Satisfaccion_Sanidad_Enlazado
2024-04-01,2024-Q2,ESP,SAL_SAT_enlazado,6.2610422126799845,Trimestral,CIS_Satisfaccion_Sanidad_Enlazado
2024-07-01,2024-Q3,ESP,SAL_SAT_enlazado,6.351846345650648,Trimestral,CIS_Satisfaccion_Sanidad_Enlazado
2024-10-01,2024-Q4,ESP,SAL_SAT_enlazado,6.214134436839843,Trimestral,CIS_Satisfaccion_Sanidad_Enlazado
2025-01-01,2025-Q1,ESP,SAL_SAT_enlazado,6.1802744729078505,Trimestral,CIS_Satisfaccion_Sanidad_Enlazado
2025-04-01,2025-Q2,ESP,SAL_SAT_enlazado,6.146414508975857,Trimestral,CIS_Satisfaccion_Sanidad_Enlazado
2025-07-01,2025-Q3,ESP,SAL_SAT_enlazado,6.02232705891388,Trimestral,CIS_Satisfaccion_Sanidad_Enlazado
2016-01-01,2016-Q1,EXT,SAL_SAT_enlazado,6.4949494949494975,Trimestral,CIS_Satisfaccion_Sanidad_Enlazado
2016-04-01,2016-Q2,EXT,SAL_SAT_enlazado,6.728971962616821,Trimestral,CIS_Satisfaccion_Sanidad_Enlazado
2016-07-01,2016-Q3,EXT,SAL_SAT_enlazado,6.523364485981308,Trimestral,CIS_Satisfaccion_Sanidad_Enlazado
2016-10-01,2016-Q4,EXT,SAL_SAT_enlazado,6.317757009345795,Trimestral,CIS_Satisfaccion_Sanidad_Enlazado
2017-01-01,2017-Q1,EXT,SAL_SAT_enlazado,6.390476190476189,Trimestral,CIS_Satisfaccion_Sanidad_Enlazado
2017-04-01,2017-Q2,EXT,SAL_SAT_enlazado,6.564356435643565,Trimestral,CIS_Satisfaccion_Sanidad_Enlazado
2017-07-01,2017-Q3,EXT,SAL_SAT_enlazado,6.712084759877858,Trimestral,CIS_Satisfaccion_Sanidad_Enlazado
2017-10-01,2017-Q4,EXT,SAL_SAT_enlazado,6.859813084112152,Trimestral,CIS_Satisfaccion_Sanidad_Enlazado
2018-01-01,2018-Q1,EXT,SAL_SAT_enlazado,6.49514563106796,Trimestral,CIS_Satisfaccion_Sanidad_Enlazado
2018-04-01,2018-Q2,EXT,SAL_SAT_enlazado,6.6168224299065415,Trimestral,CIS_Satisfaccion_Sanidad_Enlazado
2018-07-01,2018-Q3,EXT,SAL_SAT_enlazado,6.65937275341481,Trimestral,CIS_Satisfaccion_Sanidad_Enlazado
2018-10-01,2018-Q4,EXT,SAL_SAT_enlazado,6.701923076923078,Trimestral,CIS_Satisfaccion_Sanidad_Enlazado
2019-01-01,2019-Q1,EXT,SAL_SAT_enlazado,6.696755930984903,Trimestral,CIS_Satisfaccion_Sanidad_Enlazado
2019-04-01,2019-Q2,EXT,SAL_SAT_enlazado,6.691588785046728,Trimestral,CIS_Satisfaccion_Sanidad_Enlazado
2019-07-01,2019-Q3,EXT,SAL_SAT_enlazado,6.560747663551402,Trimestral,CIS_Satisfaccion_Sanidad_Enlazado
2019-10-01,2019-Q4,EXT,SAL_SAT_enlazado,6.429906542056076,Trimestral,CIS_Satisfaccion_Sanidad_Enlazado
2020-01-01,2020-Q1,EXT,SAL_SAT_enlazado,6.411902357006542,Trimestral,CIS_Satisfaccion_Sanidad_Enlazado
2020-04-01,2020-Q2,EXT,SAL_SAT_enlazado,6.393898171957008,Trimestral,CIS_Satisfaccion_Sanidad_Enlazado
2020-07-01,2020-Q3,EXT,SAL_SAT_enlazado,6.3758939869074736,Trimestral,CIS_Satisfaccion_Sanidad_Enlazado
2020-10-01,2020-Q4,EXT,SAL_SAT_enlazado,6.357889801857939,Trimestral,CIS_Satisfaccion_Sanidad_Enlazado
2021-01-01,2021-Q1,EXT,SAL_SAT_enlazado,6.339885616808405,Trimestral,CIS_Satisfaccion_Sanidad_Enlazado
2021-04-01,2021-Q2,EXT,SAL_SAT_enlazado,6.321881431758871,Trimestral,CIS_Satisfaccion_Sanidad_Enlazado
2021-07-01,2021-Q3,EXT,SAL_SAT_enlazado,6.3038772467093365,Trimestral,CIS_Satisfaccion_Sanidad_Enlazado
2021-10-01,2021-Q4,EXT,SAL_SAT_enlazado,6.285873061659802,Trimestral,CIS_Satisfaccion_Sanidad_Enlazado
2022-01-01,2022-Q1,EXT,SAL_SAT_enlazado,6.267868876610268,Trimestral,CIS_Satisfaccion_Sanidad_Enlazado
2022-04-01,2022-Q2,EXT,SAL_SAT_enlazado,6.170820154642328,Trimestral,CIS_Satisfaccion_Sanidad_Enlazado
2022-07-01,2022-Q3,EXT,SAL_SAT_enlazado,6.09069072784998,Trimestral,CIS_Satisfaccion_Sanidad_Enlazado
2022-10-01,2022-Q4,EXT,SAL_SAT_enlazado,6.010561301057632,Trimestral,CIS_Satisfaccion_Sanidad_Enlazado
2023-01-01,2023-Q1,EXT,SAL_SAT_enlazado,6.065130470352997,Trimestral,CIS_Satisfaccion_Sanidad_Enlazado
2023-04-01,2023-Q2,EXT,SAL_SAT_enlazado,6.248236437186259,Trimestral,CIS_Satisfaccion_Sanidad_Enlazado
2023-07-01,2023-Q3,EXT,SAL_SAT_enlazado,6.431342404019521,Trimestral,CIS_Satisfaccion_Sanidad_Enlazado
2023-10-01,2023-Q4,EXT,SAL_SAT_enlazado,6.163737075863878,Trimestral,CIS_Satisfaccion_Sanidad_Enlazado
2024-01-01,2024-Q1,EXT,SAL_SAT_enlazado,6.196334486249384,Trimestral,CIS_Satisfaccion_Sanidad_Enlazado
2024-04-01,2024-Q2,EXT,SAL_SAT_enlazado,6.228931896634891,Trimestral,CIS_Satisfaccion_Sanidad_Enlazado
2024-07-01,2024-Q3,EXT,SAL_SAT_enlazado,6.283614839779098,Trimestral,CIS_Satisfaccion_Sanidad_Enlazado
2024-10-01,2024-Q4,EXT,SAL_SAT_enlazado,6.587397034514762,Trimestral,CIS_Satisfaccion_Sanidad_Enlazado
2025-01-01,2025-Q1,EXT,SAL_SAT_enlazado,6.658742208298397,Trimestral,CIS_Satisfaccion_Sanidad_Enlazado
2025-04-01,2025-Q2,EXT,SAL_SAT_enlazado,6.730087382082034,Trimestral,CIS_Satisfaccion_Sanidad_Enlazado
2025-07-01,2025-Q3,EXT,SAL_SAT_enlazado,6.166637000864249,Trimestral,CIS_Satisfaccion_Sanidad_Enlazado
2016-01-01,2016-Q1,GAL,SAL_SAT_enlazado,6.006896551724137,Trimestral,CIS_Satisfaccion_Sanidad_Enlazado
2016-04-01,2016-Q2,GAL,SAL_SAT_enlazado,6.689655172413794,Trimestral,CIS_Satisfaccion_Sanidad_Enlazado
2016-07-01,2016-Q3,GAL,SAL_SAT_enlazado,6.522909777987719,Trimestral,CIS_Satisfaccion_Sanidad_Enlazado
2016-10-01,2016-Q4,GAL,SAL_SAT_enlazado,6.356164383561645,Trimestral,CIS_Satisfaccion_Sanidad_Enlazado
2017-01-01,2017-Q1,GAL,SAL_SAT_enlazado,6.475524475524476,Trimestral,CIS_Satisfaccion_Sanidad_Enlazado
2017-04-01,2017-Q2,GAL,SAL_SAT_enlazado,6.597222222222222,Trimestral,CIS_Satisfaccion_Sanidad_Enlazado
2017-07-01,2017-Q3,GAL,SAL_SAT_enlazado,6.495162835249042,Trimestral,CIS_Satisfaccion_Sanidad_Enlazado
2017-10-01,2017-Q4,GAL,SAL_SAT_enlazado,6.393103448275861,Trimestral,CIS_Satisfaccion_Sanidad_Enlazado
2018-01-01,2018-Q1,GAL,SAL_SAT_enlazado,6.286713286713288,Trimestral,CIS_Satisfaccion_Sanidad_Enlazado
2018-04-01,2018-Q2,GAL,SAL_SAT_enlazado,6.351724137931033,Trimestral,CIS_Satisfaccion_Sanidad_Enlazado
2018-07-01,2018-Q3,GAL,SAL_SAT_enlazado,6.505723180076628,Trimestral,CIS_Satisfaccion_Sanidad_Enlazado
2018-10-01,2018-Q4,GAL,SAL_SAT_enlazado,6.659722222222223,Trimestral,CIS_Satisfaccion_Sanidad_Enlazado
2019-01-01,2019-Q1,GAL,SAL_SAT_enlazado,6.736111111111111,Trimestral,CIS_Satisfaccion_Sanidad_Enlazado
2019-04-01,2019-Q2,GAL,SAL_SAT_enlazado,6.812499999999998,Trimestral,CIS_Satisfaccion_Sanidad_Enlazado
2019-07-01,2019-Q3,GAL,SAL_SAT_enlazado,6.820043103448275,Trimestral,CIS_Satisfaccion_Sanidad_Enlazado
2019-10-01,2019-Q4,GAL,SAL_SAT_enlazado,6.827586206896552,Trimestral,CIS_Satisfaccion_Sanidad_Enlazado
2020-01-01,2020-Q1,GAL,SAL_SAT_enlazado,6.8300231879031035,Trimestral,CIS_Satisfaccion_Sanidad_Enlazado
2020-04-01,2020-Q2,GAL,SAL_SAT_enlazado,6.8324601689096545,Trimestral,CIS_Satisfaccion_Sanidad_Enlazado
2020-07-01,2020-Q3,GAL,SAL_SAT_enlazado,6.834897149916206,Trimestral,CIS_Satisfaccion_Sanidad_Enlazado
2020-10-01,2020-Q4,GAL,SAL_SAT_enlazado,6.837334130922757,Trimestral,CIS_Satisfaccion_Sanidad_Enlazado
2021-01-01,2021-Q1,GAL,SAL_SAT_enlazado,6.839771111929309,Trimestral,CIS_Satisfaccion_Sanidad_Enlazado
2021-04-01,2021-Q2,GAL,SAL_SAT_enlazado,6.84220809293586,Trimestral,CIS_Satisfaccion_Sanidad_Enlazado
2021-07-01,2021-Q3,GAL,SAL_SAT_enlazado,6.844645073942412,Trimestral,CIS_Satisfaccion_Sanidad_Enlazado
2021-10-01,2021-Q4,GAL,SAL_SAT_enlazado,6.847082054948963,Trimestral,CIS_Satisfaccion_Sanidad_Enlazado
2022-01-01,2022-Q1,GAL,SAL_SAT_enlazado,6.849519035955515,Trimestral,CIS_Satisfaccion_Sanidad_Enlazado
2022-04-01,2022-Q2,GAL,SAL_SAT_enlazado,6.246070384494004,Trimestral,CIS_Satisfaccion_Sanidad_Enlazado
2022-07-01,2022-Q3,GAL,SAL_SAT_enlazado,6.3137817687064,Trimestral,CIS_Satisfaccion_Sanidad_Enlazado
2022-10-01,2022-Q4,GAL,SAL_SAT_enlazado,6.381493152918797,Trimestral,CIS_Satisfaccion_Sanidad_Enlazado
2023-01-01,2023-Q1,GAL,SAL_SAT_enlazado,6.301330869008046,Trimestral,CIS_Satisfaccion_Sanidad_Enlazado
2023-04-01,2023-Q2,GAL,SAL_SAT_enlazado,6.319240683828587,Trimestral,CIS_Satisfaccion_Sanidad_Enlazado
2023-07-01,2023-Q3,GAL,SAL_SAT_enlazado,6.337150498649129,Trimestral,CIS_Satisfaccion_Sanidad_Enlazado
2023-10-01,2023-Q4,GAL,SAL_SAT_enlazado,6.100853816104916,Trimestral,CIS_Satisfaccion_Sanidad_Enlazado
2024-01-01,2024-Q1,GAL,SAL_SAT_enlazado,6.22384054400718,Trimestral,CIS_Satisfaccion_Sanidad_Enlazado
2024-04-01,2024-Q2,GAL,SAL_SAT_enlazado,6.3468272719094445,Trimestral,CIS_Satisfaccion_Sanidad_Enlazado
2024-07-01,2024-Q3,GAL,SAL_SAT_enlazado,6.3388247012983125,Trimestral,CIS_Satisfaccion_Sanidad_Enlazado
2024-10-01,2024-Q4,GAL,SAL_SAT_enlazado,6.416928368673332,Trimestral,CIS_Satisfaccion_Sanidad_Enlazado
2025-01-01,2025-Q1,GAL,SAL_SAT_enlazado,6.442178430073204,Trimestral,CIS_Satisfaccion_Sanidad_Enlazado
2025-04-01,2025-Q2,GAL,SAL_SAT_enlazado,6.467428491473076,Trimestral,CIS_Satisfaccion_Sanidad_Enlazado
2025-07-01,2025-Q3,GAL,SAL_SAT_enlazado,6.324914505601882,Trimestral,CIS_Satisfaccion_Sanidad_Enlazado
2016-01-01,2016-Q1,MAD,SAL_SAT_enlazado,6.745454545454547,Trimestral,CIS_Satisfaccion_Sanidad_Enlazado
2016-04-01,2016-Q2,MAD,SAL_SAT_enlazado,6.6863636363636365,Trimestral,CIS_Satisfaccion_Sanidad_Enlazado
2016-07-01,2016-Q3,MAD,SAL_SAT_enlazado,6.727272727272727,Trimestral,CIS_Satisfaccion_Sanidad_Enlazado
2016-10-01,2016-Q4,MAD,SAL_SAT_enlazado,6.768181818181817,Trimestral,CIS_Satisfaccion_Sanidad_Enlazado
2017-01-01,2017-Q1,MAD,SAL_SAT_enlazado,6.910714285714286,Trimestral,CIS_Satisfaccion_Sanidad_Enlazado
2017-04-01,2017-Q2,MAD,SAL_SAT_enlazado,6.7142857142857135,Trimestral,CIS_Satisfaccion_Sanidad_Enlazado
2017-07-01,2017-Q3,MAD,SAL_SAT_enlazado,6.774193548387095,Trimestral,CIS_Satisfaccion_Sanidad_Enlazado
2017-10-01,2017-Q4,MAD,SAL_SAT_enlazado,6.834101382488477,Trimestral,CIS_Satisfaccion_Sanidad_Enlazado
2018-01-01,2018-Q1,MAD,SAL_SAT_enlazado,6.6772727272727295,Trimestral,CIS_Satisfaccion_Sanidad_Enlazado
2018-04-01,2018-Q2,MAD,SAL_SAT_enlazado,6.60294117647059,Trimestral,CIS_Satisfaccion_Sanidad_Enlazado
2018-07-01,2018-Q3,MAD,SAL_SAT_enlazado,6.867081447963801,Trimestral,CIS_Satisfaccion_Sanidad_Enlazado
2018-10-01,2018-Q4,MAD,SAL_SAT_enlazado,7.131221719457012,Trimestral,CIS_Satisfaccion_Sanidad_Enlazado
2019-01-01,2019-Q1,MAD,SAL_SAT_enlazado,7.0724290415466875,Trimestral,CIS_Satisfaccion_Sanidad_Enlazado
2019-04-01,2019-Q2,MAD,SAL_SAT_enlazado,7.013636363636363,Trimestral,CIS_Satisfaccion_Sanidad_Enlazado
2019-07-01,2019-Q3,MAD,SAL_SAT_enlazado,7.060629841011005,Trimestral,CIS_Satisfaccion_Sanidad_Enlazado
2019-10-01,2019-Q4,MAD,SAL_SAT_enlazado,7.107623318385649,Trimestral,CIS_Satisfaccion_Sanidad_Enlazado
2020-01-01,2020-Q1,MAD,SAL_SAT_enlazado,7.040331926462923,Trimestral,CIS_Satisfaccion_Sanidad_Enlazado
2020-04-01,2020-Q2,MAD,SAL_SAT_enlazado,6.973040534540198,Trimestral,CIS_Satisfaccion_Sanidad_Enlazado
2020-07-01,2020-Q3,MAD,SAL_SAT_enlazado,6.9057491426174735,Trimestral,CIS_Satisfaccion_Sanidad_Enlazado
2020-10-01,2020-Q4,MAD,SAL_SAT_enlazado,6.838457750694748,Trimestral,CIS_Satisfaccion_Sanidad_Enlazado
2021-01-01,2021-Q1,MAD,SAL_SAT_enlazado,6.771166358772023,Trimestral,CIS_Satisfaccion_Sanidad_Enlazado
2021-04-01,2021-Q2,MAD,SAL_SAT_enlazado,6.703874966849297,Trimestral,CIS_Satisfaccion_Sanidad_Enlazado
2021-07-01,2021-Q3,MAD,SAL_SAT_enlazado,6.636583574926572,Trimestral,CIS_Satisfaccion_Sanidad_Enlazado
2021-10-01,2021-Q4,MAD,SAL_SAT_enlazado,6.5692921830038475,Trimestral,CIS_Satisfaccion_Sanidad_Enlazado
2022-01-01,2022-Q1,MAD,SAL_SAT_enlazado,6.502000791081122,Trimestral,CIS_Satisfaccion_Sanidad_Enlazado
2022-04-01,2022-Q2,MAD,SAL_SAT_enlazado,6.312618736140465,Trimestral,CIS_Satisfaccion_Sanidad_Enlazado
2022-07-01,2022-Q3,MAD,SAL_SAT_enlazado,6.127875526639258,Trimestral,CIS_Satisfaccion_Sanidad_Enlazado
2022-10-01,2022-Q4,MAD,SAL_SAT_enlazado,5.94313231713805,Trimestral,CIS_Satisfaccion_Sanidad_Enlazado
2023-01-01,2023-Q1,MAD,SAL_SAT_enlazado,6.19962415414274,Trimestral,CIS_Satisfaccion_Sanidad_Enlazado
2023-04-01,2023-Q2,MAD,SAL_SAT_enlazado,6.38676649789522,Trimestral,CIS_Satisfaccion_Sanidad_Enlazado
2023-07-01,2023-Q3,MAD,SAL_SAT_enlazado,6.5739088416477,Trimestral,CIS_Satisfaccion_Sanidad_Enlazado
2023-10-01,2023-Q4,MAD,SAL_SAT_enlazado,6.410948735592698,Trimestral,CIS_Satisfaccion_Sanidad_Enlazado
2024-01-01,2024-Q1,MAD,SAL_SAT_enlazado,6.305370226775153,Trimestral,CIS_Satisfaccion_Sanidad_Enlazado
2024-04-01,2024-Q2,MAD,SAL_SAT_enlazado,6.199791717957609,Trimestral,CIS_Satisfaccion_Sanidad_Enlazado
2024-07-01,2024-Q3,MAD,SAL_SAT_enlazado,6.5079195494218105,Trimestral,CIS_Satisfaccion_Sanidad_Enlazado
2024-10-01,2024-Q4,MAD,SAL_SAT_enlazado,6.40000286341278,Trimestral,CIS_Satisfaccion_Sanidad_Enlazado
2025-01-01,2025-Q1,MAD,SAL_SAT_enlazado,6.424579975355265,Trimestral,CIS_Satisfaccion_Sanidad_Enlazado
2025-04-01,2025-Q2,MAD,SAL_SAT_enlazado,6.449157087297748,Trimestral,CIS_Satisfaccion_Sanidad_Enlazado
2025-07-01,2025-Q3,MAD,SAL_SAT_enlazado,6.172628212110137,Trimestral,CIS_Satisfaccion_Sanidad_Enlazado
2016-01-01,2016-Q1,MUR,SAL_SAT_enlazado,6.9115044247787605,Trimestral,CIS_Satisfaccion_Sanidad_Enlazado
2016-04-01,2016-Q2,MUR,SAL_SAT_enlazado,7.175438596491229,Trimestral,CIS_Satisfaccion_Sanidad_Enlazado
2016-07-01,2016-Q3,MUR,SAL_SAT_enlazado,6.916423001949318,Trimestral,CIS_Satisfaccion_Sanidad_Enlazado
2016-10-01,2016-Q4,MUR,SAL_SAT_enlazado,6.657407407407407,Trimestral,CIS_Satisfaccion_Sanidad_Enlazado
2017-01-01,2017-Q1,MUR,SAL_SAT_enlazado,7.176991150442476,Trimestral,CIS_Satisfaccion_Sanidad_Enlazado
2017-04-01,2017-Q2,MUR,SAL_SAT_enlazado,6.972972972972976,Trimestral,CIS_Satisfaccion_Sanidad_Enlazado
2017-07-01,2017-Q3,MUR,SAL_SAT_enlazado,7.06684362934363,Trimestral,CIS_Satisfaccion_Sanidad_Enlazado
2017-10-01,2017-Q4,MUR,SAL_SAT_enlazado,7.160714285714285,Trimestral,CIS_Satisfaccion_Sanidad_Enlazado
2018-01-01,2018-Q1,MUR,SAL_SAT_enlazado,6.833333333333332,Trimestral,CIS_Satisfaccion_Sanidad_Enlazado
2018-04-01,2018-Q2,MUR,SAL_SAT_enlazado,7.028846153846153,Trimestral,CIS_Satisfaccion_Sanidad_Enlazado
2018-07-01,2018-Q3,MUR,SAL_SAT_enlazado,6.779729199372056,Trimestral,CIS_Satisfaccion_Sanidad_Enlazado
2018-10-01,2018-Q4,MUR,SAL_SAT_enlazado,6.530612244897959,Trimestral,CIS_Satisfaccion_Sanidad_Enlazado
2019-01-01,2019-Q1,MUR,SAL_SAT_enlazado,6.478942486085344,Trimestral,CIS_Satisfaccion_Sanidad_Enlazado
2019-04-01,2019-Q2,MUR,SAL_SAT_enlazado,6.42727272727273,Trimestral,CIS_Satisfaccion_Sanidad_Enlazado
2019-07-01,2019-Q3,MUR,SAL_SAT_enlazado,6.527272727272727,Trimestral,CIS_Satisfaccion_Sanidad_Enlazado
2019-10-01,2019-Q4,MUR,SAL_SAT_enlazado,6.627272727272725,Trimestral,CIS_Satisfaccion_Sanidad_Enlazado
2020-01-01,2020-Q1,MUR,SAL_SAT_enlazado,6.615617427610359,Trimestral,CIS_Satisfaccion_Sanidad_Enlazado
2020-04-01,2020-Q2,MUR,SAL_SAT_enlazado,6.603962127947993,Trimestral,CIS_Satisfaccion_Sanidad_Enlazado
2020-07-01,2020-Q3,MUR,SAL_SAT_enlazado,6.592306828285626,Trimestral,CIS_Satisfaccion_Sanidad_Enlazado
2020-10-01,2020-Q4,MUR,SAL_SAT_enlazado,6.580651528623259,Trimestral,CIS_Satisfaccion_Sanidad_Enlazado
2021-01-01,2021-Q1,MUR,SAL_SAT_enlazado,6.568996228960893,Trimestral,CIS_Satisfaccion_Sanidad_Enlazado
2021-04-01,2021-Q2,MUR,SAL_SAT_enlazado,6.557340929298527,Trimestral,CIS_Satisfaccion_Sanidad_Enlazado
2021-07-01,2021-Q3,MUR,SAL_SAT_enlazado,6.54568562963616,Trimestral,CIS_Satisfaccion_Sanidad_Enlazado
2021-10-01,2021-Q4,MUR,SAL_SAT_enlazado,6.534030329973794,Trimestral,CIS_Satisfaccion_Sanidad_Enlazado
2022-01-01,2022-Q1,MUR,SAL_SAT_enlazado,6.522375030311427,Trimestral,CIS_Satisfaccion_Sanidad_Enlazado
2022-04-01,2022-Q2,MUR,SAL_SAT_enlazado,6.71028317179673,Trimestral,CIS_Satisfaccion_Sanidad_Enlazado
2022-07-01,2022-Q3,MUR,SAL_SAT_enlazado,6.477868334244912,Trimestral,CIS_Satisfaccion_Sanidad_Enlazado
2022-10-01,2022-Q4,MUR,SAL_SAT_enlazado,6.245453496693092,Trimestral,CIS_Satisfaccion_Sanidad_Enlazado
2023-01-01,2023-Q1,MUR,SAL_SAT_enlazado,6.700929105713087,Trimestral,CIS_Satisfaccion_Sanidad_Enlazado
2023-04-01,2023-Q2,MUR,SAL_SAT_enlazado,6.510807459355085,Trimestral,CIS_Satisfaccion_Sanidad_Enlazado
2023-07-01,2023-Q3,MUR,SAL_SAT_enlazado,6.320685812997085,Trimestral,CIS_Satisfaccion_Sanidad_Enlazado
2023-10-01,2023-Q4,MUR,SAL_SAT_enlazado,6.889803140733094,Trimestral,CIS_Satisfaccion_Sanidad_Enlazado
2024-01-01,2024-Q1,MUR,SAL_SAT_enlazado,6.718575406475358,Trimestral,CIS_Satisfaccion_Sanidad_Enlazado
2024-04-01,2024-Q2,MUR,SAL_SAT_enlazado,6.547347672217621,Trimestral,CIS_Satisfaccion_Sanidad_Enlazado
2024-07-01,2024-Q3,MUR,SAL_SAT_enlazado,6.425611213368636,Trimestral,CIS_Satisfaccion_Sanidad_Enlazado
2024-10-01,2024-Q4,MUR,SAL_SAT_enlazado,6.505703924655747,Trimestral,CIS_Satisfaccion_Sanidad_Enlazado
2025-01-01,2025-Q1,MUR,SAL_SAT_enlazado,6.451976115917779,Trimestral,CIS_Satisfaccion_Sanidad_Enlazado
2025-04-01,2025-Q2,MUR,SAL_SAT_enlazado,6.398248307179809,Trimestral,CIS_Satisfaccion_Sanidad_Enlazado
2025-07-01,2025-Q3,MUR,SAL_SAT_enlazado,6.468010029919572,Trimestral,CIS_Satisfaccion_Sanidad_Enlazado
2016-01-01,2016-Q1,NAV,SAL_SAT_enlazado,7.208791208791209,Trimestral,CIS_Satisfaccion_Sanidad_Enlazado
2016-04-01,2016-Q2,NAV,SAL_SAT_enlazado,7.47311827956989,Trimestral,CIS_Satisfaccion_Sanidad_Enlazado
2016-07-01,2016-Q3,NAV,SAL_SAT_enlazado,7.32895044413277,Trimestral,CIS_Satisfaccion_Sanidad_Enlazado
2016-10-01,2016-Q4,NAV,SAL_SAT_enlazado,7.184782608695651,Trimestral,CIS_Satisfaccion_Sanidad_Enlazado
2017-01-01,2017-Q1,NAV,SAL_SAT_enlazado,6.721649484536081,Trimestral,CIS_Satisfaccion_Sanidad_Enlazado
2017-04-01,2017-Q2,NAV,SAL_SAT_enlazado,7.154639175257733,Trimestral,CIS_Satisfaccion_Sanidad_Enlazado
2017-07-01,2017-Q3,NAV,SAL_SAT_enlazado,7.2283612542955336,Trimestral,CIS_Satisfaccion_Sanidad_Enlazado
2017-10-01,2017-Q4,NAV,SAL_SAT_enlazado,7.302083333333333,Trimestral,CIS_Satisfaccion_Sanidad_Enlazado
2018-01-01,2018-Q1,NAV,SAL_SAT_enlazado,6.819148936170209,Trimestral,CIS_Satisfaccion_Sanidad_Enlazado
2018-04-01,2018-Q2,NAV,SAL_SAT_enlazado,7.333333333333334,Trimestral,CIS_Satisfaccion_Sanidad_Enlazado
2018-07-01,2018-Q3,NAV,SAL_SAT_enlazado,7.307291666666667,Trimestral,CIS_Satisfaccion_Sanidad_Enlazado
2018-10-01,2018-Q4,NAV,SAL_SAT_enlazado,7.28125,Trimestral,CIS_Satisfaccion_Sanidad_Enlazado
2019-01-01,2019-Q1,NAV,SAL_SAT_enlazado,7.386656746031747,Trimestral,CIS_Satisfaccion_Sanidad_Enlazado
2019-04-01,2019-Q2,NAV,SAL_SAT_enlazado,7.492063492063495,Trimestral,CIS_Satisfaccion_Sanidad_Enlazado
2019-07-01,2019-Q3,NAV,SAL_SAT_enlazado,7.322954822954826,Trimestral,CIS_Satisfaccion_Sanidad_Enlazado
2019-10-01,2019-Q4,NAV,SAL_SAT_enlazado,7.153846153846158,Trimestral,CIS_Satisfaccion_Sanidad_Enlazado
2020-01-01,2020-Q1,NAV,SAL_SAT_enlazado,7.05490540050344,Trimestral,CIS_Satisfaccion_Sanidad_Enlazado
2020-04-01,2020-Q2,NAV,SAL_SAT_enlazado,6.955964647160722,Trimestral,CIS_Satisfaccion_Sanidad_Enlazado
2020-07-01,2020-Q3,NAV,SAL_SAT_enlazado,6.8570238938180035,Trimestral,CIS_Satisfaccion_Sanidad_Enlazado
2020-10-01,2020-Q4,NAV,SAL_SAT_enlazado,6.758083140475286,Trimestral,CIS_Satisfaccion_Sanidad_Enlazado
2021-01-01,2021-Q1,NAV,SAL_SAT_enlazado,6.659142387132568,Trimestral,CIS_Satisfaccion_Sanidad_Enlazado
2021-04-01,2021-Q2,NAV,SAL_SAT_enlazado,6.56020163378985,Trimestral,CIS_Satisfaccion_Sanidad_Enlazado
2021-07-01,2021-Q3,NAV,SAL_SAT_enlazado,6.461260880447131,Trimestral,CIS_Satisfaccion_Sanidad_Enlazado
2021-10-01,2021-Q4,NAV,SAL_SAT_enlazado,6.362320127104414,Trimestral,CIS_Satisfaccion_Sanidad_Enlazado
2022-01-01,2022-Q1,NAV,SAL_SAT_enlazado,6.263379373761696,Trimestral,CIS_Satisfaccion_Sanidad_Enlazado
2022-04-01,2022-Q2,NAV,SAL_SAT_enlazado,6.5648708812893215,Trimestral,CIS_Satisfaccion_Sanidad_Enlazado
2022-07-01,2022-Q3,NAV,SAL_SAT_enlazado,6.496962907003722,Trimestral,CIS_Satisfaccion_Sanidad_Enlazado
2022-10-01,2022-Q4,NAV,SAL_SAT_enlazado,6.429054932718123,Trimestral,CIS_Satisfaccion_Sanidad_Enlazado
2023-01-01,2023-Q1,NAV,SAL_SAT_enlazado,6.260175949453351,Trimestral,CIS_Satisfaccion_Sanidad_Enlazado
2023-04-01,2023-Q2,NAV,SAL_SAT_enlazado,6.579337995430336,Trimestral,CIS_Satisfaccion_Sanidad_Enlazado
2023-07-01,2023-Q3,NAV,SAL_SAT_enlazado,6.898500041407322,Trimestral,CIS_Satisfaccion_Sanidad_Enlazado
2023-10-01,2023-Q4,NAV,SAL_SAT_enlazado,6.644697896369864,Trimestral,CIS_Satisfaccion_Sanidad_Enlazado
2024-01-01,2024-Q1,NAV,SAL_SAT_enlazado,6.562960282771311,Trimestral,CIS_Satisfaccion_Sanidad_Enlazado
2024-04-01,2024-Q2,NAV,SAL_SAT_enlazado,6.481222669172756,Trimestral,CIS_Satisfaccion_Sanidad_Enlazado
2024-07-01,2024-Q3,NAV,SAL_SAT_enlazado,6.213335944039716,Trimestral,CIS_Satisfaccion_Sanidad_Enlazado
2024-10-01,2024-Q4,NAV,SAL_SAT_enlazado,6.256980588180708,Trimestral,CIS_Satisfaccion_Sanidad_Enlazado
2025-01-01,2025-Q1,NAV,SAL_SAT_enlazado,5.950950153915958,Trimestral,CIS_Satisfaccion_Sanidad_Enlazado
2025-04-01,2025-Q2,NAV,SAL_SAT_enlazado,5.644919719651207,Trimestral,CIS_Satisfaccion_Sanidad_Enlazado
2025-07-01,2025-Q3,NAV,SAL_SAT_enlazado,6.5482633671849255,Trimestral,CIS_Satisfaccion_Sanidad_Enlazado
2016-01-01,2016-Q1,PV,SAL_SAT_enlazado,6.776923076923078,Trimestral,CIS_Satisfaccion_Sanidad_Enlazado
2016-04-01,2016-Q2,PV,SAL_SAT_enlazado,6.628787878787878,Trimestral,CIS_Satisfaccion_Sanidad_Enlazado
2016-07-01,2016-Q3,PV,SAL_SAT_enlazado,6.902855477855478,Trimestral,CIS_Satisfaccion_Sanidad_Enlazado
2016-10-01,2016-Q4,PV,SAL_SAT_enlazado,7.176923076923077,Trimestral,CIS_Satisfaccion_Sanidad_Enlazado
2017-01-01,2017-Q1,PV,SAL_SAT_enlazado,7.356060606060606,Trimestral,CIS_Satisfaccion_Sanidad_Enlazado
2017-04-01,2017-Q2,PV,SAL_SAT_enlazado,7.238461538461538,Trimestral,CIS_Satisfaccion_Sanidad_Enlazado
2017-07-01,2017-Q3,PV,SAL_SAT_enlazado,7.311538461538461,Trimestral,CIS_Satisfaccion_Sanidad_Enlazado
2017-10-01,2017-Q4,PV,SAL_SAT_enlazado,7.384615384615386,Trimestral,CIS_Satisfaccion_Sanidad_Enlazado
2018-01-01,2018-Q1,PV,SAL_SAT_enlazado,7.129770992366412,Trimestral,CIS_Satisfaccion_Sanidad_Enlazado
2018-04-01,2018-Q2,PV,SAL_SAT_enlazado,7.023255813953488,Trimestral,CIS_Satisfaccion_Sanidad_Enlazado
2018-07-01,2018-Q3,PV,SAL_SAT_enlazado,7.086627906976744,Trimestral,CIS_Satisfaccion_Sanidad_Enlazado
2018-10-01,2018-Q4,PV,SAL_SAT_enlazado,7.150000000000001,Trimestral,CIS_Satisfaccion_Sanidad_Enlazado
2019-01-01,2019-Q1,PV,SAL_SAT_enlazado,7.2582061068702295,Trimestral,CIS_Satisfaccion_Sanidad_Enlazado
2019-04-01,2019-Q2,PV,SAL_SAT_enlazado,7.366412213740459,Trimestral,CIS_Satisfaccion_Sanidad_Enlazado
2019-07-01,2019-Q3,PV,SAL_SAT_enlazado,7.30336114562992,Trimestral,CIS_Satisfaccion_Sanidad_Enlazado
2019-10-01,2019-Q4,PV,SAL_SAT_enlazado,7.240310077519382,Trimestral,CIS_Satisfaccion_Sanidad_Enlazado
2020-01-01,2020-Q1,PV,SAL_SAT_enlazado,7.172480989117471,Trimestral,CIS_Satisfaccion_Sanidad_Enlazado
2020-04-01,2020-Q2,PV,SAL_SAT_enlazado,7.104651900715559,Trimestral,CIS_Satisfaccion_Sanidad_Enlazado
2020-07-01,2020-Q3,PV,SAL_SAT_enlazado,7.036822812313647,Trimestral,CIS_Satisfaccion_Sanidad_Enlazado
2020-10-01,2020-Q4,PV,SAL_SAT_enlazado,6.968993723911736,Trimestral,CIS_Satisfaccion_Sanidad_Enlazado
2021-01-01,2021-Q1,PV,SAL_SAT_enlazado,6.901164635509824,Trimestral,CIS_Satisfaccion_Sanidad_Enlazado
2021-04-01,2021-Q2,PV,SAL_SAT_enlazado,6.833335547107913,Trimestral,CIS_Satisfaccion_Sanidad_Enlazado
2021-07-01,2021-Q3,PV,SAL_SAT_enlazado,6.765506458706001,Trimestral,CIS_Satisfaccion_Sanidad_Enlazado
2021-10-01,2021-Q4,PV,SAL_SAT_enlazado,6.697677370304089,Trimestral,CIS_Satisfaccion_Sanidad_Enlazado
2022-01-01,2022-Q1,PV,SAL_SAT_enlazado,6.629848281902178,Trimestral,CIS_Satisfaccion_Sanidad_Enlazado
2022-04-01,2022-Q2,PV,SAL_SAT_enlazado,6.817119591783442,Trimestral,CIS_Satisfaccion_Sanidad_Enlazado
2022-07-01,2022-Q3,PV,SAL_SAT_enlazado,6.5938929965351445,Trimestral,CIS_Satisfaccion_Sanidad_Enlazado
2022-10-01,2022-Q4,PV,SAL_SAT_enlazado,6.370666401286848,Trimestral,CIS_Satisfaccion_Sanidad_Enlazado
2023-01-01,2023-Q1,PV,SAL_SAT_enlazado,6.135248083573728,Trimestral,CIS_Satisfaccion_Sanidad_Enlazado
2023-04-01,2023-Q2,PV,SAL_SAT_enlazado,6.354526035852585,Trimestral,CIS_Satisfaccion_Sanidad_Enlazado
2023-07-01,2023-Q3,PV,SAL_SAT_enlazado,6.573803988131441,Trimestral,CIS_Satisfaccion_Sanidad_Enlazado
2023-10-01,2023-Q4,PV,SAL_SAT_enlazado,6.348797441630996,Trimestral,CIS_Satisfaccion_Sanidad_Enlazado
2024-01-01,2024-Q1,PV,SAL_SAT_enlazado,6.351764019056429,Trimestral,CIS_Satisfaccion_Sanidad_Enlazado
2024-04-01,2024-Q2,PV,SAL_SAT_enlazado,6.354730596481861,Trimestral,CIS_Satisfaccion_Sanidad_Enlazado
2024-07-01,2024-Q3,PV,SAL_SAT_enlazado,6.240256991248528,Trimestral,CIS_Satisfaccion_Sanidad_Enlazado
2024-10-01,2024-Q4,PV,SAL_SAT_enlazado,6.317547559620622,Trimestral,CIS_Satisfaccion_Sanidad_Enlazado
2025-01-01,2025-Q1,PV,SAL_SAT_enlazado,6.342652585448111,Trimestral,CIS_Satisfaccion_Sanidad_Enlazado
2025-04-01,2025-Q2,PV,SAL_SAT_enlazado,6.367757611275598,Trimestral,CIS_Satisfaccion_Sanidad_Enlazado
2025-07-01,2025-Q3,PV,SAL_SAT_enlazado,6.704818309215875,Trimestral,CIS_Satisfaccion_Sanidad_Enlazado
2016-01-01,2016-Q1,RIO,SAL_SAT_enlazado,7.303370786516855,Trimestral,CIS_Satisfaccion_Sanidad_Enlazado
2016-04-01,2016-Q2,RIO,SAL_SAT_enlazado,7.147727272727273,Trimestral,CIS_Satisfaccion_Sanidad_Enlazado
2016-07-01,2016-Q3,RIO,SAL_SAT_enlazado,7.200300417972834,Trimestral,CIS_Satisfaccion_Sanidad_Enlazado
2016-10-01,2016-Q4,RIO,SAL_SAT_enlazado,7.252873563218393,Trimestral,CIS_Satisfaccion_Sanidad_Enlazado
2017-01-01,2017-Q1,RIO,SAL_SAT_enlazado,7.079545454545453,Trimestral,CIS_Satisfaccion_Sanidad_Enlazado
2017-04-01,2017-Q2,RIO,SAL_SAT_enlazado,6.920454545454545,Trimestral,CIS_Satisfaccion_Sanidad_Enlazado
2017-07-01,2017-Q3,RIO,SAL_SAT_enlazado,6.943373340143002,Trimestral,CIS_Satisfaccion_Sanidad_Enlazado
2017-10-01,2017-Q4,RIO,SAL_SAT_enlazado,6.966292134831459,Trimestral,CIS_Satisfaccion_Sanidad_Enlazado
2018-01-01,2018-Q1,RIO,SAL_SAT_enlazado,6.681818181818183,Trimestral,CIS_Satisfaccion_Sanidad_Enlazado
2018-04-01,2018-Q2,RIO,SAL_SAT_enlazado,7.1034482758620685,Trimestral,CIS_Satisfaccion_Sanidad_Enlazado
2018-07-01,2018-Q3,RIO,SAL_SAT_enlazado,6.918003207698476,Trimestral,CIS_Satisfaccion_Sanidad_Enlazado
2018-10-01,2018-Q4,RIO,SAL_SAT_enlazado,6.732558139534883,Trimestral,CIS_Satisfaccion_Sanidad_Enlazado
2019-01-01,2019-Q1,RIO,SAL_SAT_enlazado,6.953488372093023,Trimestral,CIS_Satisfaccion_Sanidad_Enlazado
2019-04-01,2019-Q2,RIO,SAL_SAT_enlazado,7.174418604651164,Trimestral,CIS_Satisfaccion_Sanidad_Enlazado
2019-07-01,2019-Q3,RIO,SAL_SAT_enlazado,7.110197808072709,Trimestral,CIS_Satisfaccion_Sanidad_Enlazado
2019-10-01,2019-Q4,RIO,SAL_SAT_enlazado,7.045977011494252,Trimestral,CIS_Satisfaccion_Sanidad_Enlazado
2020-01-01,2020-Q1,RIO,SAL_SAT_enlazado,7.017938833027165,Trimestral,CIS_Satisfaccion_Sanidad_Enlazado
2020-04-01,2020-Q2,RIO,SAL_SAT_enlazado,6.989900654560076,Trimestral,CIS_Satisfaccion_Sanidad_Enlazado
2020-07-01,2020-Q3,RIO,SAL_SAT_enlazado,6.961862476092988,Trimestral,CIS_Satisfaccion_Sanidad_Enlazado
2020-10-01,2020-Q4,RIO,SAL_SAT_enlazado,6.9338242976258995,Trimestral,CIS_Satisfaccion_Sanidad_Enlazado
2021-01-01,2021-Q1,RIO,SAL_SAT_enlazado,6.905786119158812,Trimestral,CIS_Satisfaccion_Sanidad_Enlazado
2021-04-01,2021-Q2,RIO,SAL_SAT_enlazado,6.877747940691723,Trimestral,CIS_Satisfaccion_Sanidad_Enlazado
2021-07-01,2021-Q3,RIO,SAL_SAT_enlazado,6.849709762224635,Trimestral,CIS_Satisfaccion_Sanidad_Enlazado
2021-10-01,2021-Q4,RIO,SAL_SAT_enlazado,6.821671583757547,Trimestral,CIS_Satisfaccion_Sanidad_Enlazado
2022-01-01,2022-Q1,RIO,SAL_SAT_enlazado,6.793633405290459,Trimestral,CIS_Satisfaccion_Sanidad_Enlazado
2022-04-01,2022-Q2,RIO,SAL_SAT_enlazado,6.020257203805753,Trimestral,CIS_Satisfaccion_Sanidad_Enlazado
2022-07-01,2022-Q3,RIO,SAL_SAT_enlazado,5.925115943797605,Trimestral,CIS_Satisfaccion_Sanidad_Enlazado
2022-10-01,2022-Q4,RIO,SAL_SAT_enlazado,5.829974683789457,Trimestral,CIS_Satisfaccion_Sanidad_Enlazado
2023-01-01,2023-Q1,RIO,SAL_SAT_enlazado,6.199136657348634,Trimestral,CIS_Satisfaccion_Sanidad_Enlazado
2023-04-01,2023-Q2,RIO,SAL_SAT_enlazado,6.458530218839287,Trimestral,CIS_Satisfaccion_Sanidad_Enlazado
2023-07-01,2023-Q3,RIO,SAL_SAT_enlazado,6.717923780329939,Trimestral,CIS_Satisfaccion_Sanidad_Enlazado
2023-10-01,2023-Q4,RIO,SAL_SAT_enlazado,6.585400846684873,Trimestral,CIS_Satisfaccion_Sanidad_Enlazado
2024-01-01,2024-Q1,RIO,SAL_SAT_enlazado,6.525916381189855,Trimestral,CIS_Satisfaccion_Sanidad_Enlazado
2024-04-01,2024-Q2,RIO,SAL_SAT_enlazado,6.466431915694837,Trimestral,CIS_Satisfaccion_Sanidad_Enlazado
2024-07-01,2024-Q3,RIO,SAL_SAT_enlazado,6.109900451091347,Trimestral,CIS_Satisfaccion_Sanidad_Enlazado
2024-10-01,2024-Q4,RIO,SAL_SAT_enlazado,6.845789201627336,Trimestral,CIS_Satisfaccion_Sanidad_Enlazado
2025-01-01,2025-Q1,RIO,SAL_SAT_enlazado,7.081351008578886,Trimestral,CIS_Satisfaccion_Sanidad_Enlazado
2025-04-01,2025-Q2,RIO,SAL_SAT_enlazado,7.3169128155304355,Trimestral,CIS_Satisfaccion_Sanidad_Enlazado
2025-07-01,2025-Q3,RIO,SAL_SAT_enlazado,5.571941714396334,Trimestral,CIS_Satisfaccion_Sanidad_Enlazado
2016-01-01,2016-Q1,VAL,SAL_SAT_enlazado,6.583333333333333,Trimestral,CIS_Satisfaccion_Sanidad_Enlazado
2016-04-01,2016-Q2,VAL,SAL_SAT_enlazado,6.395833333333335,Trimestral,CIS_Satisfaccion_Sanidad_Enlazado
2016-07-01,2016-Q3,VAL,SAL_SAT_enlazado,6.3235711169284485,Trimestral,CIS_Satisfaccion_Sanidad_Enlazado
2016-10-01,2016-Q4,VAL,SAL_SAT_enlazado,6.251308900523561,Trimestral,CIS_Satisfaccion_Sanidad_Enlazado
2017-01-01,2017-Q1,VAL,SAL_SAT_enlazado,6.791666666666668,Trimestral,CIS_Satisfaccion_Sanidad_Enlazado
2017-04-01,2017-Q2,VAL,SAL_SAT_enlazado,6.6,Trimestral,CIS_Satisfaccion_Sanidad_Enlazado
2017-07-01,2017-Q3,VAL,SAL_SAT_enlazado,6.674999999999999,Trimestral,CIS_Satisfaccion_Sanidad_Enlazado
2017-10-01,2017-Q4,VAL,SAL_SAT_enlazado,6.749999999999999,Trimestral,CIS_Satisfaccion_Sanidad_Enlazado
2018-01-01,2018-Q1,VAL,SAL_SAT_enlazado,6.636842105263159,Trimestral,CIS_Satisfaccion_Sanidad_Enlazado
2018-04-01,2018-Q2,VAL,SAL_SAT_enlazado,6.529411764705882,Trimestral,CIS_Satisfaccion_Sanidad_Enlazado
2018-07-01,2018-Q3,VAL,SAL_SAT_enlazado,6.54812834224599,Trimestral,CIS_Satisfaccion_Sanidad_Enlazado
2018-10-01,2018-Q4,VAL,SAL_SAT_enlazado,6.566844919786098,Trimestral,CIS_Satisfaccion_Sanidad_Enlazado
2019-01-01,2019-Q1,VAL,SAL_SAT_enlazado,6.7302309705313474,Trimestral,CIS_Satisfaccion_Sanidad_Enlazado
2019-04-01,2019-Q2,VAL,SAL_SAT_enlazado,6.893617021276597,Trimestral,CIS_Satisfaccion_Sanidad_Enlazado
2019-07-01,2019-Q3,VAL,SAL_SAT_enlazado,6.7783593127773365,Trimestral,CIS_Satisfaccion_Sanidad_Enlazado
2019-10-01,2019-Q4,VAL,SAL_SAT_enlazado,6.663101604278077,Trimestral,CIS_Satisfaccion_Sanidad_Enlazado
2020-01-01,2020-Q1,VAL,SAL_SAT_enlazado,6.648133115504034,Trimestral,CIS_Satisfaccion_Sanidad_Enlazado
2020-04-01,2020-Q2,VAL,SAL_SAT_enlazado,6.633164626729993,Trimestral,CIS_Satisfaccion_Sanidad_Enlazado
2020-07-01,2020-Q3,VAL,SAL_SAT_enlazado,6.618196137955951,Trimestral,CIS_Satisfaccion_Sanidad_Enlazado
2020-10-01,2020-Q4,VAL,SAL_SAT_enlazado,6.6032276491819095,Trimestral,CIS_Satisfaccion_Sanidad_Enlazado
2021-01-01,2021-Q1,VAL,SAL_SAT_enlazado,6.588259160407867,Trimestral,CIS_Satisfaccion_Sanidad_Enlazado
2021-04-01,2021-Q2,VAL,SAL_SAT_enlazado,6.573290671633826,Trimestral,CIS_Satisfaccion_Sanidad_Enlazado
2021-07-01,2021-Q3,VAL,SAL_SAT_enlazado,6.558322182859784,Trimestral,CIS_Satisfaccion_Sanidad_Enlazado
2021-10-01,2021-Q4,VAL,SAL_SAT_enlazado,6.543353694085742,Trimestral,CIS_Satisfaccion_Sanidad_Enlazado
2022-01-01,2022-Q1,VAL,SAL_SAT_enlazado,6.5283852053117,Trimestral,CIS_Satisfaccion_Sanidad_Enlazado
2022-04-01,2022-Q2,VAL,SAL_SAT_enlazado,6.405534498306936,Trimestral,CIS_Satisfaccion_Sanidad_Enlazado
2022-07-01,2022-Q3,VAL,SAL_SAT_enlazado,6.4336986726167105,Trimestral,CIS_Satisfaccion_Sanidad_Enlazado
2022-10-01,2022-Q4,VAL,SAL_SAT_enlazado,6.4618628469264845,Trimestral,CIS_Satisfaccion_Sanidad_Enlazado
2023-01-01,2023-Q1,VAL,SAL_SAT_enlazado,6.414470268900211,Trimestral,CIS_Satisfaccion_Sanidad_Enlazado
2023-04-01,2023-Q2,VAL,SAL_SAT_enlazado,6.412442739912395,Trimestral,CIS_Satisfaccion_Sanidad_Enlazado
2023-07-01,2023-Q3,VAL,SAL_SAT_enlazado,6.410415210924578,Trimestral,CIS_Satisfaccion_Sanidad_Enlazado
2023-10-01,2023-Q4,VAL,SAL_SAT_enlazado,6.5827810613496665,Trimestral,CIS_Satisfaccion_Sanidad_Enlazado
2024-01-01,2024-Q1,VAL,SAL_SAT_enlazado,6.419970169078873,Trimestral,CIS_Satisfaccion_Sanidad_Enlazado
2024-04-01,2024-Q2,VAL,SAL_SAT_enlazado,6.257159276808078,Trimestral,CIS_Satisfaccion_Sanidad_Enlazado
2024-07-01,2024-Q3,VAL,SAL_SAT_enlazado,6.365068415299121,Trimestral,CIS_Satisfaccion_Sanidad_Enlazado
2024-10-01,2024-Q4,VAL,SAL_SAT_enlazado,6.604131026116884,Trimestral,CIS_Satisfaccion_Sanidad_Enlazado
2025-01-01,2025-Q1,VAL,SAL_SAT_enlazado,6.353495453688538,Trimestral,CIS_Satisfaccion_Sanidad_Enlazado
2025-04-01,2025-Q2,VAL,SAL_SAT_enlazado,6.102859881260192,Trimestral,CIS_Satisfaccion_Sanidad_Enlazado
2025-07-01,2025-Q3,VAL,SAL_SAT_enlazado,6.168594593137583,Trimestral,CIS_Satisfaccion_Sanidad_Enlazado
