Periodo,Año,Trimestre,Region,Categoria,Valor
2025-Q3,2025,3,ESP,I. CRIMINALIDAD CONVENCIONAL,1496618.0
2025-Q3,2025,3,ESP,1. Homicidios dolosos y asesinatos consumados,273.0
2025-Q3,2025,3,ESP,2. Homicidios dolosos y asesinatos en grado tentativa,1079.0
2025-Q3,2025,3,ESP,3. Delitos graves y menos graves de lesiones y riÃ±a tumultuaria,23881.0
2025-Q3,2025,3,ESP,4. Secuestro,87.0
2025-Q3,2025,3,ESP,5. Delitos contra la libertad sexual,16612.0
2025-Q3,2025,3,ESP,5.1.-AgresiÃ³n sexual con penetraciÃ³n,4137.0
2025-Q3,2025,3,ESP,5.2.-Resto de delitos contra la libertad sexual,12475.0
2025-Q3,2025,3,ESP,6. Robos con violencia e intimidaciÃ³n,47173.0
2025-Q3,2025,3,ESP,"7. Robos con fuerza en domicilios, establecimientos y otras instalaciones",77600.0
2025-Q3,2025,3,ESP,7.1.-Robos con fuerza en domicilios,54979.0
2025-Q3,2025,3,ESP,8. Hurtos,480249.0
2025-Q3,2025,3,ESP,9. Sustracciones de vehÃ­culos,24478.0
2025-Q3,2025,3,ESP,10. TrÃ¡fico de drogas,17093.0
2025-Q3,2025,3,ESP,11. Resto de criminalidad convencional,808093.0
2025-Q3,2025,3,ESP,II. CIBERCRIMINALIDAD (infracciones penales cometidas en/por medio ciber),374259.0
2025-Q3,2025,3,ESP,12.-Estafas informÃ¡ticas,327856.0
2025-Q3,2025,3,ESP,13.-Otros ciberdelitos,46403.0
2025-Q3,2025,3,ESP,III. TOTAL INFRACCIONES PENALES,1870877.0
2025-Q3,2025,3,AND,I. CRIMINALIDAD CONVENCIONAL,247069.0
2025-Q3,2025,3,AND,1. Homicidios dolosos y asesinatos consumados,71.0
2025-Q3,2025,3,AND,2. Homicidios dolosos y asesinatos en grado tentativa,222.0
2025-Q3,2025,3,AND,3. Delitos graves y menos graves de lesiones y riÃ±a tumultuaria,4379.0
2025-Q3,2025,3,AND,4. Secuestro,34.0
2025-Q3,2025,3,AND,5. Delitos contra la libertad sexual,2397.0
2025-Q3,2025,3,AND,5.1.-AgresiÃ³n sexual con penetraciÃ³n,474.0
2025-Q3,2025,3,AND,5.2.-Resto de delitos contra la libertad sexual,1923.0
2025-Q3,2025,3,AND,6. Robos con violencia e intimidaciÃ³n,5451.0
2025-Q3,2025,3,AND,"7. Robos con fuerza en domicilios, establecimientos y otras instalaciones",11906.0
2025-Q3,2025,3,AND,7.1.-Robos con fuerza en domicilios,8332.0
2025-Q3,2025,3,AND,8. Hurtos,67111.0
2025-Q3,2025,3,AND,9. Sustracciones de vehÃ­culos,4660.0
2025-Q3,2025,3,AND,10. TrÃ¡fico de drogas,3142.0
2025-Q3,2025,3,AND,11. Resto de criminalidad convencional,147696.0
2025-Q3,2025,3,AND,II. CIBERCRIMINALIDAD (infracciones penales cometidas en/por medio ciber),68556.0
2025-Q3,2025,3,AND,12.-Estafas informÃ¡ticas,58988.0
2025-Q3,2025,3,AND,13.-Otros ciberdelitos,9568.0
2025-Q3,2025,3,AND,III. TOTAL INFRACCIONES PENALES,315625.0
2025-Q2,2025,2,ESP,I. CRIMINALIDAD CONVENCIONAL,967077.0
2025-Q2,2025,2,ESP,1. Homicidios dolosos y asesinatos consumados,181.0
2025-Q2,2025,2,ESP,2. Homicidios dolosos y asesinatos en grado tentativa,691.0
2025-Q2,2025,2,ESP,3. Delitos graves y menos graves de lesiones y riÃ±a tumultuaria,14366.0
2025-Q2,2025,2,ESP,4. Secuestro,53.0
2025-Q2,2025,2,ESP,5. Delitos contra la libertad sexual,10562.0
2025-Q2,2025,2,ESP,5.1.-AgresiÃ³n sexual con penetraciÃ³n,2655.0
2025-Q2,2025,2,ESP,5.2.-Resto de delitos contra la libertad sexual,7907.0
2025-Q2,2025,2,ESP,6. Robos con violencia e intimidaciÃ³n,29702.0
2025-Q2,2025,2,ESP,"7. Robos con fuerza en domicilios, establecimientos y otras instalaciones",50713.0
2025-Q2,2025,2,ESP,7.1.-Robos con fuerza en domicilios,35014.0
2025-Q2,2025,2,ESP,8. Hurtos,310289.0
2025-Q2,2025,2,ESP,9. Sustracciones de vehÃ­culos,15596.0
2025-Q2,2025,2,ESP,10. TrÃ¡fico de drogas,11096.0
2025-Q2,2025,2,ESP,11. Resto de criminalidad convencional,523828.0
2025-Q2,2025,2,ESP,II. CIBERCRIMINALIDAD (infracciones penales cometidas en/por medio ciber),245191.0
2025-Q2,2025,2,ESP,12.-Estafas informÃ¡ticas,211861.0
2025-Q2,2025,2,ESP,13.-Otros ciberdelitos,33330.0
2025-Q2,2025,2,ESP,III. TOTAL INFRACCIONES PENALES,1212268.0
2025-Q2,2025,2,AND,I. CRIMINALIDAD CONVENCIONAL,160038.0
2025-Q2,2025,2,AND,1. Homicidios dolosos y asesinatos consumados,46.0
2025-Q2,2025,2,AND,2. Homicidios dolosos y asesinatos en grado tentativa,153.0
2025-Q2,2025,2,AND,3. Delitos graves y menos graves de lesiones y riÃ±a tumultuaria,2693.0
2025-Q2,2025,2,AND,4. Secuestro,21.0
2025-Q2,2025,2,AND,5. Delitos contra la libertad sexual,1517.0
2025-Q2,2025,2,AND,5.1.-AgresiÃ³n sexual con penetraciÃ³n,299.0
2025-Q2,2025,2,AND,5.2.-Resto de delitos contra la libertad sexual,1218.0
2025-Q2,2025,2,AND,6. Robos con violencia e intimidaciÃ³n,3464.0
2025-Q2,2025,2,AND,"7. Robos con fuerza en domicilios, establecimientos y otras instalaciones",7925.0
2025-Q2,2025,2,AND,7.1.-Robos con fuerza en domicilios,5418.0
2025-Q2,2025,2,AND,8. Hurtos,43262.0
2025-Q2,2025,2,AND,9. Sustracciones de vehÃ­culos,2930.0
2025-Q2,2025,2,AND,10. TrÃ¡fico de drogas,2116.0
2025-Q2,2025,2,AND,11. Resto de criminalidad convencional,95911.0
2025-Q2,2025,2,AND,II. CIBERCRIMINALIDAD (infracciones penales cometidas en/por medio ciber),45183.0
2025-Q2,2025,2,AND,12.-Estafas informÃ¡ticas,38327.0
2025-Q2,2025,2,AND,13.-Otros ciberdelitos,6856.0
2025-Q2,2025,2,AND,III. TOTAL INFRACCIONES PENALES,205221.0
2025-Q1,2025,1,ESP,I. CRIMINALIDAD CONVENCIONAL,468104.0
2025-Q1,2025,1,ESP,1. Homicidios dolosos y asesinatos consumados,84.0
2025-Q1,2025,1,ESP,2. Homicidios dolosos y asesinatos en grado tentativa,319.0
2025-Q1,2025,1,ESP,3. Delitos graves y menos graves de lesiones y riÃ±a tumultuaria,6374.0
2025-Q1,2025,1,ESP,4. Secuestro,26.0
2025-Q1,2025,1,ESP,5. Delitos contra la libertad sexual,4760.0
2025-Q1,2025,1,ESP,5.1.-AgresiÃ³n sexual con penetraciÃ³n,1242.0
2025-Q1,2025,1,ESP,5.2.-Resto de delitos contra la libertad sexual,3518.0
2025-Q1,2025,1,ESP,6. Robos con violencia e intimidaciÃ³n,13540.0
2025-Q1,2025,1,ESP,"7. Robos con fuerza en domicilios, establecimientos y otras instalaciones",26279.0
2025-Q1,2025,1,ESP,7.1.-Robos con fuerza en domicilios,18125.0
2025-Q1,2025,1,ESP,8. Hurtos,151750.0
2025-Q1,2025,1,ESP,9. Sustracciones de vehÃ­culos,7760.0
2025-Q1,2025,1,ESP,10. TrÃ¡fico de drogas,5287.0
2025-Q1,2025,1,ESP,11. Resto de criminalidad convencional,251925.0
2025-Q1,2025,1,ESP,II. CIBERCRIMINALIDAD (infracciones penales cometidas en/por medio ciber),121579.0
2025-Q1,2025,1,ESP,12.-Estafas informÃ¡ticas,106801.0
2025-Q1,2025,1,ESP,13.-Otros ciberdelitos,14778.0
2025-Q1,2025,1,ESP,III. TOTAL INFRACCIONES PENALES,589683.0
2025-Q1,2025,1,AND,I. CRIMINALIDAD CONVENCIONAL,76727.0
2025-Q1,2025,1,AND,1. Homicidios dolosos y asesinatos consumados,21.0
2025-Q1,2025,1,AND,2. Homicidios dolosos y asesinatos en grado tentativa,72.0
2025-Q1,2025,1,AND,3. Delitos graves y menos graves de lesiones y riÃ±a tumultuaria,1201.0
2025-Q1,2025,1,AND,4. Secuestro,11.0
2025-Q1,2025,1,AND,5. Delitos contra la libertad sexual,662.0
2025-Q1,2025,1,AND,5.1.-AgresiÃ³n sexual con penetraciÃ³n,138.0
2025-Q1,2025,1,AND,5.2.-Resto de delitos contra la libertad sexual,524.0
2025-Q1,2025,1,AND,6. Robos con violencia e intimidaciÃ³n,1623.0
2025-Q1,2025,1,AND,"7. Robos con fuerza en domicilios, establecimientos y otras instalaciones",4138.0
2025-Q1,2025,1,AND,7.1.-Robos con fuerza en domicilios,2755.0
2025-Q1,2025,1,AND,8. Hurtos,20614.0
2025-Q1,2025,1,AND,9. Sustracciones de vehÃ­culos,1449.0
2025-Q1,2025,1,AND,10. TrÃ¡fico de drogas,1019.0
2025-Q1,2025,1,AND,11. Resto de criminalidad convencional,45917.0
2025-Q1,2025,1,AND,II. CIBERCRIMINALIDAD (infracciones penales cometidas en/por medio ciber),22009.0
2025-Q1,2025,1,AND,12.-Estafas informÃ¡ticas,19069.0
2025-Q1,2025,1,AND,13.-Otros ciberdelitos,2940.0
2025-Q1,2025,1,AND,III. TOTAL INFRACCIONES PENALES,98736.0
2024-Q4,2024,4,ESP,I. CRIMINALIDAD CONVENCIONAL,1990575.0
2024-Q4,2024,4,ESP,1. Homicidios dolosos y asesinatos consumados,348.0
2024-Q4,2024,4,ESP,2. Homicidios dolosos y asesinatos en grado tentativa,1343.0
2024-Q4,2024,4,ESP,3. Delitos graves y menos graves de lesiones y riÃ±a tumultuaria,29342.0
2024-Q4,2024,4,ESP,4. Secuestro,105.0
2024-Q4,2024,4,ESP,5. Delitos contra la libertad sexual,21159.0
2024-Q4,2024,4,ESP,5.1.-AgresiÃ³n sexual con penetraciÃ³n,5206.0
2024-Q4,2024,4,ESP,5.2.-Resto de delitos contra la libertad sexual,15953.0
2024-Q4,2024,4,ESP,6. Robos con violencia e intimidaciÃ³n,63266.0
2024-Q4,2024,4,ESP,"7. Robos con fuerza en domicilios, establecimientos y otras instalaciones",114978.0
2024-Q4,2024,4,ESP,7.1.-Robos con fuerza en domicilios,81040.0
2024-Q4,2024,4,ESP,8. Hurtos,649076.0
2024-Q4,2024,4,ESP,9. Sustracciones de vehÃ­culos,33061.0
2024-Q4,2024,4,ESP,10. TrÃ¡fico de drogas,21533.0
2024-Q4,2024,4,ESP,11. Resto de criminalidad convencional,1056364.0
2024-Q4,2024,4,ESP,II. CIBERCRIMINALIDAD (infracciones penales cometidas en/por medio ciber),465838.0
2024-Q4,2024,4,ESP,12.-Estafas informÃ¡ticas,414133.0
2024-Q4,2024,4,ESP,13.-Otros ciberdelitos,51705.0
2024-Q4,2024,4,ESP,III. TOTAL INFRACCIONES PENALES,2456413.0
2024-Q4,2024,4,AND,I. CRIMINALIDAD CONVENCIONAL,328139.0
2024-Q4,2024,4,AND,1. Homicidios dolosos y asesinatos consumados,80.0
2024-Q4,2024,4,AND,2. Homicidios dolosos y asesinatos en grado tentativa,266.0
2024-Q4,2024,4,AND,3. Delitos graves y menos graves de lesiones y riÃ±a tumultuaria,5498.0
2024-Q4,2024,4,AND,4. Secuestro,27.0
2024-Q4,2024,4,AND,5. Delitos contra la libertad sexual,3155.0
2024-Q4,2024,4,AND,5.1.-AgresiÃ³n sexual con penetraciÃ³n,625.0
2024-Q4,2024,4,AND,5.2.-Resto de delitos contra la libertad sexual,2530.0
2024-Q4,2024,4,AND,6. Robos con violencia e intimidaciÃ³n,7423.0
2024-Q4,2024,4,AND,"7. Robos con fuerza en domicilios, establecimientos y otras instalaciones",18231.0
2024-Q4,2024,4,AND,7.1.-Robos con fuerza en domicilios,12790.0
2024-Q4,2024,4,AND,8. Hurtos,92545.0
2024-Q4,2024,4,AND,9. Sustracciones de vehÃ­culos,6075.0
2024-Q4,2024,4,AND,10. TrÃ¡fico de drogas,4343.0
2024-Q4,2024,4,AND,11. Resto de criminalidad convencional,190496.0
2024-Q4,2024,4,AND,II. CIBERCRIMINALIDAD (infracciones penales cometidas en/por medio ciber),81559.0
2024-Q4,2024,4,AND,12.-Estafas informÃ¡ticas,71327.0
2024-Q4,2024,4,AND,13.-Otros ciberdelitos,10232.0
2024-Q4,2024,4,AND,III. TOTAL INFRACCIONES PENALES,409698.0
2024-Q3,2024,3,ESP,I. CRIMINALIDAD CONVENCIONAL,1506876.0
2024-Q3,2024,3,ESP,1. Homicidios dolosos y asesinatos consumados,269.0
2024-Q3,2024,3,ESP,2. Homicidios dolosos y asesinatos en grado tentativa,1056.0
2024-Q3,2024,3,ESP,3. Delitos graves y menos graves de lesiones y riÃ±a tumultuaria,22205.0
2024-Q3,2024,3,ESP,4. Secuestro,77.0
2024-Q3,2024,3,ESP,5. Delitos contra la libertad sexual,16010.0
2024-Q3,2024,3,ESP,5.1.-AgresiÃ³n sexual con penetraciÃ³n,3944.0
2024-Q3,2024,3,ESP,5.2.-Resto de delitos contra la libertad sexual,12066.0
2024-Q3,2024,3,ESP,6. Robos con violencia e intimidaciÃ³n,47849.0
2024-Q3,2024,3,ESP,"7. Robos con fuerza en domicilios, establecimientos y otras instalaciones",86756.0
2024-Q3,2024,3,ESP,7.1.-Robos con fuerza en domicilios,61078.0
2024-Q3,2024,3,ESP,8. Hurtos,491435.0
2024-Q3,2024,3,ESP,9. Sustracciones de vehÃ­culos,24840.0
2024-Q3,2024,3,ESP,10. TrÃ¡fico de drogas,16392.0
2024-Q3,2024,3,ESP,11. Resto de criminalidad convencional,799987.0
2024-Q3,2024,3,ESP,II. CIBERCRIMINALIDAD (infracciones penales cometidas en/por medio ciber),347407.0
2024-Q3,2024,3,ESP,12.-Estafas informÃ¡ticas,309090.0
2024-Q3,2024,3,ESP,13.-Otros ciberdelitos,38317.0
2024-Q3,2024,3,ESP,III. TOTAL INFRACCIONES PENALES,1854283.0
2024-Q3,2024,3,AND,I. CRIMINALIDAD CONVENCIONAL,249205.0
2024-Q3,2024,3,AND,1. Homicidios dolosos y asesinatos consumados,67.0
2024-Q3,2024,3,AND,2. Homicidios dolosos y asesinatos en grado tentativa,212.0
2024-Q3,2024,3,AND,3. Delitos graves y menos graves de lesiones y riÃ±a tumultuaria,4102.0
2024-Q3,2024,3,AND,4. Secuestro,19.0
2024-Q3,2024,3,AND,5. Delitos contra la libertad sexual,2389.0
2024-Q3,2024,3,AND,5.1.-AgresiÃ³n sexual con penetraciÃ³n,477.0
2024-Q3,2024,3,AND,5.2.-Resto de delitos contra la libertad sexual,1912.0
2024-Q3,2024,3,AND,6. Robos con violencia e intimidaciÃ³n,5625.0
2024-Q3,2024,3,AND,"7. Robos con fuerza en domicilios, establecimientos y otras instalaciones",13910.0
2024-Q3,2024,3,AND,7.1.-Robos con fuerza en domicilios,9861.0
2024-Q3,2024,3,AND,8. Hurtos,70484.0
2024-Q3,2024,3,AND,9. Sustracciones de vehÃ­culos,4556.0
2024-Q3,2024,3,AND,10. TrÃ¡fico de drogas,3324.0
2024-Q3,2024,3,AND,11. Resto de criminalidad convencional,144517.0
2024-Q3,2024,3,AND,II. CIBERCRIMINALIDAD (infracciones penales cometidas en/por medio ciber),60456.0
2024-Q3,2024,3,AND,12.-Estafas informÃ¡ticas,52910.0
2024-Q3,2024,3,AND,13.-Otros ciberdelitos,7546.0
2024-Q3,2024,3,AND,III. TOTAL INFRACCIONES PENALES,309661.0
2024-Q2,2024,2,ESP,I. CRIMINALIDAD CONVENCIONAL,986444.0
2024-Q2,2024,2,ESP,1. Homicidios dolosos y asesinatos consumados,195.0
2024-Q2,2024,2,ESP,2. Homicidios dolosos y asesinatos en grado tentativa,619.0
2024-Q2,2024,2,ESP,3. Delitos graves y menos graves de lesiones y riÃ±a tumultuaria,13799.0
2024-Q2,2024,2,ESP,4. Secuestro,49.0
2024-Q2,2024,2,ESP,5. Delitos contra la libertad sexual,10010.0
2024-Q2,2024,2,ESP,5.1.-AgresiÃ³n sexual con penetraciÃ³n,2465.0
2024-Q2,2024,2,ESP,5.2.-Resto de delitos contra la libertad sexual,7545.0
2024-Q2,2024,2,ESP,6. Robos con violencia e intimidaciÃ³n,30980.0
2024-Q2,2024,2,ESP,"7. Robos con fuerza en domicilios, establecimientos y otras instalaciones",57469.0
2024-Q2,2024,2,ESP,7.1.-Robos con fuerza en domicilios,39287.0
2024-Q2,2024,2,ESP,8. Hurtos,321332.0
2024-Q2,2024,2,ESP,9. Sustracciones de vehÃ­culos,16272.0
2024-Q2,2024,2,ESP,10. TrÃ¡fico de drogas,11009.0
2024-Q2,2024,2,ESP,11. Resto de criminalidad convencional,524710.0
2024-Q2,2024,2,ESP,II. CIBERCRIMINALIDAD (infracciones penales cometidas en/por medio ciber),237640.0
2024-Q2,2024,2,ESP,12.-Estafas informÃ¡ticas,211294.0
2024-Q2,2024,2,ESP,13.-Otros ciberdelitos,26346.0
2024-Q2,2024,2,ESP,III. TOTAL INFRACCIONES PENALES,1224084.0
2024-Q2,2024,2,AND,I. CRIMINALIDAD CONVENCIONAL,163003.0
2024-Q2,2024,2,AND,1. Homicidios dolosos y asesinatos consumados,50.0
2024-Q2,2024,2,AND,2. Homicidios dolosos y asesinatos en grado tentativa,116.0
2024-Q2,2024,2,AND,3. Delitos graves y menos graves de lesiones y riÃ±a tumultuaria,2606.0
2024-Q2,2024,2,AND,4. Secuestro,15.0
2024-Q2,2024,2,AND,5. Delitos contra la libertad sexual,1506.0
2024-Q2,2024,2,AND,5.1.-AgresiÃ³n sexual con penetraciÃ³n,293.0
2024-Q2,2024,2,AND,5.2.-Resto de delitos contra la libertad sexual,1213.0
2024-Q2,2024,2,AND,6. Robos con violencia e intimidaciÃ³n,3738.0
2024-Q2,2024,2,AND,"7. Robos con fuerza en domicilios, establecimientos y otras instalaciones",9213.0
2024-Q2,2024,2,AND,7.1.-Robos con fuerza en domicilios,6347.0
2024-Q2,2024,2,AND,8. Hurtos,45725.0
2024-Q2,2024,2,AND,9. Sustracciones de vehÃ­culos,2964.0
2024-Q2,2024,2,AND,10. TrÃ¡fico de drogas,2300.0
2024-Q2,2024,2,AND,11. Resto de criminalidad convencional,94770.0
2024-Q2,2024,2,AND,II. CIBERCRIMINALIDAD (infracciones penales cometidas en/por medio ciber),41455.0
2024-Q2,2024,2,AND,12.-Estafas informÃ¡ticas,36202.0
2024-Q2,2024,2,AND,13.-Otros ciberdelitos,5253.0
2024-Q2,2024,2,AND,III. TOTAL INFRACCIONES PENALES,204458.0
2024-Q1,2024,1,ESP,I. CRIMINALIDAD CONVENCIONAL,484467.0
2024-Q1,2024,1,ESP,1. Homicidios dolosos y asesinatos consumados,92.0
2024-Q1,2024,1,ESP,2. Homicidios dolosos y asesinatos en grado tentativa,266.0
2024-Q1,2024,1,ESP,3. Delitos graves y menos graves de lesiones y riÃ±a tumultuaria,6242.0
2024-Q1,2024,1,ESP,4. Secuestro,28.0
2024-Q1,2024,1,ESP,5. Delitos contra la libertad sexual,4568.0
2024-Q1,2024,1,ESP,5.1.-AgresiÃ³n sexual con penetraciÃ³n,1138.0
2024-Q1,2024,1,ESP,5.2.-Resto de delitos contra la libertad sexual,3430.0
2024-Q1,2024,1,ESP,6. Robos con violencia e intimidaciÃ³n,15020.0
2024-Q1,2024,1,ESP,"7. Robos con fuerza en domicilios, establecimientos y otras instalaciones",30621.0
2024-Q1,2024,1,ESP,7.1.-Robos con fuerza en domicilios,20872.0
2024-Q1,2024,1,ESP,8. Hurtos,156967.0
2024-Q1,2024,1,ESP,9. Sustracciones de vehÃ­culos,8031.0
2024-Q1,2024,1,ESP,10. TrÃ¡fico de drogas,5045.0
2024-Q1,2024,1,ESP,11. Resto de criminalidad convencional,257587.0
2024-Q1,2024,1,ESP,II. CIBERCRIMINALIDAD (infracciones penales cometidas en/por medio ciber),122428.0
2024-Q1,2024,1,ESP,12.-Estafas informÃ¡ticas,110268.0
2024-Q1,2024,1,ESP,13.-Otros ciberdelitos,12160.0
2024-Q1,2024,1,ESP,III. TOTAL INFRACCIONES PENALES,606895.0
2024-Q1,2024,1,AND,I. CRIMINALIDAD CONVENCIONAL,77809.0
2024-Q1,2024,1,AND,1. Homicidios dolosos y asesinatos consumados,27.0
2024-Q1,2024,1,AND,2. Homicidios dolosos y asesinatos en grado tentativa,48.0
2024-Q1,2024,1,AND,3. Delitos graves y menos graves de lesiones y riÃ±a tumultuaria,1171.0
2024-Q1,2024,1,AND,4. Secuestro,9.0
2024-Q1,2024,1,AND,5. Delitos contra la libertad sexual,694.0
2024-Q1,2024,1,AND,5.1.-AgresiÃ³n sexual con penetraciÃ³n,119.0
2024-Q1,2024,1,AND,5.2.-Resto de delitos contra la libertad sexual,575.0
2024-Q1,2024,1,AND,6. Robos con violencia e intimidaciÃ³n,1818.0
2024-Q1,2024,1,AND,"7. Robos con fuerza en domicilios, establecimientos y otras instalaciones",4785.0
2024-Q1,2024,1,AND,7.1.-Robos con fuerza en domicilios,3297.0
2024-Q1,2024,1,AND,8. Hurtos,21392.0
2024-Q1,2024,1,AND,9. Sustracciones de vehÃ­culos,1526.0
2024-Q1,2024,1,AND,10. TrÃ¡fico de drogas,1047.0
2024-Q1,2024,1,AND,11. Resto de criminalidad convencional,45292.0
2024-Q1,2024,1,AND,II. CIBERCRIMINALIDAD (infracciones penales cometidas en/por medio ciber),21604.0
2024-Q1,2024,1,AND,12.-Estafas informÃ¡ticas,19064.0
2024-Q1,2024,1,AND,13.-Otros ciberdelitos,2540.0
2024-Q1,2024,1,AND,III. TOTAL INFRACCIONES PENALES,99413.0
2023-Q4,2023,4,ESP,I. CRIMINALIDAD CONVENCIONAL,1989271.0
2023-Q4,2023,4,ESP,1. Homicidios dolosos y asesinatos consumados,336.0
2023-Q4,2023,4,ESP,2. Homicidios dolosos y asesinatos en grado tentativa,1349.0
2023-Q4,2023,4,ESP,3. Delitos graves y menos graves de lesiones y riÃ±a tumultuaria,27413.0
2023-Q4,2023,4,ESP,4. Secuestro,122.0
2023-Q4,2023,4,ESP,5. Delitos contra la libertad sexual,19981.0
2023-Q4,2023,4,ESP,5.1.-AgresiÃ³n sexual con penetraciÃ³n,4875.0
2023-Q4,2023,4,ESP,5.2.-Resto de delitos contra la libertad sexual,15106.0
2023-Q4,2023,4,ESP,6. Robos con violencia e intimidaciÃ³n,64785.0
2023-Q4,2023,4,ESP,"7. Robos con fuerza en domicilios, establecimientos y otras instalaciones",122444.0
2023-Q4,2023,4,ESP,7.1.-Robos con fuerza en domicilios,84446.0
2023-Q4,2023,4,ESP,8. Hurtos,663370.0
2023-Q4,2023,4,ESP,9. Sustracciones de vehÃ­culos,32820.0
2023-Q4,2023,4,ESP,10. TrÃ¡fico de drogas,20875.0
2023-Q4,2023,4,ESP,11. Resto de criminalidad convencional,1035776.0
2023-Q4,2023,4,ESP,II. CIBERCRIMINALIDAD (infracciones penales cometidas en/por medio ciber),470388.0
2023-Q4,2023,4,ESP,12.-Estafas informÃ¡ticas,426744.0
2023-Q4,2023,4,ESP,13.-Otros ciberdelitos,43644.0
2023-Q4,2023,4,ESP,III. TOTAL INFRACCIONES PENALES,2459659.0
2023-Q4,2023,4,AND,I. CRIMINALIDAD CONVENCIONAL,332242.0
2023-Q4,2023,4,AND,1. Homicidios dolosos y asesinatos consumados,71.0
2023-Q4,2023,4,AND,2. Homicidios dolosos y asesinatos en grado tentativa,291.0
2023-Q4,2023,4,AND,3. Delitos graves y menos graves de lesiones y riÃ±a tumultuaria,5142.0
2023-Q4,2023,4,AND,4. Secuestro,35.0
2023-Q4,2023,4,AND,5. Delitos contra la libertad sexual,3062.0
2023-Q4,2023,4,AND,5.1.-AgresiÃ³n sexual con penetraciÃ³n,603.0
2023-Q4,2023,4,AND,5.2.-Resto de delitos contra la libertad sexual,2459.0
2023-Q4,2023,4,AND,6. Robos con violencia e intimidaciÃ³n,7705.0
2023-Q4,2023,4,AND,"7. Robos con fuerza en domicilios, establecimientos y otras instalaciones",20266.0
2023-Q4,2023,4,AND,7.1.-Robos con fuerza en domicilios,14081.0
2023-Q4,2023,4,AND,8. Hurtos,95607.0
2023-Q4,2023,4,AND,9. Sustracciones de vehÃ­culos,5965.0
2023-Q4,2023,4,AND,10. TrÃ¡fico de drogas,4782.0
2023-Q4,2023,4,AND,11. Resto de criminalidad convencional,189316.0
2023-Q4,2023,4,AND,II. CIBERCRIMINALIDAD (infracciones penales cometidas en/por medio ciber),81251.0
2023-Q4,2023,4,AND,12.-Estafas informÃ¡ticas,72784.0
2023-Q4,2023,4,AND,13.-Otros ciberdelitos,8467.0
2023-Q4,2023,4,AND,III. TOTAL INFRACCIONES PENALES,413493.0
2023-Q3,2023,3,ESP,I. CRIMINALIDAD CONVENCIONAL,1489660.0
2023-Q3,2023,3,ESP,1. Homicidios dolosos y asesinatos consumados,268.0
2023-Q3,2023,3,ESP,2. Homicidios dolosos y asesinatos en grado tentativa,1052.0
2023-Q3,2023,3,ESP,3. Delitos graves y menos graves de lesiones y riÃ±a tumultuaria,20666.0
2023-Q3,2023,3,ESP,4. Secuestro,91.0
2023-Q3,2023,3,ESP,5. Delitos contra la libertad sexual,15051.0
2023-Q3,2023,3,ESP,5.1.-AgresiÃ³n sexual con penetraciÃ³n,3693.0
2023-Q3,2023,3,ESP,5.2.-Resto de delitos contra la libertad sexual,11358.0
2023-Q3,2023,3,ESP,6. Robos con violencia e intimidaciÃ³n,48262.0
2023-Q3,2023,3,ESP,"7. Robos con fuerza en domicilios, establecimientos y otras instalaciones",90258.0
2023-Q3,2023,3,ESP,7.1.-Robos con fuerza en domicilios,62147.0
2023-Q3,2023,3,ESP,8. Hurtos,498984.0
2023-Q3,2023,3,ESP,9. Sustracciones de vehÃ­culos,24229.0
2023-Q3,2023,3,ESP,10. TrÃ¡fico de drogas,15750.0
2023-Q3,2023,3,ESP,11. Resto de criminalidad convencional,775049.0
2023-Q3,2023,3,ESP,II. CIBERCRIMINALIDAD (infracciones penales cometidas en/por medio ciber),337251.0
2023-Q3,2023,3,ESP,12.-Estafas informÃ¡ticas,304819.0
2023-Q3,2023,3,ESP,13.-Otros ciberdelitos,32432.0
2023-Q3,2023,3,ESP,III. TOTAL INFRACCIONES PENALES,1826911.0
2023-Q3,2023,3,AND,I. CRIMINALIDAD CONVENCIONAL,250502.0
2023-Q3,2023,3,AND,1. Homicidios dolosos y asesinatos consumados,62.0
2023-Q3,2023,3,AND,2. Homicidios dolosos y asesinatos en grado tentativa,226.0
2023-Q3,2023,3,AND,3. Delitos graves y menos graves de lesiones y riÃ±a tumultuaria,3862.0
2023-Q3,2023,3,AND,4. Secuestro,29.0
2023-Q3,2023,3,AND,5. Delitos contra la libertad sexual,2358.0
2023-Q3,2023,3,AND,5.1.-AgresiÃ³n sexual con penetraciÃ³n,474.0
2023-Q3,2023,3,AND,5.2.-Resto de delitos contra la libertad sexual,1884.0
2023-Q3,2023,3,AND,6. Robos con violencia e intimidaciÃ³n,5699.0
2023-Q3,2023,3,AND,"7. Robos con fuerza en domicilios, establecimientos y otras instalaciones",15087.0
2023-Q3,2023,3,AND,7.1.-Robos con fuerza en domicilios,10412.0
2023-Q3,2023,3,AND,8. Hurtos,72221.0
2023-Q3,2023,3,AND,9. Sustracciones de vehÃ­culos,4456.0
2023-Q3,2023,3,AND,10. TrÃ¡fico de drogas,3529.0
2023-Q3,2023,3,AND,11. Resto de criminalidad convencional,142973.0
2023-Q3,2023,3,AND,II. CIBERCRIMINALIDAD (infracciones penales cometidas en/por medio ciber),57576.0
2023-Q3,2023,3,AND,12.-Estafas informÃ¡ticas,51363.0
2023-Q3,2023,3,AND,13.-Otros ciberdelitos,6213.0
2023-Q3,2023,3,AND,III. TOTAL INFRACCIONES PENALES,308078.0
2023-Q2,2023,2,ESP,I. CRIMINALIDAD CONVENCIONAL,972640.0
2023-Q2,2023,2,ESP,1. Homicidios dolosos y asesinatos consumados,177.0
2023-Q2,2023,2,ESP,2. Homicidios dolosos y asesinatos en grado tentativa,639.0
2023-Q2,2023,2,ESP,3. Delitos graves y menos graves de lesiones y riÃ±a tumultuaria,12708.0
2023-Q2,2023,2,ESP,4. Secuestro,65.0
2023-Q2,2023,2,ESP,5. Delitos contra la libertad sexual,9560.0
2023-Q2,2023,2,ESP,5.1.-AgresiÃ³n sexual con penetraciÃ³n,2307.0
2023-Q2,2023,2,ESP,5.2.-Resto de delitos contra la libertad sexual,7253.0
2023-Q2,2023,2,ESP,6. Robos con violencia e intimidaciÃ³n,31146.0
2023-Q2,2023,2,ESP,"7. Robos con fuerza en domicilios, establecimientos y otras instalaciones",59534.0
2023-Q2,2023,2,ESP,7.1.-Robos con fuerza en domicilios,40341.0
2023-Q2,2023,2,ESP,8. Hurtos,325006.0
2023-Q2,2023,2,ESP,9. Sustracciones de vehÃ­culos,15898.0
2023-Q2,2023,2,ESP,10. TrÃ¡fico de drogas,10598.0
2023-Q2,2023,2,ESP,11. Resto de criminalidad convencional,507309.0
2023-Q2,2023,2,ESP,II. CIBERCRIMINALIDAD (infracciones penales cometidas en/por medio ciber),217679.0
2023-Q2,2023,2,ESP,12.-Estafas informÃ¡ticas,195769.0
2023-Q2,2023,2,ESP,13.-Otros ciberdelitos,21910.0
2023-Q2,2023,2,ESP,III. TOTAL INFRACCIONES PENALES,1190319.0
2023-Q2,2023,2,AND,I. CRIMINALIDAD CONVENCIONAL,163980.0
2023-Q2,2023,2,AND,1. Homicidios dolosos y asesinatos consumados,43.0
2023-Q2,2023,2,AND,2. Homicidios dolosos y asesinatos en grado tentativa,133.0
2023-Q2,2023,2,AND,3. Delitos graves y menos graves de lesiones y riÃ±a tumultuaria,2429.0
2023-Q2,2023,2,AND,4. Secuestro,22.0
2023-Q2,2023,2,AND,5. Delitos contra la libertad sexual,1571.0
2023-Q2,2023,2,AND,5.1.-AgresiÃ³n sexual con penetraciÃ³n,298.0
2023-Q2,2023,2,AND,5.2.-Resto de delitos contra la libertad sexual,1273.0
2023-Q2,2023,2,AND,6. Robos con violencia e intimidaciÃ³n,3624.0
2023-Q2,2023,2,AND,"7. Robos con fuerza en domicilios, establecimientos y otras instalaciones",9650.0
2023-Q2,2023,2,AND,7.1.-Robos con fuerza en domicilios,6508.0
2023-Q2,2023,2,AND,8. Hurtos,47228.0
2023-Q2,2023,2,AND,9. Sustracciones de vehÃ­culos,2917.0
2023-Q2,2023,2,AND,10. TrÃ¡fico de drogas,2528.0
2023-Q2,2023,2,AND,11. Resto de criminalidad convencional,93835.0
2023-Q2,2023,2,AND,II. CIBERCRIMINALIDAD (infracciones penales cometidas en/por medio ciber),36023.0
2023-Q2,2023,2,AND,12.-Estafas informÃ¡ticas,31972.0
2023-Q2,2023,2,AND,13.-Otros ciberdelitos,4051.0
2023-Q2,2023,2,AND,III. TOTAL INFRACCIONES PENALES,200003.0
2023-Q1,2023,1,ESP,I. CRIMINALIDAD CONVENCIONAL,480906.0
2023-Q1,2023,1,ESP,1. Homicidios dolosos y asesinatos consumados,84.0
2023-Q1,2023,1,ESP,2. Homicidios dolosos y asesinatos en grado tentativa,279.0
2023-Q1,2023,1,ESP,3. Delitos graves y menos graves de lesiones y riÃ±a tumultuaria,5698.0
2023-Q1,2023,1,ESP,4. Secuestro,34.0
2023-Q1,2023,1,ESP,5. Delitos contra la libertad sexual,4303.0
2023-Q1,2023,1,ESP,5.1.-AgresiÃ³n sexual con penetraciÃ³n,1021.0
2023-Q1,2023,1,ESP,5.2.-Resto de delitos contra la libertad sexual,3282.0
2023-Q1,2023,1,ESP,6. Robos con violencia e intimidaciÃ³n,15458.0
2023-Q1,2023,1,ESP,"7. Robos con fuerza en domicilios, establecimientos y otras instalaciones",31984.0
2023-Q1,2023,1,ESP,7.1.-Robos con fuerza en domicilios,21541.0
2023-Q1,2023,1,ESP,8. Hurtos,163476.0
2023-Q1,2023,1,ESP,9. Sustracciones de vehÃ­culos,7870.0
2023-Q1,2023,1,ESP,10. TrÃ¡fico de drogas,4901.0
2023-Q1,2023,1,ESP,11. Resto de criminalidad convencional,246819.0
2023-Q1,2023,1,ESP,II. CIBERCRIMINALIDAD (infracciones penales cometidas en/por medio ciber),107879.0
2023-Q1,2023,1,ESP,12.-Estafas informÃ¡ticas,96561.0
2023-Q1,2023,1,ESP,13.-Otros ciberdelitos,11318.0
2023-Q1,2023,1,ESP,III. TOTAL INFRACCIONES PENALES,588785.0
2023-Q1,2023,1,AND,I. CRIMINALIDAD CONVENCIONAL,79848.0
2023-Q1,2023,1,AND,1. Homicidios dolosos y asesinatos consumados,22.0
2023-Q1,2023,1,AND,2. Homicidios dolosos y asesinatos en grado tentativa,66.0
2023-Q1,2023,1,AND,3. Delitos graves y menos graves de lesiones y riÃ±a tumultuaria,1072.0
2023-Q1,2023,1,AND,4. Secuestro,12.0
2023-Q1,2023,1,AND,5. Delitos contra la libertad sexual,723.0
2023-Q1,2023,1,AND,5.1.-AgresiÃ³n sexual con penetraciÃ³n,127.0
2023-Q1,2023,1,AND,5.2.-Resto de delitos contra la libertad sexual,596.0
2023-Q1,2023,1,AND,6. Robos con violencia e intimidaciÃ³n,1763.0
2023-Q1,2023,1,AND,"7. Robos con fuerza en domicilios, establecimientos y otras instalaciones",4946.0
2023-Q1,2023,1,AND,7.1.-Robos con fuerza en domicilios,3310.0
2023-Q1,2023,1,AND,8. Hurtos,23042.0
2023-Q1,2023,1,AND,9. Sustracciones de vehÃ­culos,1355.0
2023-Q1,2023,1,AND,10. TrÃ¡fico de drogas,1125.0
2023-Q1,2023,1,AND,11. Resto de criminalidad convencional,45722.0
2023-Q1,2023,1,AND,II. CIBERCRIMINALIDAD (infracciones penales cometidas en/por medio ciber),17747.0
2023-Q1,2023,1,AND,12.-Estafas informÃ¡ticas,15720.0
2023-Q1,2023,1,AND,13.-Otros ciberdelitos,2027.0
2023-Q1,2023,1,AND,III. TOTAL INFRACCIONES PENALES,97595.0
2022-Q4,2022,4,ESP,I. CRIMINALIDAD CONVENCIONAL,1949852.0
2022-Q4,2022,4,ESP,1. Homicidios dolosos y asesinatos consumados,325.0
2022-Q4,2022,4,ESP,2. Homicidios dolosos y asesinatos en grado tentativa,1208.0
2022-Q4,2022,4,ESP,3. Delitos graves y menos graves de lesiones y riÃ±a tumultuaria,26422.0
2022-Q4,2022,4,ESP,4. Secuestro,85.0
2022-Q4,2022,4,ESP,5. Delitos contra la libertad sexual,17389.0
2022-Q4,2022,4,ESP,5.1.-AgresiÃ³n sexual con penetraciÃ³n,2870.0
2022-Q4,2022,4,ESP,5.2.-Resto de delitos contra la libertad sexual,14519.0
2022-Q4,2022,4,ESP,6. Robos con violencia e intimidaciÃ³n,63711.0
2022-Q4,2022,4,ESP,"7. Robos con fuerza en domicilios, establecimientos y otras instalaciones",120676.0
2022-Q4,2022,4,ESP,7.1.-Robos con fuerza en domicilios,86308.0
2022-Q4,2022,4,ESP,8. Hurtos,642579.0
2022-Q4,2022,4,ESP,9. Sustracciones de vehÃ­culos,30982.0
2022-Q4,2022,4,ESP,10. TrÃ¡fico de drogas,19014.0
2022-Q4,2022,4,ESP,11. Resto de criminalidad convencional,1027461.0
2022-Q4,2022,4,ESP,II. CIBERCRIMINALIDAD (infracciones penales cometidas en/por medio ciber),375506.0
2022-Q4,2022,4,ESP,12.-Estafas informÃ¡ticas,336778.0
2022-Q4,2022,4,ESP,13.-Otros ciberdelitos,38728.0
2022-Q4,2022,4,ESP,III. TOTAL INFRACCIONES PENALES,2325358.0
2022-Q4,2022,4,AND,I. CRIMINALIDAD CONVENCIONAL,322544.0
2022-Q4,2022,4,AND,1. Homicidios dolosos y asesinatos consumados,74.0
2022-Q4,2022,4,AND,2. Homicidios dolosos y asesinatos en grado tentativa,283.0
2022-Q4,2022,4,AND,3. Delitos graves y menos graves de lesiones y riÃ±a tumultuaria,4836.0
2022-Q4,2022,4,AND,4. Secuestro,22.0
2022-Q4,2022,4,AND,5. Delitos contra la libertad sexual,2666.0
2022-Q4,2022,4,AND,5.1.-AgresiÃ³n sexual con penetraciÃ³n,378.0
2022-Q4,2022,4,AND,5.2.-Resto de delitos contra la libertad sexual,2288.0
2022-Q4,2022,4,AND,6. Robos con violencia e intimidaciÃ³n,7360.0
2022-Q4,2022,4,AND,"7. Robos con fuerza en domicilios, establecimientos y otras instalaciones",18734.0
2022-Q4,2022,4,AND,7.1.-Robos con fuerza en domicilios,13242.0
2022-Q4,2022,4,AND,8. Hurtos,89115.0
2022-Q4,2022,4,AND,9. Sustracciones de vehÃ­culos,5625.0
2022-Q4,2022,4,AND,10. TrÃ¡fico de drogas,4608.0
2022-Q4,2022,4,AND,11. Resto de criminalidad convencional,189221.0
2022-Q4,2022,4,AND,II. CIBERCRIMINALIDAD (infracciones penales cometidas en/por medio ciber),56996.0
2022-Q4,2022,4,AND,12.-Estafas informÃ¡ticas,49432.0
2022-Q4,2022,4,AND,13.-Otros ciberdelitos,7564.0
2022-Q4,2022,4,AND,III. TOTAL INFRACCIONES PENALES,379540.0
2022-Q3,2022,3,ESP,1.-Homicidios dolosos y asesinatos consumados,237.0
2022-Q3,2022,3,ESP,2.-Homicidios dolosos y asesinatos en grado tentativa,868.0
2022-Q3,2022,3,ESP,3.-Delitos graves y menos graves de lesiones y riÃ±a tumultuaria,20076.0
2022-Q3,2022,3,ESP,4.-Secuestro,55.0
2022-Q3,2022,3,ESP,5.-Delitos contra la libertad e indemnidad sexual,14674.0
2022-Q3,2022,3,ESP,5.1.-AgresiÃ³n sexual con penetraciÃ³n,1942.0
2022-Q3,2022,3,ESP,5.2.-Resto de delitos contra la libertad e indemnidad sexual,12732.0
2022-Q3,2022,3,ESP,6.-Robos con violencia e intimidaciÃ³n,47293.0
2022-Q3,2022,3,ESP,"7.- Robos con fuerza en domicilios, establecimientos y otras instalaciones",88320.0
2022-Q3,2022,3,ESP,7.1.-Robos con fuerza en domicilios,63407.0
2022-Q3,2022,3,ESP,8.-Hurtos,477934.0
2022-Q3,2022,3,ESP,9.-Sustracciones de vehÃ­culos,22913.0
2022-Q3,2022,3,ESP,10.-TrÃ¡fico de drogas,14361.0
2022-Q3,2022,3,ESP,Resto de infracciones penales,1047894.0
2022-Q3,2022,3,ESP,TOTAL INFRACCIONES PENALES,1734625.0
2022-Q3,2022,3,AND,1.-Homicidios dolosos y asesinatos consumados,58.0
2022-Q3,2022,3,AND,2.-Homicidios dolosos y asesinatos en grado tentativa,207.0
2022-Q3,2022,3,AND,3.-Delitos graves y menos graves de lesiones y riÃ±a tumultuaria,3668.0
2022-Q3,2022,3,AND,4.-Secuestro,13.0
2022-Q3,2022,3,AND,5.-Delitos contra la libertad e indemnidad sexual,2401.0
2022-Q3,2022,3,AND,5.1.-AgresiÃ³n sexual con penetraciÃ³n,257.0
2022-Q3,2022,3,AND,5.2.-Resto de delitos contra la libertad e indemnidad sexual,2144.0
2022-Q3,2022,3,AND,6.-Robos con violencia e intimidaciÃ³n,5496.0
2022-Q3,2022,3,AND,"7.- Robos con fuerza en domicilios, establecimientos y otras instalaciones",14117.0
2022-Q3,2022,3,AND,7.1.-Robos con fuerza en domicilios,10102.0
2022-Q3,2022,3,AND,8.-Hurtos,67049.0
2022-Q3,2022,3,AND,9.-Sustracciones de vehÃ­culos,4178.0
2022-Q3,2022,3,AND,10.-TrÃ¡fico de drogas,3548.0
2022-Q3,2022,3,AND,Resto de infracciones penales,183701.0
2022-Q3,2022,3,AND,TOTAL INFRACCIONES PENALES,284436.0
2022-Q2,2022,2,ESP,1.-Homicidios dolosos y asesinatos consumados,158.0
2022-Q2,2022,2,ESP,2.-Homicidios dolosos y asesinatos en grado tentativa,545.0
2022-Q2,2022,2,ESP,3.-Delitos graves y menos graves de lesiones y riÃ±a tumultuaria,12359.0
2022-Q2,2022,2,ESP,4.-Secuestro,39.0
2022-Q2,2022,2,ESP,5.-Delitos contra la libertad e indemnidad sexual,9389.0
2022-Q2,2022,2,ESP,5.1.-AgresiÃ³n sexual con penetraciÃ³n,1211.0
2022-Q2,2022,2,ESP,5.2.-Resto de delitos contra la libertad e indemnidad sexual,8178.0
2022-Q2,2022,2,ESP,6.-Robos con violencia e intimidaciÃ³n,30439.0
2022-Q2,2022,2,ESP,"7.- Robos con fuerza en domicilios, establecimientos y otras instalaciones",57837.0
2022-Q2,2022,2,ESP,7.1.-Robos con fuerza en domicilios,40797.0
2022-Q2,2022,2,ESP,8.-Hurtos,306269.0
2022-Q2,2022,2,ESP,9.-Sustracciones de vehÃ­culos,14852.0
2022-Q2,2022,2,ESP,10.-TrÃ¡fico de drogas,9421.0
2022-Q2,2022,2,ESP,Resto de infracciones penales,685839.0
2022-Q2,2022,2,ESP,TOTAL INFRACCIONES PENALES,1127147.0
2022-Q2,2022,2,AND,1.-Homicidios dolosos y asesinatos consumados,37.0
2022-Q2,2022,2,AND,2.-Homicidios dolosos y asesinatos en grado tentativa,126.0
2022-Q2,2022,2,AND,3.-Delitos graves y menos graves de lesiones y riÃ±a tumultuaria,2251.0
2022-Q2,2022,2,AND,4.-Secuestro,9.0
2022-Q2,2022,2,AND,5.-Delitos contra la libertad e indemnidad sexual,1606.0
2022-Q2,2022,2,AND,5.1.-AgresiÃ³n sexual con penetraciÃ³n,164.0
2022-Q2,2022,2,AND,5.2.-Resto de delitos contra la libertad e indemnidad sexual,1442.0
2022-Q2,2022,2,AND,6.-Robos con violencia e intimidaciÃ³n,3546.0
2022-Q2,2022,2,AND,"7.- Robos con fuerza en domicilios, establecimientos y otras instalaciones",9181.0
2022-Q2,2022,2,AND,7.1.-Robos con fuerza en domicilios,6417.0
2022-Q2,2022,2,AND,8.-Hurtos,42940.0
2022-Q2,2022,2,AND,9.-Sustracciones de vehÃ­culos,2647.0
2022-Q2,2022,2,AND,10.-TrÃ¡fico de drogas,2387.0
2022-Q2,2022,2,AND,Resto de infracciones penales,118450.0
2022-Q2,2022,2,AND,TOTAL INFRACCIONES PENALES,183180.0
2022-Q1,2022,1,ESP,1.-Homicidios dolosos y asesinatos consumados,74.0
2022-Q1,2022,1,ESP,2.-Homicidios dolosos y asesinatos en grado tentativa,244.0
2022-Q1,2022,1,ESP,3.-Delitos graves y menos graves de lesiones y riÃ±a tumultuaria,5364.0
2022-Q1,2022,1,ESP,4.-Secuestro,14.0
2022-Q1,2022,1,ESP,5.-Delitos contra la libertad e indemnidad sexual,4191.0
2022-Q1,2022,1,ESP,5.1.-AgresiÃ³n sexual con penetraciÃ³n,544.0
2022-Q1,2022,1,ESP,5.2.-Resto de delitos contra la libertad e indemnidad sexual,3647.0
2022-Q1,2022,1,ESP,6.-Robos con violencia e intimidaciÃ³n,14892.0
2022-Q1,2022,1,ESP,"7.- Robos con fuerza en domicilios, establecimientos y otras instalaciones",29913.0
2022-Q1,2022,1,ESP,7.1.-Robos con fuerza en domicilios,20933.0
2022-Q1,2022,1,ESP,8.-Hurtos,145399.0
2022-Q1,2022,1,ESP,9.-Sustracciones de vehÃ­culos,7172.0
2022-Q1,2022,1,ESP,10.-TrÃ¡fico de drogas,4482.0
2022-Q1,2022,1,ESP,Resto de infracciones penales,338405.0
2022-Q1,2022,1,ESP,TOTAL INFRACCIONES PENALES,550150.0
2022-Q1,2022,1,AND,1.-Homicidios dolosos y asesinatos consumados,13.0
2022-Q1,2022,1,AND,2.-Homicidios dolosos y asesinatos en grado tentativa,56.0
2022-Q1,2022,1,AND,3.-Delitos graves y menos graves de lesiones y riÃ±a tumultuaria,989.0
2022-Q1,2022,1,AND,4.-Secuestro,4.0
2022-Q1,2022,1,AND,5.-Delitos contra la libertad e indemnidad sexual,751.0
2022-Q1,2022,1,AND,5.1.-AgresiÃ³n sexual con penetraciÃ³n,76.0
2022-Q1,2022,1,AND,5.2.-Resto de delitos contra la libertad e indemnidad sexual,675.0
2022-Q1,2022,1,AND,6.-Robos con violencia e intimidaciÃ³n,1792.0
2022-Q1,2022,1,AND,"7.- Robos con fuerza en domicilios, establecimientos y otras instalaciones",4404.0
2022-Q1,2022,1,AND,7.1.-Robos con fuerza en domicilios,3013.0
2022-Q1,2022,1,AND,8.-Hurtos,20242.0
2022-Q1,2022,1,AND,9.-Sustracciones de vehÃ­culos,1207.0
2022-Q1,2022,1,AND,10.-TrÃ¡fico de drogas,1132.0
2022-Q1,2022,1,AND,Resto de infracciones penales,57818.0
2022-Q1,2022,1,AND,TOTAL INFRACCIONES PENALES,88408.0
2021-Q4,2021,4,ESP,1.-Homicidios dolosos y asesinatos consumados,290.0
2021-Q4,2021,4,ESP,2.-Homicidios dolosos y asesinatos en grado tentativa,1032.0
2021-Q4,2021,4,ESP,3.-Delitos graves y menos graves de lesiones y riÃ±a tumultuaria,20252.0
2021-Q4,2021,4,ESP,4.-Secuestro,97.0
2021-Q4,2021,4,ESP,5.-Delitos contra la libertad e indemnidad sexual,17016.0
2021-Q4,2021,4,ESP,5.1.-AgresiÃ³n sexual con penetraciÃ³n,2143.0
2021-Q4,2021,4,ESP,5.2.-Resto de delitos contra la libertad e indemnidad sexual,14873.0
2021-Q4,2021,4,ESP,6.-Robos con violencia e intimidaciÃ³n,53073.0
2021-Q4,2021,4,ESP,"7.- Robos con fuerza en domicilios, establecimientos y otras instalaciones",105274.0
2021-Q4,2021,4,ESP,7.1.-Robos con fuerza en domicilios,75501.0
2021-Q4,2021,4,ESP,8.-Hurtos,493479.0
2021-Q4,2021,4,ESP,9.-Sustracciones de vehÃ­culos,26417.0
2021-Q4,2021,4,ESP,10.-TrÃ¡fico de drogas,18313.0
2021-Q4,2021,4,ESP,Resto de infracciones penales,1222476.0
2021-Q4,2021,4,ESP,TOTAL INFRACCIONES PENALES,1957719.0
2021-Q4,2021,4,AND,1.-Homicidios dolosos y asesinatos consumados,55.0
2021-Q4,2021,4,AND,2.-Homicidios dolosos y asesinatos en grado tentativa,219.0
2021-Q4,2021,4,AND,3.-Delitos graves y menos graves de lesiones y riÃ±a tumultuaria,3648.0
2021-Q4,2021,4,AND,4.-Secuestro,27.0
2021-Q4,2021,4,AND,5.-Delitos contra la libertad e indemnidad sexual,2690.0
2021-Q4,2021,4,AND,5.1.-AgresiÃ³n sexual con penetraciÃ³n,281.0
2021-Q4,2021,4,AND,5.2.-Resto de delitos contra la libertad e indemnidad sexual,2409.0
2021-Q4,2021,4,AND,6.-Robos con violencia e intimidaciÃ³n,5911.0
2021-Q4,2021,4,AND,"7.- Robos con fuerza en domicilios, establecimientos y otras instalaciones",16381.0
2021-Q4,2021,4,AND,7.1.-Robos con fuerza en domicilios,11457.0
2021-Q4,2021,4,AND,8.-Hurtos,68916.0
2021-Q4,2021,4,AND,9.-Sustracciones de vehÃ­culos,4848.0
2021-Q4,2021,4,AND,10.-TrÃ¡fico de drogas,4816.0
2021-Q4,2021,4,AND,Resto de infracciones penales,207383.0
2021-Q4,2021,4,AND,TOTAL INFRACCIONES PENALES,314894.0
2021-Q3,2021,3,ESP,1.-Homicidios dolosos y asesinatos consumados,206.0
2021-Q3,2021,3,ESP,2.-Homicidios dolosos y asesinatos en grado tentativa,746.0
2021-Q3,2021,3,ESP,3.-Delitos graves y menos graves de lesiones y riÃ±a tumultuaria,14310.0
2021-Q3,2021,3,ESP,4.-Secuestro,73.0
2021-Q3,2021,3,ESP,5.-Delitos contra la libertad e indemnidad sexual,12638.0
2021-Q3,2021,3,ESP,5.1.-AgresiÃ³n sexual con penetraciÃ³n,1601.0
2021-Q3,2021,3,ESP,5.2.-Resto de delitos contra la libertad e indemnidad sexual,11037.0
2021-Q3,2021,3,ESP,6.-Robos con violencia e intimidaciÃ³n,37467.0
2021-Q3,2021,3,ESP,"7.- Robos con fuerza en domicilios, establecimientos y otras instalaciones",75448.0
2021-Q3,2021,3,ESP,7.1.-Robos con fuerza en domicilios,54310.0
2021-Q3,2021,3,ESP,8.-Hurtos,349433.0
2021-Q3,2021,3,ESP,9.-Sustracciones de vehÃ­culos,19167.0
2021-Q3,2021,3,ESP,10.-TrÃ¡fico de drogas,13944.0
2021-Q3,2021,3,ESP,Resto de infracciones penales,897912.0
2021-Q3,2021,3,ESP,TOTAL INFRACCIONES PENALES,1421344.0
2021-Q3,2021,3,AND,1.-Homicidios dolosos y asesinatos consumados,43.0
2021-Q3,2021,3,AND,2.-Homicidios dolosos y asesinatos en grado tentativa,162.0
2021-Q3,2021,3,AND,3.-Delitos graves y menos graves de lesiones y riÃ±a tumultuaria,2601.0
2021-Q3,2021,3,AND,4.-Secuestro,18.0
2021-Q3,2021,3,AND,5.-Delitos contra la libertad e indemnidad sexual,2012.0
2021-Q3,2021,3,AND,5.1.-AgresiÃ³n sexual con penetraciÃ³n,212.0
2021-Q3,2021,3,AND,5.2.-Resto de delitos contra la libertad e indemnidad sexual,1800.0
2021-Q3,2021,3,AND,6.-Robos con violencia e intimidaciÃ³n,4097.0
2021-Q3,2021,3,AND,"7.- Robos con fuerza en domicilios, establecimientos y otras instalaciones",12029.0
2021-Q3,2021,3,AND,7.1.-Robos con fuerza en domicilios,8468.0
2021-Q3,2021,3,AND,8.-Hurtos,49288.0
2021-Q3,2021,3,AND,9.-Sustracciones de vehÃ­culos,3656.0
2021-Q3,2021,3,AND,10.-TrÃ¡fico de drogas,3676.0
2021-Q3,2021,3,AND,Resto de infracciones penales,152989.0
2021-Q3,2021,3,AND,TOTAL INFRACCIONES PENALES,230571.0
2021-Q2,2021,2,ESP,1.-Homicidios dolosos y asesinatos consumados,140.0
2021-Q2,2021,2,ESP,2.-Homicidios dolosos y asesinatos en grado tentativa,467.0
2021-Q2,2021,2,ESP,3.-Delitos graves y menos graves de lesiones y riÃ±a tumultuaria,8332.0
2021-Q2,2021,2,ESP,4.-Secuestro,43.0
2021-Q2,2021,2,ESP,5.-Delitos contra la libertad e indemnidad sexual,7898.0
2021-Q2,2021,2,ESP,5.1.-AgresiÃ³n sexual con penetraciÃ³n,955.0
2021-Q2,2021,2,ESP,5.2.-Resto de delitos contra la libertad e indemnidad sexual,6943.0
2021-Q2,2021,2,ESP,6.-Robos con violencia e intimidaciÃ³n,23005.0
2021-Q2,2021,2,ESP,"7.- Robos con fuerza en domicilios, establecimientos y otras instalaciones",47045.0
2021-Q2,2021,2,ESP,7.1.-Robos con fuerza en domicilios,33293.0
2021-Q2,2021,2,ESP,8.-Hurtos,211868.0
2021-Q2,2021,2,ESP,9.-Sustracciones de vehÃ­culos,12106.0
2021-Q2,2021,2,ESP,10.-TrÃ¡fico de drogas,9051.0
2021-Q2,2021,2,ESP,Resto de infracciones penales,578561.0
2021-Q2,2021,2,ESP,TOTAL INFRACCIONES PENALES,898516.0
2021-Q2,2021,2,AND,1.-Homicidios dolosos y asesinatos consumados,29.0
2021-Q2,2021,2,AND,2.-Homicidios dolosos y asesinatos en grado tentativa,94.0
2021-Q2,2021,2,AND,3.-Delitos graves y menos graves de lesiones y riÃ±a tumultuaria,1535.0
2021-Q2,2021,2,AND,4.-Secuestro,11.0
2021-Q2,2021,2,AND,5.-Delitos contra la libertad e indemnidad sexual,1330.0
2021-Q2,2021,2,AND,5.1.-AgresiÃ³n sexual con penetraciÃ³n,141.0
2021-Q2,2021,2,AND,5.2.-Resto de delitos contra la libertad e indemnidad sexual,1189.0
2021-Q2,2021,2,AND,6.-Robos con violencia e intimidaciÃ³n,2545.0
2021-Q2,2021,2,AND,"7.- Robos con fuerza en domicilios, establecimientos y otras instalaciones",7458.0
2021-Q2,2021,2,AND,7.1.-Robos con fuerza en domicilios,5113.0
2021-Q2,2021,2,AND,8.-Hurtos,29541.0
2021-Q2,2021,2,AND,9.-Sustracciones de vehÃ­culos,2277.0
2021-Q2,2021,2,AND,10.-TrÃ¡fico de drogas,2423.0
2021-Q2,2021,2,AND,Resto de infracciones penales,99445.0
2021-Q2,2021,2,AND,TOTAL INFRACCIONES PENALES,146688.0
2021-Q1,2021,1,ESP,1.-Homicidios dolosos y asesinatos consumados,60.0
2021-Q1,2021,1,ESP,2.-Homicidios dolosos y asesinatos en grado tentativa,190.0
2021-Q1,2021,1,ESP,3.-Delitos graves y menos graves de lesiones y riÃ±a tumultuaria,3404.0
2021-Q1,2021,1,ESP,4.-Secuestro,19.0
2021-Q1,2021,1,ESP,5.-Delitos contra la libertad e indemnidad sexual,3448.0
2021-Q1,2021,1,ESP,5.1.-AgresiÃ³n sexual con penetraciÃ³n,426.0
2021-Q1,2021,1,ESP,5.2.-Resto de delitos contra la libertad e indemnidad sexual,3022.0
2021-Q1,2021,1,ESP,6.-Robos con violencia e intimidaciÃ³n,11073.0
2021-Q1,2021,1,ESP,"7.- Robos con fuerza en domicilios, establecimientos y otras instalaciones",23359.0
2021-Q1,2021,1,ESP,7.1.-Robos con fuerza en domicilios,16465.0
2021-Q1,2021,1,ESP,8.-Hurtos,96112.0
2021-Q1,2021,1,ESP,9.-Sustracciones de vehÃ­culos,5393.0
2021-Q1,2021,1,ESP,10.-TrÃ¡fico de drogas,4276.0
2021-Q1,2021,1,ESP,Resto de infracciones penales,283731.0
2021-Q1,2021,1,ESP,TOTAL INFRACCIONES PENALES,431065.0
2021-Q1,2021,1,AND,1.-Homicidios dolosos y asesinatos consumados,16.0
2021-Q1,2021,1,AND,2.-Homicidios dolosos y asesinatos en grado tentativa,43.0
2021-Q1,2021,1,AND,3.-Delitos graves y menos graves de lesiones y riÃ±a tumultuaria,658.0
2021-Q1,2021,1,AND,4.-Secuestro,2.0
2021-Q1,2021,1,AND,5.-Delitos contra la libertad e indemnidad sexual,581.0
2021-Q1,2021,1,AND,5.1.-AgresiÃ³n sexual con penetraciÃ³n,56.0
2021-Q1,2021,1,AND,5.2.-Resto de delitos contra la libertad e indemnidad sexual,525.0
2021-Q1,2021,1,AND,6.-Robos con violencia e intimidaciÃ³n,1186.0
2021-Q1,2021,1,AND,"7.- Robos con fuerza en domicilios, establecimientos y otras instalaciones",3658.0
2021-Q1,2021,1,AND,7.1.-Robos con fuerza en domicilios,2486.0
2021-Q1,2021,1,AND,8.-Hurtos,13180.0
2021-Q1,2021,1,AND,9.-Sustracciones de vehÃ­culos,984.0
2021-Q1,2021,1,AND,10.-TrÃ¡fico de drogas,1126.0
2021-Q1,2021,1,AND,Resto de infracciones penales,48493.0
2021-Q1,2021,1,AND,TOTAL INFRACCIONES PENALES,69927.0
2020-Q4,2020,4,ESP,1.-Homicidios dolosos y asesinatos consumados,299.0
2020-Q4,2020,4,ESP,2.-Homicidios dolosos y asesinatos en grado tentativa,909.0
2020-Q4,2020,4,ESP,3.-Delitos graves y menos graves de lesiones y riÃ±a tumultuaria,16013.0
2020-Q4,2020,4,ESP,4.-Secuestro,79.0
2020-Q4,2020,4,ESP,5.-Delitos contra la libertad e indemnidad sexual,13240.0
2020-Q4,2020,4,ESP,5.1.-AgresiÃ³n sexual con penetraciÃ³n,1602.0
2020-Q4,2020,4,ESP,5.2.-Resto de delitos contra la libertad e indemnidad sexual,11638.0
2020-Q4,2020,4,ESP,6.-Robos con violencia e intimidaciÃ³n,45472.0
2020-Q4,2020,4,ESP,"7.- Robos con fuerza en domicilios, establecimientos y otras instalaciones",103293.0
2020-Q4,2020,4,ESP,7.1.-Robos con fuerza en domicilios,70481.0
2020-Q4,2020,4,ESP,8.-Hurtos,421248.0
2020-Q4,2020,4,ESP,9.-Sustracciones de vehÃ­culos,26008.0
2020-Q4,2020,4,ESP,10.-TrÃ¡fico de drogas,16996.0
2020-Q4,2020,4,ESP,Resto de infracciones penales,1129809.0
2020-Q4,2020,4,ESP,TOTAL INFRACCIONES PENALES,1773366.0
2020-Q4,2020,4,AND,1.-Homicidios dolosos y asesinatos consumados,60.0
2020-Q4,2020,4,AND,2.-Homicidios dolosos y asesinatos en grado tentativa,238.0
2020-Q4,2020,4,AND,3.-Delitos graves y menos graves de lesiones y riÃ±a tumultuaria,3054.0
2020-Q4,2020,4,AND,4.-Secuestro,23.0
2020-Q4,2020,4,AND,5.-Delitos contra la libertad e indemnidad sexual,2215.0
2020-Q4,2020,4,AND,5.1.-AgresiÃ³n sexual con penetraciÃ³n,240.0
2020-Q4,2020,4,AND,5.2.-Resto de delitos contra la libertad e indemnidad sexual,1975.0
2020-Q4,2020,4,AND,6.-Robos con violencia e intimidaciÃ³n,5208.0
2020-Q4,2020,4,AND,"7.- Robos con fuerza en domicilios, establecimientos y otras instalaciones",17567.0
2020-Q4,2020,4,AND,7.1.-Robos con fuerza en domicilios,12118.0
2020-Q4,2020,4,AND,8.-Hurtos,57570.0
2020-Q4,2020,4,AND,9.-Sustracciones de vehÃ­culos,4947.0
2020-Q4,2020,4,AND,10.-TrÃ¡fico de drogas,4683.0
2020-Q4,2020,4,AND,Resto de infracciones penales,192929.0
2020-Q4,2020,4,AND,TOTAL INFRACCIONES PENALES,288494.0
2020-Q3,2020,3,ESP,1.-Homicidios dolosos y asesinatos consumados,232.0
2020-Q3,2020,3,ESP,2.-Homicidios dolosos y asesinatos en grado tentativa,725.0
2020-Q3,2020,3,ESP,3.-Delitos graves y menos graves de lesiones y riÃ±a tumultuaria,12469.0
2020-Q3,2020,3,ESP,4.-Secuestro,61.0
2020-Q3,2020,3,ESP,5.-Delitos contra la libertad e indemnidad sexual,10154.0
2020-Q3,2020,3,ESP,5.1.-AgresiÃ³n sexual con penetraciÃ³n,1281.0
2020-Q3,2020,3,ESP,5.2.-Resto de delitos contra la libertad e indemnidad sexual,8873.0
2020-Q3,2020,3,ESP,6.-Robos con violencia e intimidaciÃ³n,35213.0
2020-Q3,2020,3,ESP,"7.- Robos con fuerza en domicilios, establecimientos y otras instalaciones",77498.0
2020-Q3,2020,3,ESP,7.1.-Robos con fuerza en domicilios,52891.0
2020-Q3,2020,3,ESP,8.-Hurtos,309913.0
2020-Q3,2020,3,ESP,9.-Sustracciones de vehÃ­culos,19395.0
2020-Q3,2020,3,ESP,10.-TrÃ¡fico de drogas,12662.0
2020-Q3,2020,3,ESP,Resto de infracciones penales,834159.0
2020-Q3,2020,3,ESP,TOTAL INFRACCIONES PENALES,1312481.0
2020-Q3,2020,3,AND,1.-Homicidios dolosos y asesinatos consumados,47.0
2020-Q3,2020,3,AND,2.-Homicidios dolosos y asesinatos en grado tentativa,190.0
2020-Q3,2020,3,AND,3.-Delitos graves y menos graves de lesiones y riÃ±a tumultuaria,2315.0
2020-Q3,2020,3,AND,4.-Secuestro,18.0
2020-Q3,2020,3,AND,5.-Delitos contra la libertad e indemnidad sexual,1665.0
2020-Q3,2020,3,AND,5.1.-AgresiÃ³n sexual con penetraciÃ³n,175.0
2020-Q3,2020,3,AND,5.2.-Resto de delitos contra la libertad e indemnidad sexual,1490.0
2020-Q3,2020,3,AND,6.-Robos con violencia e intimidaciÃ³n,4012.0
2020-Q3,2020,3,AND,"7.- Robos con fuerza en domicilios, establecimientos y otras instalaciones",13426.0
2020-Q3,2020,3,AND,7.1.-Robos con fuerza en domicilios,9387.0
2020-Q3,2020,3,AND,8.-Hurtos,43932.0
2020-Q3,2020,3,AND,9.-Sustracciones de vehÃ­culos,3719.0
2020-Q3,2020,3,AND,10.-TrÃ¡fico de drogas,3456.0
2020-Q3,2020,3,AND,Resto de infracciones penales,144050.0
2020-Q3,2020,3,AND,TOTAL INFRACCIONES PENALES,216830.0
2020-Q2,2020,2,ESP,1.-Homicidios dolosos y asesinatos consumados,143.0
2020-Q2,2020,2,ESP,2.-Homicidios dolosos y asesinatos en grado tentativa,411.0
2020-Q2,2020,2,ESP,3.-Delitos graves y menos graves de lesiones y riÃ±a tumultuaria,7258.0
2020-Q2,2020,2,ESP,4.-Secuestro,36.0
2020-Q2,2020,2,ESP,5.-Delitos contra la libertad e indemnidad sexual,6139.0
2020-Q2,2020,2,ESP,5.1.-AgresiÃ³n sexual con penetraciÃ³n,783.0
2020-Q2,2020,2,ESP,5.2.-Resto de delitos contra la libertad e indemnidad sexual,5356.0
2020-Q2,2020,2,ESP,6.-Robos con violencia e intimidaciÃ³n,21276.0
2020-Q2,2020,2,ESP,"7.- Robos con fuerza en domicilios, establecimientos y otras instalaciones",48200.0
2020-Q2,2020,2,ESP,7.1.-Robos con fuerza en domicilios,32251.0
2020-Q2,2020,2,ESP,8.-Hurtos,190059.0
2020-Q2,2020,2,ESP,9.-Sustracciones de vehÃ­culos,11550.0
2020-Q2,2020,2,ESP,10.-TrÃ¡fico de drogas,8071.0
2020-Q2,2020,2,ESP,Resto de infracciones penales,510446.0
2020-Q2,2020,2,ESP,TOTAL INFRACCIONES PENALES,803609.0
2020-Q2,2020,2,AND,1.-Homicidios dolosos y asesinatos consumados,29.0
2020-Q2,2020,2,AND,2.-Homicidios dolosos y asesinatos en grado tentativa,116.0
2020-Q2,2020,2,AND,3.-Delitos graves y menos graves de lesiones y riÃ±a tumultuaria,1355.0
2020-Q2,2020,2,AND,4.-Secuestro,12.0
2020-Q2,2020,2,AND,5.-Delitos contra la libertad e indemnidad sexual,1009.0
2020-Q2,2020,2,AND,5.1.-AgresiÃ³n sexual con penetraciÃ³n,101.0
2020-Q2,2020,2,AND,5.2.-Resto de delitos contra la libertad e indemnidad sexual,908.0
2020-Q2,2020,2,AND,6.-Robos con violencia e intimidaciÃ³n,2377.0
2020-Q2,2020,2,AND,"7.- Robos con fuerza en domicilios, establecimientos y otras instalaciones",8286.0
2020-Q2,2020,2,AND,7.1.-Robos con fuerza en domicilios,5728.0
2020-Q2,2020,2,AND,8.-Hurtos,26014.0
2020-Q2,2020,2,AND,9.-Sustracciones de vehÃ­culos,2144.0
2020-Q2,2020,2,AND,10.-TrÃ¡fico de drogas,2142.0
2020-Q2,2020,2,AND,Resto de infracciones penales,88785.0
2020-Q2,2020,2,AND,TOTAL INFRACCIONES PENALES,132269.0
2020-Q1,2020,1,ESP,1.-Homicidios dolosos y asesinatos consumados,84.0
2020-Q1,2020,1,ESP,2.-Homicidios dolosos y asesinatos en grado tentativa,184.0
2020-Q1,2020,1,ESP,3.-Delitos graves y menos graves de lesiones y riÃ±a tumultuaria,4087.0
2020-Q1,2020,1,ESP,4.-Secuestro,19.0
2020-Q1,2020,1,ESP,5.-Delitos contra la libertad e indemnidad sexual,3355.0
2020-Q1,2020,1,ESP,5.1.-AgresiÃ³n sexual con penetraciÃ³n,428.0
2020-Q1,2020,1,ESP,5.2.-Resto de delitos contra la libertad e indemnidad sexual,2927.0
2020-Q1,2020,1,ESP,6.-Robos con violencia e intimidaciÃ³n,14602.0
2020-Q1,2020,1,ESP,"7.- Robos con fuerza en domicilios, establecimientos y otras instalaciones",31933.0
2020-Q1,2020,1,ESP,7.1.-Robos con fuerza en domicilios,21090.0
2020-Q1,2020,1,ESP,8.-Hurtos,138598.0
2020-Q1,2020,1,ESP,9.-Sustracciones de vehÃ­culos,7470.0
2020-Q1,2020,1,ESP,10.-TrÃ¡fico de drogas,3856.0
2020-Q1,2020,1,ESP,Resto de infracciones penales,277684.0
2020-Q1,2020,1,ESP,TOTAL INFRACCIONES PENALES,481872.0
2020-Q1,2020,1,AND,1.-Homicidios dolosos y asesinatos consumados,17.0
2020-Q1,2020,1,AND,2.-Homicidios dolosos y asesinatos en grado tentativa,50.0
2020-Q1,2020,1,AND,3.-Delitos graves y menos graves de lesiones y riÃ±a tumultuaria,767.0
2020-Q1,2020,1,AND,4.-Secuestro,6.0
2020-Q1,2020,1,AND,5.-Delitos contra la libertad e indemnidad sexual,532.0
2020-Q1,2020,1,AND,5.1.-AgresiÃ³n sexual con penetraciÃ³n,57.0
2020-Q1,2020,1,AND,5.2.-Resto de delitos contra la libertad e indemnidad sexual,475.0
2020-Q1,2020,1,AND,6.-Robos con violencia e intimidaciÃ³n,1570.0
2020-Q1,2020,1,AND,"7.- Robos con fuerza en domicilios, establecimientos y otras instalaciones",5188.0
2020-Q1,2020,1,AND,7.1.-Robos con fuerza en domicilios,3465.0
2020-Q1,2020,1,AND,8.-Hurtos,18095.0
2020-Q1,2020,1,AND,9.-Sustracciones de vehÃ­culos,1374.0
2020-Q1,2020,1,AND,10.-TrÃ¡fico de drogas,1038.0
2020-Q1,2020,1,AND,Resto de infracciones penales,47517.0
2020-Q1,2020,1,AND,TOTAL INFRACCIONES PENALES,76154.0
2019-Q4,2019,4,ESP,1.-Homicidios dolosos y asesinatos consumados,332.0
2019-Q4,2019,4,ESP,2.-Homicidios dolosos y asesinatos en grado tentativa,837.0
2019-Q4,2019,4,ESP,3.-Delitos graves y menos graves de lesiones y riÃ±a tumultuaria,19974.0
2019-Q4,2019,4,ESP,4.-Secuestro,90.0
2019-Q4,2019,4,ESP,5.-Delitos contra la libertad e indemnidad sexual,15338.0
2019-Q4,2019,4,ESP,5.1.-AgresiÃ³n sexual con penetraciÃ³n,1878.0
2019-Q4,2019,4,ESP,5.2.-Resto de delitos contra la libertad e indemnidad sexual,13460.0
2019-Q4,2019,4,ESP,6.-Robos con violencia e intimidaciÃ³n,66209.0
2019-Q4,2019,4,ESP,"7.- Robos con fuerza en domicilios, establecimientos y otras instalaciones",142780.0
2019-Q4,2019,4,ESP,7.1.-Robos con fuerza en domicilios,98520.0
2019-Q4,2019,4,ESP,8.-Hurtos,700477.0
2019-Q4,2019,4,ESP,9.-Sustracciones de vehÃ­culos,35248.0
2019-Q4,2019,4,ESP,10.-TrÃ¡fico de drogas,16268.0
2019-Q4,2019,4,ESP,Resto de infracciones penales,1204306.0
2019-Q4,2019,4,ESP,TOTAL INFRACCIONES PENALES,2201859.0
2019-Q4,2019,4,AND,1.-Homicidios dolosos y asesinatos consumados,82.0
2019-Q4,2019,4,AND,2.-Homicidios dolosos y asesinatos en grado tentativa,158.0
2019-Q4,2019,4,AND,3.-Delitos graves y menos graves de lesiones y riÃ±a tumultuaria,3459.0
2019-Q4,2019,4,AND,4.-Secuestro,31.0
2019-Q4,2019,4,AND,5.-Delitos contra la libertad e indemnidad sexual,2516.0
2019-Q4,2019,4,AND,5.1.-AgresiÃ³n sexual con penetraciÃ³n,261.0
2019-Q4,2019,4,AND,5.2.-Resto de delitos contra la libertad e indemnidad sexual,2255.0
2019-Q4,2019,4,AND,6.-Robos con violencia e intimidaciÃ³n,7344.0
2019-Q4,2019,4,AND,"7.- Robos con fuerza en domicilios, establecimientos y otras instalaciones",22455.0
2019-Q4,2019,4,AND,7.1.-Robos con fuerza en domicilios,15352.0
2019-Q4,2019,4,AND,8.-Hurtos,91398.0
2019-Q4,2019,4,AND,9.-Sustracciones de vehÃ­culos,6543.0
2019-Q4,2019,4,AND,10.-TrÃ¡fico de drogas,4297.0
2019-Q4,2019,4,AND,Resto de infracciones penales,201671.0
2019-Q4,2019,4,AND,TOTAL INFRACCIONES PENALES,339954.0
2019-Q3,2019,3,ESP,1.-Homicidios dolosos y asesinatos consumados,249.0
2019-Q3,2019,3,ESP,2.-Homicidios dolosos y asesinatos en grado tentativa,629.0
2019-Q3,2019,3,ESP,3.-Delitos graves y menos graves de lesiones y riÃ±a tumultuaria,15018.0
2019-Q3,2019,3,ESP,4.-Secuestro,72.0
2019-Q3,2019,3,ESP,5.-Delitos contra la libertad e indemnidad sexual,11587.0
2019-Q3,2019,3,ESP,5.1.-AgresiÃ³n sexual con penetraciÃ³n,1410.0
2019-Q3,2019,3,ESP,5.2.-Resto de delitos contra la libertad e indemnidad sexual,10177.0
2019-Q3,2019,3,ESP,6.-Robos con violencia e intimidaciÃ³n,48504.0
2019-Q3,2019,3,ESP,"7.- Robos con fuerza en domicilios, establecimientos y otras instalaciones",105259.0
2019-Q3,2019,3,ESP,7.1.-Robos con fuerza en domicilios,72376.0
2019-Q3,2019,3,ESP,8.-Hurtos,529155.0
2019-Q3,2019,3,ESP,9.-Sustracciones de vehÃ­culos,26283.0
2019-Q3,2019,3,ESP,10.-TrÃ¡fico de drogas,12349.0
2019-Q3,2019,3,ESP,Resto de infracciones penales,897751.0
2019-Q3,2019,3,ESP,TOTAL INFRACCIONES PENALES,1646856.0
2019-Q3,2019,3,AND,1.-Homicidios dolosos y asesinatos consumados,59.0
2019-Q3,2019,3,AND,2.-Homicidios dolosos y asesinatos en grado tentativa,113.0
2019-Q3,2019,3,AND,3.-Delitos graves y menos graves de lesiones y riÃ±a tumultuaria,2547.0
2019-Q3,2019,3,AND,4.-Secuestro,26.0
2019-Q3,2019,3,AND,5.-Delitos contra la libertad e indemnidad sexual,1891.0
2019-Q3,2019,3,AND,5.1.-AgresiÃ³n sexual con penetraciÃ³n,192.0
2019-Q3,2019,3,AND,5.2.-Resto de delitos contra la libertad e indemnidad sexual,1699.0
2019-Q3,2019,3,AND,6.-Robos con violencia e intimidaciÃ³n,5424.0
2019-Q3,2019,3,AND,"7.- Robos con fuerza en domicilios, establecimientos y otras instalaciones",16572.0
2019-Q3,2019,3,AND,7.1.-Robos con fuerza en domicilios,11340.0
2019-Q3,2019,3,AND,8.-Hurtos,69661.0
2019-Q3,2019,3,AND,9.-Sustracciones de vehÃ­culos,4988.0
2019-Q3,2019,3,AND,10.-TrÃ¡fico de drogas,3241.0
2019-Q3,2019,3,AND,Resto de infracciones penales,151240.0
2019-Q3,2019,3,AND,TOTAL INFRACCIONES PENALES,255762.0
2019-Q2,2019,2,ESP,1.-Homicidios dolosos y asesinatos consumados,145.0
2019-Q2,2019,2,ESP,2.-Homicidios dolosos y asesinatos en grado tentativa,406.0
2019-Q2,2019,2,ESP,3.-Delitos graves y menos graves de lesiones y riÃ±a tumultuaria,9139.0
2019-Q2,2019,2,ESP,4.-Secuestro,51.0
2019-Q2,2019,2,ESP,5.-Delitos contra la libertad e indemnidad sexual,7258.0
2019-Q2,2019,2,ESP,5.1.-AgresiÃ³n sexual con penetraciÃ³n,829.0
2019-Q2,2019,2,ESP,5.2.-Resto de delitos contra la libertad e indemnidad sexual,6429.0
2019-Q2,2019,2,ESP,6.-Robos con violencia e intimidaciÃ³n,31195.0
2019-Q2,2019,2,ESP,"7.- Robos con fuerza en domicilios, establecimientos y otras instalaciones",70112.0
2019-Q2,2019,2,ESP,7.1.-Robos con fuerza en domicilios,47422.0
2019-Q2,2019,2,ESP,8.-Hurtos,343509.0
2019-Q2,2019,2,ESP,9.-Sustracciones de vehÃ­culos,17500.0
2019-Q2,2019,2,ESP,10.-TrÃ¡fico de drogas,7705.0
2019-Q2,2019,2,ESP,Resto de infracciones penales,583401.0
2019-Q2,2019,2,ESP,TOTAL INFRACCIONES PENALES,1070421.0
2019-Q2,2019,2,AND,1.-Homicidios dolosos y asesinatos consumados,33.0
2019-Q2,2019,2,AND,2.-Homicidios dolosos y asesinatos en grado tentativa,72.0
2019-Q2,2019,2,AND,3.-Delitos graves y menos graves de lesiones y riÃ±a tumultuaria,1493.0
2019-Q2,2019,2,AND,4.-Secuestro,24.0
2019-Q2,2019,2,AND,5.-Delitos contra la libertad e indemnidad sexual,1218.0
2019-Q2,2019,2,AND,5.1.-AgresiÃ³n sexual con penetraciÃ³n,113.0
2019-Q2,2019,2,AND,5.2.-Resto de delitos contra la libertad e indemnidad sexual,1105.0
2019-Q2,2019,2,AND,6.-Robos con violencia e intimidaciÃ³n,3554.0
2019-Q2,2019,2,AND,"7.- Robos con fuerza en domicilios, establecimientos y otras instalaciones",11042.0
2019-Q2,2019,2,AND,7.1.-Robos con fuerza en domicilios,7338.0
2019-Q2,2019,2,AND,8.-Hurtos,44775.0
2019-Q2,2019,2,AND,9.-Sustracciones de vehÃ­culos,3342.0
2019-Q2,2019,2,AND,10.-TrÃ¡fico de drogas,2029.0
2019-Q2,2019,2,AND,Resto de infracciones penales,98113.0
2019-Q2,2019,2,AND,TOTAL INFRACCIONES PENALES,165695.0
2019-Q1,2019,1,ESP,1.-Homicidios dolosos y asesinatos consumados,75.0
2019-Q1,2019,1,ESP,2.-Homicidios dolosos y asesinatos en grado tentativa,196.0
2019-Q1,2019,1,ESP,3.-Delitos graves y menos graves de lesiones y riÃ±a tumultuaria,4476.0
2019-Q1,2019,1,ESP,4.-Secuestro,26.0
2019-Q1,2019,1,ESP,5.-Delitos contra la libertad e indemnidad sexual,3576.0
2019-Q1,2019,1,ESP,5.1.-AgresiÃ³n sexual con penetraciÃ³n,377.0
2019-Q1,2019,1,ESP,5.2.-Resto de delitos contra la libertad e indemnidad sexual,3199.0
2019-Q1,2019,1,ESP,6.-Robos con violencia e intimidaciÃ³n,15482.0
2019-Q1,2019,1,ESP,"7.- Robos con fuerza en domicilios, establecimientos y otras instalaciones",37157.0
2019-Q1,2019,1,ESP,7.1.-Robos con fuerza en domicilios,25289.0
2019-Q1,2019,1,ESP,8.-Hurtos,168862.0
2019-Q1,2019,1,ESP,9.-Sustracciones de vehÃ­culos,8879.0
2019-Q1,2019,1,ESP,10.-TrÃ¡fico de drogas,3663.0
2019-Q1,2019,1,ESP,Resto de infracciones penales,287365.0
2019-Q1,2019,1,ESP,TOTAL INFRACCIONES PENALES,529757.0
2019-Q1,2019,1,AND,1.-Homicidios dolosos y asesinatos consumados,15.0
2019-Q1,2019,1,AND,2.-Homicidios dolosos y asesinatos en grado tentativa,31.0
2019-Q1,2019,1,AND,3.-Delitos graves y menos graves de lesiones y riÃ±a tumultuaria,725.0
2019-Q1,2019,1,AND,4.-Secuestro,13.0
2019-Q1,2019,1,AND,5.-Delitos contra la libertad e indemnidad sexual,599.0
2019-Q1,2019,1,AND,5.1.-AgresiÃ³n sexual con penetraciÃ³n,54.0
2019-Q1,2019,1,AND,5.2.-Resto de delitos contra la libertad e indemnidad sexual,545.0
2019-Q1,2019,1,AND,6.-Robos con violencia e intimidaciÃ³n,1740.0
2019-Q1,2019,1,AND,"7.- Robos con fuerza en domicilios, establecimientos y otras instalaciones",5729.0
2019-Q1,2019,1,AND,7.1.-Robos con fuerza en domicilios,3755.0
2019-Q1,2019,1,AND,8.-Hurtos,21638.0
2019-Q1,2019,1,AND,9.-Sustracciones de vehÃ­culos,1654.0
2019-Q1,2019,1,AND,10.-TrÃ¡fico de drogas,965.0
2019-Q1,2019,1,AND,Resto de infracciones penales,48351.0
2019-Q1,2019,1,AND,TOTAL INFRACCIONES PENALES,81460.0
2018-Q4,2018,4,ESP,1.-Homicidios dolosos y asesinatos consumados,289.0
2018-Q4,2018,4,ESP,2.-Homicidios dolosos y asesinatos en grado tentativa,798.0
2018-Q4,2018,4,ESP,3.-Delitos graves y menos graves de lesiones y riÃ±a tumultuaria,18252.0
2018-Q4,2018,4,ESP,4.-Secuestro,81.0
2018-Q4,2018,4,ESP,5.-Delitos contra la libertad e indemnidad sexual,13811.0
2018-Q4,2018,4,ESP,5.1.-AgresiÃ³n sexual con penetraciÃ³n,1702.0
2018-Q4,2018,4,ESP,5.2.-Resto de delitos contra la libertad e indemnidad sexual,12109.0
2018-Q4,2018,4,ESP,6.-Robos con violencia e intimidaciÃ³n,60677.0
2018-Q4,2018,4,ESP,"7.- Robos con fuerza en domicilios, establecimientos y otras instalaciones",150579.0
2018-Q4,2018,4,ESP,7.1.-Robos con fuerza en domicilios,107012.0
2018-Q4,2018,4,ESP,8.-Hurtos,705249.0
2018-Q4,2018,4,ESP,9.-Sustracciones de vehÃ­culos,36152.0
2018-Q4,2018,4,ESP,10.-TrÃ¡fico de drogas,14125.0
2018-Q4,2018,4,ESP,Resto de infracciones penales,1131411.0
2018-Q4,2018,4,ESP,TOTAL INFRACCIONES PENALES,2131424.0
2018-Q4,2018,4,AND,1.-Homicidios dolosos y asesinatos consumados,72.0
2018-Q4,2018,4,AND,2.-Homicidios dolosos y asesinatos en grado tentativa,190.0
2018-Q4,2018,4,AND,3.-Delitos graves y menos graves de lesiones y riÃ±a tumultuaria,2917.0
2018-Q4,2018,4,AND,4.-Secuestro,26.0
2018-Q4,2018,4,AND,5.-Delitos contra la libertad e indemnidad sexual,2348.0
2018-Q4,2018,4,AND,5.1.-AgresiÃ³n sexual con penetraciÃ³n,201.0
2018-Q4,2018,4,AND,5.2.-Resto de delitos contra la libertad e indemnidad sexual,2147.0
2018-Q4,2018,4,AND,6.-Robos con violencia e intimidaciÃ³n,7153.0
2018-Q4,2018,4,AND,"7.- Robos con fuerza en domicilios, establecimientos y otras instalaciones",23032.0
2018-Q4,2018,4,AND,7.1.-Robos con fuerza en domicilios,15710.0
2018-Q4,2018,4,AND,8.-Hurtos,93290.0
2018-Q4,2018,4,AND,9.-Sustracciones de vehÃ­culos,6934.0
2018-Q4,2018,4,AND,10.-TrÃ¡fico de drogas,3656.0
2018-Q4,2018,4,AND,Resto de infracciones penales,193581.0
2018-Q4,2018,4,AND,TOTAL INFRACCIONES PENALES,333199.0
2018-Q3,2018,3,ESP,1.-Homicidios dolosos y asesinatos consumados,227.0
2018-Q3,2018,3,ESP,2.-Homicidios dolosos y asesinatos en grado tentativa,580.0
2018-Q3,2018,3,ESP,3.-Delitos graves y menos graves de lesiones y riÃ±a tumultuaria,13762.0
2018-Q3,2018,3,ESP,4.-Secuestro,54.0
2018-Q3,2018,3,ESP,5.-Delitos contra la libertad e indemnidad sexual,10445.0
2018-Q3,2018,3,ESP,5.1.-AgresiÃ³n sexual con penetraciÃ³n,1305.0
2018-Q3,2018,3,ESP,5.2.-Resto de delitos contra la libertad e indemnidad sexual,9140.0
2018-Q3,2018,3,ESP,6.-Robos con violencia e intimidaciÃ³n,44142.0
2018-Q3,2018,3,ESP,"7.- Robos con fuerza en domicilios, establecimientos y otras instalaciones",111908.0
2018-Q3,2018,3,ESP,7.1.-Robos con fuerza en domicilios,79893.0
2018-Q3,2018,3,ESP,8.-Hurtos,529267.0
2018-Q3,2018,3,ESP,9.-Sustracciones de vehÃ­culos,26862.0
2018-Q3,2018,3,ESP,10.-TrÃ¡fico de drogas,10834.0
2018-Q3,2018,3,ESP,TOTAL INFRACCIONES PENALES,1582879.0
2018-Q3,2018,3,AND,1.-Homicidios dolosos y asesinatos consumados,54.0
2018-Q3,2018,3,AND,2.-Homicidios dolosos y asesinatos en grado tentativa,134.0
2018-Q3,2018,3,AND,3.-Delitos graves y menos graves de lesiones y riÃ±a tumultuaria,2198.0
2018-Q3,2018,3,AND,4.-Secuestro,21.0
2018-Q3,2018,3,AND,5.-Delitos contra la libertad e indemnidad sexual,1812.0
2018-Q3,2018,3,AND,5.1.-AgresiÃ³n sexual con penetraciÃ³n,154.0
2018-Q3,2018,3,AND,5.2.-Resto de delitos contra la libertad e indemnidad sexual,1658.0
2018-Q3,2018,3,AND,6.-Robos con violencia e intimidaciÃ³n,5310.0
2018-Q3,2018,3,AND,"7.- Robos con fuerza en domicilios, establecimientos y otras instalaciones",17425.0
2018-Q3,2018,3,AND,7.1.-Robos con fuerza en domicilios,12013.0
2018-Q3,2018,3,AND,8.-Hurtos,71759.0
2018-Q3,2018,3,AND,9.-Sustracciones de vehÃ­culos,5228.0
2018-Q3,2018,3,AND,10.-TrÃ¡fico de drogas,2858.0
2018-Q3,2018,3,AND,TOTAL INFRACCIONES PENALES,250539.0
2018-Q2,2018,2,ESP,1.-Homicidios dolosos y asesinatos consumados,145.0
2018-Q2,2018,2,ESP,2.-Homicidios dolosos y asesinatos en grado tentativa,354.0
2018-Q2,2018,2,ESP,3.-Delitos graves y menos graves de lesiones y riÃ±a tumultuaria,8313.0
2018-Q2,2018,2,ESP,4.-Secuestro,36.0
2018-Q2,2018,2,ESP,5.-Delitos contra la libertad e indemnidad sexual,6520.0
2018-Q2,2018,2,ESP,5.1.-AgresiÃ³n sexual con penetraciÃ³n,801.0
2018-Q2,2018,2,ESP,5.2.-Resto de delitos contra la libertad e indemnidad sexual,5719.0
2018-Q2,2018,2,ESP,6.-Robos con violencia e intimidaciÃ³n,28281.0
2018-Q2,2018,2,ESP,"7.- Robos con fuerza en domicilios, establecimientos y otras instalaciones",75350.0
2018-Q2,2018,2,ESP,7.1.-Robos con fuerza en domicilios,53463.0
2018-Q2,2018,2,ESP,8.-Hurtos,340915.0
2018-Q2,2018,2,ESP,9.-Sustracciones de vehÃ­culos,17681.0
2018-Q2,2018,2,ESP,10.-TrÃ¡fico de drogas,6905.0
2018-Q2,2018,2,ESP,TOTAL INFRACCIONES PENALES,1025713.0
2018-Q2,2018,2,AND,1.-Homicidios dolosos y asesinatos consumados,40.0
2018-Q2,2018,2,AND,2.-Homicidios dolosos y asesinatos en grado tentativa,78.0
2018-Q2,2018,2,AND,3.-Delitos graves y menos graves de lesiones y riÃ±a tumultuaria,1329.0
2018-Q2,2018,2,AND,4.-Secuestro,13.0
2018-Q2,2018,2,AND,5.-Delitos contra la libertad e indemnidad sexual,1168.0
2018-Q2,2018,2,AND,5.1.-AgresiÃ³n sexual con penetraciÃ³n,94.0
2018-Q2,2018,2,AND,5.2.-Resto de delitos contra la libertad e indemnidad sexual,1074.0
2018-Q2,2018,2,AND,6.-Robos con violencia e intimidaciÃ³n,3473.0
2018-Q2,2018,2,AND,"7.- Robos con fuerza en domicilios, establecimientos y otras instalaciones",11757.0
2018-Q2,2018,2,AND,7.1.-Robos con fuerza en domicilios,7929.0
2018-Q2,2018,2,AND,8.-Hurtos,46818.0
2018-Q2,2018,2,AND,9.-Sustracciones de vehÃ­culos,3428.0
2018-Q2,2018,2,AND,10.-TrÃ¡fico de drogas,1850.0
2018-Q2,2018,2,AND,TOTAL INFRACCIONES PENALES,162745.0
2018-Q1,2018,1,ESP,1.-Homicidios dolosos y asesinatos consumados,73.0
2018-Q1,2018,1,ESP,2.-Homicidios dolosos y asesinatos en grado tentativa,171.0
2018-Q1,2018,1,ESP,3.-Delitos graves y menos graves de lesiones y riÃ±a tumultuaria,3915.0
2018-Q1,2018,1,ESP,4.-Secuestro,22.0
2018-Q1,2018,1,ESP,5.-Delitos contra la libertad e indemnidad sexual,3026.0
2018-Q1,2018,1,ESP,5.1.-AgresiÃ³n sexual con penetraciÃ³n,379.0
2018-Q1,2018,1,ESP,5.2.-Resto de delitos contra la libertad e indemnidad sexual,2647.0
2018-Q1,2018,1,ESP,6.-Robos con violencia e intimidaciÃ³n,14384.0
2018-Q1,2018,1,ESP,"7.- Robos con fuerza en domicilios, establecimientos y otras instalaciones",40265.0
2018-Q1,2018,1,ESP,7.1.-Robos con fuerza en domicilios,28719.0
2018-Q1,2018,1,ESP,8.-Hurtos,165036.0
2018-Q1,2018,1,ESP,9.-Sustracciones de vehÃ­culos,8777.0
2018-Q1,2018,1,ESP,10.-TrÃ¡fico de drogas,3156.0
2018-Q1,2018,1,ESP,TOTAL INFRACCIONES PENALES,503670.0
2018-Q1,2018,1,AND,1.-Homicidios dolosos y asesinatos consumados,16.0
2018-Q1,2018,1,AND,2.-Homicidios dolosos y asesinatos en grado tentativa,32.0
2018-Q1,2018,1,AND,3.-Delitos graves y menos graves de lesiones y riÃ±a tumultuaria,644.0
2018-Q1,2018,1,AND,4.-Secuestro,7.0
2018-Q1,2018,1,AND,5.-Delitos contra la libertad e indemnidad sexual,499.0
2018-Q1,2018,1,AND,5.1.-AgresiÃ³n sexual con penetraciÃ³n,41.0
2018-Q1,2018,1,AND,5.2.-Resto de delitos contra la libertad e indemnidad sexual,458.0
2018-Q1,2018,1,AND,6.-Robos con violencia e intimidaciÃ³n,1717.0
2018-Q1,2018,1,AND,"7.- Robos con fuerza en domicilios, establecimientos y otras instalaciones",6285.0
2018-Q1,2018,1,AND,7.1.-Robos con fuerza en domicilios,4229.0
2018-Q1,2018,1,AND,8.-Hurtos,22364.0
2018-Q1,2018,1,AND,9.-Sustracciones de vehÃ­culos,1783.0
2018-Q1,2018,1,AND,10.-TrÃ¡fico de drogas,836.0
2018-Q1,2018,1,AND,TOTAL INFRACCIONES PENALES,78377.0
2017-Q4,2017,4,ESP,1.-Homicidios dolosos y asesinatos consumados,308.0
2017-Q4,2017,4,ESP,2.-Homicidios dolosos y asesinatos en grado tentativa,799.0
2017-Q4,2017,4,ESP,3.-Delitos graves y menos graves de lesiones y riÃ±a tumultuaria,18086.0
2017-Q4,2017,4,ESP,4.-Secuestro,69.0
2017-Q4,2017,4,ESP,5.-Delitos contra la libertad e indemnidad sexual,11692.0
2017-Q4,2017,4,ESP,5.1.-AgresiÃ³n sexual con penetraciÃ³n,1382.0
2017-Q4,2017,4,ESP,5.2.-Resto de delitos contra la libertad e indemnidad sexual,10310.0
2017-Q4,2017,4,ESP,6.-Robos con violencia e intimidaciÃ³n,61763.0
2017-Q4,2017,4,ESP,"7.- Robos con fuerza en domicilios, establecimientos y otras instalaciones",149651.0
2017-Q4,2017,4,ESP,7.1.-Robos con fuerza en domicilios,105099.0
2017-Q4,2017,4,ESP,8.-Hurtos,712398.0
2017-Q4,2017,4,ESP,9.-Sustracciones de vehÃ­culos,42519.0
2017-Q4,2017,4,ESP,10.-TrÃ¡fico de drogas,12958.0
2017-Q4,2017,4,ESP,TOTAL INFRACCIONES PENALES,2045785.0
2017-Q4,2017,4,AND,1.-Homicidios dolosos y asesinatos consumados,49.0
2017-Q4,2017,4,AND,2.-Homicidios dolosos y asesinatos en grado tentativa,207.0
2017-Q4,2017,4,AND,3.-Delitos graves y menos graves de lesiones y riÃ±a tumultuaria,2930.0
2017-Q4,2017,4,AND,4.-Secuestro,15.0
2017-Q4,2017,4,AND,5.-Delitos contra la libertad e indemnidad sexual,2064.0
2017-Q4,2017,4,AND,5.1.-AgresiÃ³n sexual con penetraciÃ³n,173.0
2017-Q4,2017,4,AND,5.2.-Resto de delitos contra la libertad e indemnidad sexual,1891.0
2017-Q4,2017,4,AND,6.-Robos con violencia e intimidaciÃ³n,7668.0
2017-Q4,2017,4,AND,"7.- Robos con fuerza en domicilios, establecimientos y otras instalaciones",24718.0
2017-Q4,2017,4,AND,7.1.-Robos con fuerza en domicilios,17276.0
2017-Q4,2017,4,AND,8.-Hurtos,103746.0
2017-Q4,2017,4,AND,9.-Sustracciones de vehÃ­culos,8755.0
2017-Q4,2017,4,AND,10.-TrÃ¡fico de drogas,3472.0
2017-Q4,2017,4,AND,TOTAL INFRACCIONES PENALES,334331.0
2017-Q3,2017,3,ESP,1.-Homicidios dolosos y asesinatos consumados,240.0
2017-Q3,2017,3,ESP,2.-Homicidios dolosos y asesinatos en grado tentativa,663.0
2017-Q3,2017,3,ESP,3.-Delitos graves y menos graves de lesiones y riÃ±a tumultuaria,13388.0
2017-Q3,2017,3,ESP,4.-Secuestro,50.0
2017-Q3,2017,3,ESP,5.-Delitos contra la libertad e indemnidad sexual,8992.0
2017-Q3,2017,3,ESP,5.1.-AgresiÃ³n sexual con penetraciÃ³n,1054.0
2017-Q3,2017,3,ESP,5.2.-Resto de delitos contra la libertad e indemnidad sexual,7938.0
2017-Q3,2017,3,ESP,6.-Robos con violencia e intimidaciÃ³n,46158.0
2017-Q3,2017,3,ESP,"7.- Robos con fuerza en domicilios, establecimientos y otras instalaciones",110352.0
2017-Q3,2017,3,ESP,7.1.-Robos con fuerza en domicilios,77398.0
2017-Q3,2017,3,ESP,8.-Hurtos,536752.0
2017-Q3,2017,3,ESP,9.-Sustracciones de vehÃ­culos,32545.0
2017-Q3,2017,3,ESP,10.-TrÃ¡fico de drogas,10110.0
2017-Q3,2017,3,ESP,TOTAL INFRACCIONES PENALES,1527806.0
2017-Q3,2017,3,AND,1.-Homicidios dolosos y asesinatos consumados,40.0
2017-Q3,2017,3,AND,2.-Homicidios dolosos y asesinatos en grado tentativa,175.0
2017-Q3,2017,3,AND,3.-Delitos graves y menos graves de lesiones y riÃ±a tumultuaria,2274.0
2017-Q3,2017,3,AND,4.-Secuestro,14.0
2017-Q3,2017,3,AND,5.-Delitos contra la libertad e indemnidad sexual,1584.0
2017-Q3,2017,3,AND,5.1.-AgresiÃ³n sexual con penetraciÃ³n,131.0
2017-Q3,2017,3,AND,5.2.-Resto de delitos contra la libertad e indemnidad sexual,1453.0
2017-Q3,2017,3,AND,6.-Robos con violencia e intimidaciÃ³n,5754.0
2017-Q3,2017,3,AND,"7.- Robos con fuerza en domicilios, establecimientos y otras instalaciones",19005.0
2017-Q3,2017,3,AND,7.1.-Robos con fuerza en domicilios,13404.0
2017-Q3,2017,3,AND,8.-Hurtos,79451.0
2017-Q3,2017,3,AND,9.-Sustracciones de vehÃ­culos,6766.0
2017-Q3,2017,3,AND,10.-TrÃ¡fico de drogas,2693.0
2017-Q3,2017,3,AND,TOTAL INFRACCIONES PENALES,253837.0
2017-Q2,2017,2,ESP,1.-Homicidios dolosos y asesinatos consumados,152.0
2017-Q2,2017,2,ESP,2.-Homicidios dolosos y asesinatos en grado tentativa,441.0
2017-Q2,2017,2,ESP,3.-Delitos graves y menos graves de lesiones y riÃ±a tumultuaria,8354.0
2017-Q2,2017,2,ESP,4.-Secuestro,34.0
2017-Q2,2017,2,ESP,5.-Delitos contra la libertad e indemnidad sexual,5715.0
2017-Q2,2017,2,ESP,5.1.-AgresiÃ³n sexual con penetraciÃ³n,611.0
2017-Q2,2017,2,ESP,5.2.-Resto de delitos contra la libertad e indemnidad sexual,5104.0
2017-Q2,2017,2,ESP,6.-Robos con violencia e intimidaciÃ³n,30335.0
2017-Q2,2017,2,ESP,"7.- Robos con fuerza en domicilios, establecimientos y otras instalaciones",74056.0
2017-Q2,2017,2,ESP,7.1.-Robos con fuerza en domicilios,50938.0
2017-Q2,2017,2,ESP,8.-Hurtos,344199.0
2017-Q2,2017,2,ESP,9.-Sustracciones de vehÃ­culos,22104.0
2017-Q2,2017,2,ESP,10.-TrÃ¡fico de drogas,6457.0
2017-Q2,2017,2,ESP,TOTAL INFRACCIONES PENALES,999924.0
2017-Q2,2017,2,AND,1.-Homicidios dolosos y asesinatos consumados,28.0
2017-Q2,2017,2,AND,2.-Homicidios dolosos y asesinatos en grado tentativa,122.0
2017-Q2,2017,2,AND,3.-Delitos graves y menos graves de lesiones y riÃ±a tumultuaria,1448.0
2017-Q2,2017,2,AND,4.-Secuestro,10.0
2017-Q2,2017,2,AND,5.-Delitos contra la libertad e indemnidad sexual,1046.0
2017-Q2,2017,2,AND,5.1.-AgresiÃ³n sexual con penetraciÃ³n,77.0
2017-Q2,2017,2,AND,5.2.-Resto de delitos contra la libertad e indemnidad sexual,969.0
2017-Q2,2017,2,AND,6.-Robos con violencia e intimidaciÃ³n,3745.0
2017-Q2,2017,2,AND,"7.- Robos con fuerza en domicilios, establecimientos y otras instalaciones",13015.0
2017-Q2,2017,2,AND,7.1.-Robos con fuerza en domicilios,8961.0
2017-Q2,2017,2,AND,8.-Hurtos,51775.0
2017-Q2,2017,2,AND,9.-Sustracciones de vehÃ­culos,4601.0
2017-Q2,2017,2,AND,10.-TrÃ¡fico de drogas,1754.0
2017-Q2,2017,2,AND,TOTAL INFRACCIONES PENALES,167683.0
2017-Q1,2017,1,ESP,1.-Homicidios dolosos y asesinatos consumados,78.0
2017-Q1,2017,1,ESP,2.-Homicidios dolosos y asesinatos en grado tentativa,217.0
2017-Q1,2017,1,ESP,3.-Delitos graves y menos graves de lesiones y riÃ±a tumultuaria,3955.0
2017-Q1,2017,1,ESP,4.-Secuestro,15.0
2017-Q1,2017,1,ESP,5.-Delitos contra la libertad e indemnidad sexual,2667.0
2017-Q1,2017,1,ESP,5.1.-AgresiÃ³n sexual con penetraciÃ³n,287.0
2017-Q1,2017,1,ESP,5.2.-Resto de delitos contra la libertad e indemnidad sexual,2380.0
2017-Q1,2017,1,ESP,6.-Robos con violencia e intimidaciÃ³n,15622.0
2017-Q1,2017,1,ESP,"7.- Robos con fuerza en domicilios, establecimientos y otras instalaciones",39651.0
2017-Q1,2017,1,ESP,7.1.-Robos con fuerza en domicilios,27393.0
2017-Q1,2017,1,ESP,8.-Hurtos,168642.0
2017-Q1,2017,1,ESP,9.-Sustracciones de vehÃ­culos,10963.0
2017-Q1,2017,1,ESP,10.-TrÃ¡fico de drogas,3011.0
2017-Q1,2017,1,ESP,TOTAL INFRACCIONES PENALES,496307.0
2017-Q1,2017,1,AND,1.-Homicidios dolosos y asesinatos consumados,12.0
2017-Q1,2017,1,AND,2.-Homicidios dolosos y asesinatos en grado tentativa,59.0
2017-Q1,2017,1,AND,3.-Delitos graves y menos graves de lesiones y riÃ±a tumultuaria,681.0
2017-Q1,2017,1,AND,4.-Secuestro,1.0
2017-Q1,2017,1,AND,5.-Delitos contra la libertad e indemnidad sexual,516.0
2017-Q1,2017,1,AND,5.1.-AgresiÃ³n sexual con penetraciÃ³n,33.0
2017-Q1,2017,1,AND,5.2.-Resto de delitos contra la libertad e indemnidad sexual,483.0
2017-Q1,2017,1,AND,6.-Robos con violencia e intimidaciÃ³n,1952.0
2017-Q1,2017,1,AND,"7.- Robos con fuerza en domicilios, establecimientos y otras instalaciones",6918.0
2017-Q1,2017,1,AND,7.1.-Robos con fuerza en domicilios,4717.0
2017-Q1,2017,1,AND,8.-Hurtos,25203.0
2017-Q1,2017,1,AND,9.-Sustracciones de vehÃ­culos,2278.0
2017-Q1,2017,1,AND,10.-TrÃ¡fico de drogas,833.0
2017-Q1,2017,1,AND,TOTAL INFRACCIONES PENALES,83227.0
2016-Q4,2016,4,ESP,1.-DELITOS Y FALTAS (EU),2011586.0
2016-Q4,2016,4,ESP,2.-HOMICIDIOS DOLOSOS Y ASESINATOS CONSUMADOS (EU),292.0
2016-Q4,2016,4,ESP,3.-ROBO CON VIOLENCIA E INTIMIDACIÃN (EU),63339.0
2016-Q4,2016,4,ESP,4.-ROBOS CON FUERZA EN DOMICILIOS (EU),112925.0
2016-Q4,2016,4,ESP,5.-SUSTRACCIÃN VEHÃCULOS A MOTOR (EU),43524.0
2016-Q4,2016,4,ESP,6.-TRÃFICO DE DROGAS (EU),12440.0
2016-Q4,2016,4,ESP,7.-DAÃOS,214765.0
2016-Q4,2016,4,ESP,8.-HURTOS,711908.0
2016-Q4,2016,4,AND,1.-DELITOS Y FALTAS (EU),332194.0
2016-Q4,2016,4,AND,2.-HOMICIDIOS DOLOSOS Y ASESINATOS CONSUMADOS (EU),68.0
2016-Q4,2016,4,AND,3.-ROBO CON VIOLENCIA E INTIMIDACIÃN (EU),7479.0
2016-Q4,2016,4,AND,4.-ROBOS CON FUERZA EN DOMICILIOS (EU),18239.0
2016-Q4,2016,4,AND,5.-SUSTRACCIÃN VEHÃCULOS A MOTOR (EU),8877.0
2016-Q4,2016,4,AND,6.-TRÃFICO DE DROGAS (EU),3142.0
2016-Q4,2016,4,AND,7.-DAÃOS,34510.0
2016-Q4,2016,4,AND,8.-HURTOS,109588.0
2016-Q3,2016,3,ESP,1.-DELITOS Y FALTAS (EU),1520487.0
2016-Q3,2016,3,ESP,2.-HOMICIDIOS DOLOSOS Y ASESINATOS CONSUMADOS (EU),227.0
2016-Q3,2016,3,ESP,3.-ROBO CON VIOLENCIA E INTIMIDACIÃN (EU),47360.0
2016-Q3,2016,3,ESP,4.-ROBOS CON FUERZA EN DOMICILIOS (EU),85355.0
2016-Q3,2016,3,ESP,5.-SUSTRACCIÃN VEHÃCULOS A MOTOR (EU),32222.0
2016-Q3,2016,3,ESP,6.-TRÃFICO DE DROGAS (EU),9606.0
2016-Q3,2016,3,ESP,7.-DAÃOS,162065.0
2016-Q3,2016,3,ESP,8.-HURTOS,540853.0
2016-Q3,2016,3,AND,1.-DELITOS Y FALTAS (EU),252684.0
2016-Q3,2016,3,AND,2.-HOMICIDIOS DOLOSOS Y ASESINATOS CONSUMADOS (EU),49.0
2016-Q3,2016,3,AND,3.-ROBO CON VIOLENCIA E INTIMIDACIÃN (EU),5686.0
2016-Q3,2016,3,AND,4.-ROBOS CON FUERZA EN DOMICILIOS (EU),13945.0
2016-Q3,2016,3,AND,5.-SUSTRACCIÃN VEHÃCULOS A MOTOR (EU),6600.0
2016-Q3,2016,3,AND,6.-TRÃFICO DE DROGAS (EU),2444.0
2016-Q3,2016,3,AND,7.-DAÃOS,25882.0
2016-Q3,2016,3,AND,8.-HURTOS,84445.0
2016-Q2,2016,2,ESP,1.-DELITOS Y FALTAS (EU),993596.0
2016-Q2,2016,2,ESP,2.-HOMICIDIOS DOLOSOS Y ASESINATOS CONSUMADOS (EU),148.0
2016-Q2,2016,2,ESP,3.-ROBO CON VIOLENCIA E INTIMIDACIÃN (EU),30773.0
2016-Q2,2016,2,ESP,4.-ROBOS CON FUERZA EN DOMICILIOS (EU),57458.0
2016-Q2,2016,2,ESP,5.-SUSTRACCIÃN VEHÃCULOS A MOTOR (EU),20950.0
2016-Q2,2016,2,ESP,6.-TRÃFICO DE DROGAS (EU),6076.0
2016-Q2,2016,2,ESP,7.-DAÃOS,107134.0
2016-Q2,2016,2,ESP,8.-HURTOS,348382.0
2016-Q2,2016,2,AND,1.-DELITOS Y FALTAS (EU),165350.0
2016-Q2,2016,2,AND,2.-HOMICIDIOS DOLOSOS Y ASESINATOS CONSUMADOS (EU),24.0
2016-Q2,2016,2,AND,3.-ROBO CON VIOLENCIA E INTIMIDACIÃN (EU),3758.0
2016-Q2,2016,2,AND,4.-ROBOS CON FUERZA EN DOMICILIOS (EU),9229.0
2016-Q2,2016,2,AND,5.-SUSTRACCIÃN VEHÃCULOS A MOTOR (EU),4213.0
2016-Q2,2016,2,AND,6.-TRÃFICO DE DROGAS (EU),1520.0
2016-Q2,2016,2,AND,7.-DAÃOS,16848.0
2016-Q2,2016,2,AND,8.-HURTOS,55141.0
2016-Q1,2016,1,ESP,1.-DELITOS Y FALTAS (EU),487643.0
2016-Q1,2016,1,ESP,2.-HOMICIDIOS DOLOSOS Y ASESINATOS CONSUMADOS (EU),72.0
2016-Q1,2016,1,ESP,3.-ROBO CON VIOLENCIA E INTIMIDACIÃN (EU),15559.0
2016-Q1,2016,1,ESP,4.-ROBOS CON FUERZA EN DOMICILIOS (EU),31154.0
2016-Q1,2016,1,ESP,5.-SUSTRACCIÃN VEHÃCULOS A MOTOR (EU),10177.0
2016-Q1,2016,1,ESP,6.-TRÃFICO DE DROGAS (EU),2699.0
2016-Q1,2016,1,ESP,7.-DAÃOS,53517.0
2016-Q1,2016,1,ESP,8.-HURTOS,169129.0
2016-Q1,2016,1,AND,1.-DELITOS Y FALTAS (EU),80611.0
2016-Q1,2016,1,AND,2.-HOMICIDIOS DOLOSOS Y ASESINATOS CONSUMADOS (EU),16.0
2016-Q1,2016,1,AND,3.-ROBO CON VIOLENCIA E INTIMIDACIÃN (EU),1838.0
2016-Q1,2016,1,AND,4.-ROBOS CON FUERZA EN DOMICILIOS (EU),4833.0
2016-Q1,2016,1,AND,5.-SUSTRACCIÃN VEHÃCULOS A MOTOR (EU),2091.0
2016-Q1,2016,1,AND,6.-TRÃFICO DE DROGAS (EU),683.0
2016-Q1,2016,1,AND,7.-DAÃOS,8593.0
2016-Q1,2016,1,AND,8.-HURTOS,26466.0
