Periodo,Año,Trimestre,Region,Categoria,Valor_Trimestral,Valor_Acumulado
2022-Q4,2022,4,AND,1. Homicidios dolosos y asesinatos consumados,74.0,74.0
2023-Q1,2023,1,AND,1. Homicidios dolosos y asesinatos consumados,22.0,22.0
2023-Q2,2023,2,AND,1. Homicidios dolosos y asesinatos consumados,21.0,43.0
2023-Q3,2023,3,AND,1. Homicidios dolosos y asesinatos consumados,19.0,62.0
2023-Q4,2023,4,AND,1. Homicidios dolosos y asesinatos consumados,9.0,71.0
2024-Q1,2024,1,AND,1. Homicidios dolosos y asesinatos consumados,27.0,27.0
2024-Q2,2024,2,AND,1. Homicidios dolosos y asesinatos consumados,23.0,50.0
2024-Q3,2024,3,AND,1. Homicidios dolosos y asesinatos consumados,17.0,67.0
2024-Q4,2024,4,AND,1. Homicidios dolosos y asesinatos consumados,13.0,80.0
2025-Q1,2025,1,AND,1. Homicidios dolosos y asesinatos consumados,21.0,21.0
2025-Q2,2025,2,AND,1. Homicidios dolosos y asesinatos consumados,25.0,46.0
2025-Q3,2025,3,AND,1. Homicidios dolosos y asesinatos consumados,25.0,71.0
2016-Q1,2016,1,AND,1.-DELITOS Y FALTAS (EU),80611.0,80611.0
2016-Q2,2016,2,AND,1.-DELITOS Y FALTAS (EU),84739.0,165350.0
2016-Q3,2016,3,AND,1.-DELITOS Y FALTAS (EU),87334.0,252684.0
2016-Q4,2016,4,AND,1.-DELITOS Y FALTAS (EU),79510.0,332194.0
2017-Q1,2017,1,AND,1.-Homicidios dolosos y asesinatos consumados,12.0,12.0
2017-Q2,2017,2,AND,1.-Homicidios dolosos y asesinatos consumados,16.0,28.0
2017-Q3,2017,3,AND,1.-Homicidios dolosos y asesinatos consumados,12.0,40.0
2017-Q4,2017,4,AND,1.-Homicidios dolosos y asesinatos consumados,9.0,49.0
2018-Q1,2018,1,AND,1.-Homicidios dolosos y asesinatos consumados,16.0,16.0
2018-Q2,2018,2,AND,1.-Homicidios dolosos y asesinatos consumados,24.0,40.0
2018-Q3,2018,3,AND,1.-Homicidios dolosos y asesinatos consumados,14.0,54.0
2018-Q4,2018,4,AND,1.-Homicidios dolosos y asesinatos consumados,18.0,72.0
2019-Q1,2019,1,AND,1.-Homicidios dolosos y asesinatos consumados,15.0,15.0
2019-Q2,2019,2,AND,1.-Homicidios dolosos y asesinatos consumados,18.0,33.0
2019-Q3,2019,3,AND,1.-Homicidios dolosos y asesinatos consumados,26.0,59.0
2019-Q4,2019,4,AND,1.-Homicidios dolosos y asesinatos consumados,23.0,82.0
2020-Q1,2020,1,AND,1.-Homicidios dolosos y asesinatos consumados,17.0,17.0
2020-Q2,2020,2,AND,1.-Homicidios dolosos y asesinatos consumados,12.0,29.0
2020-Q3,2020,3,AND,1.-Homicidios dolosos y asesinatos consumados,18.0,47.0
2020-Q4,2020,4,AND,1.-Homicidios dolosos y asesinatos consumados,13.0,60.0
2021-Q1,2021,1,AND,1.-Homicidios dolosos y asesinatos consumados,16.0,16.0
2021-Q2,2021,2,AND,1.-Homicidios dolosos y asesinatos consumados,13.0,29.0
2021-Q3,2021,3,AND,1.-Homicidios dolosos y asesinatos consumados,14.0,43.0
2021-Q4,2021,4,AND,1.-Homicidios dolosos y asesinatos consumados,12.0,55.0
2022-Q1,2022,1,AND,1.-Homicidios dolosos y asesinatos consumados,13.0,13.0
2022-Q2,2022,2,AND,1.-Homicidios dolosos y asesinatos consumados,24.0,37.0
2022-Q3,2022,3,AND,1.-Homicidios dolosos y asesinatos consumados,21.0,58.0
2022-Q4,2022,4,AND,10. TrÃ¡fico de drogas,4608.0,4608.0
2023-Q1,2023,1,AND,10. TrÃ¡fico de drogas,1125.0,1125.0
2023-Q2,2023,2,AND,10. TrÃ¡fico de drogas,1403.0,2528.0
2023-Q3,2023,3,AND,10. TrÃ¡fico de drogas,1001.0,3529.0
2023-Q4,2023,4,AND,10. TrÃ¡fico de drogas,1253.0,4782.0
2024-Q1,2024,1,AND,10. TrÃ¡fico de drogas,1047.0,1047.0
2024-Q2,2024,2,AND,10. TrÃ¡fico de drogas,1253.0,2300.0
2024-Q3,2024,3,AND,10. TrÃ¡fico de drogas,1024.0,3324.0
2024-Q4,2024,4,AND,10. TrÃ¡fico de drogas,1019.0,4343.0
2025-Q1,2025,1,AND,10. TrÃ¡fico de drogas,1019.0,1019.0
2025-Q2,2025,2,AND,10. TrÃ¡fico de drogas,1097.0,2116.0
2025-Q3,2025,3,AND,10. TrÃ¡fico de drogas,1026.0,3142.0
2017-Q1,2017,1,AND,10.-TrÃ¡fico de drogas,833.0,833.0
2017-Q2,2017,2,AND,10.-TrÃ¡fico de drogas,921.0,1754.0
2017-Q3,2017,3,AND,10.-TrÃ¡fico de drogas,939.0,2693.0
2017-Q4,2017,4,AND,10.-TrÃ¡fico de drogas,779.0,3472.0
2018-Q1,2018,1,AND,10.-TrÃ¡fico de drogas,836.0,836.0
2018-Q2,2018,2,AND,10.-TrÃ¡fico de drogas,1014.0,1850.0
2018-Q3,2018,3,AND,10.-TrÃ¡fico de drogas,1008.0,2858.0
2018-Q4,2018,4,AND,10.-TrÃ¡fico de drogas,798.0,3656.0
2019-Q1,2019,1,AND,10.-TrÃ¡fico de drogas,965.0,965.0
2019-Q2,2019,2,AND,10.-TrÃ¡fico de drogas,1064.0,2029.0
2019-Q3,2019,3,AND,10.-TrÃ¡fico de drogas,1212.0,3241.0
2019-Q4,2019,4,AND,10.-TrÃ¡fico de drogas,1056.0,4297.0
2020-Q1,2020,1,AND,10.-TrÃ¡fico de drogas,1038.0,1038.0
2020-Q2,2020,2,AND,10.-TrÃ¡fico de drogas,1104.0,2142.0
2020-Q3,2020,3,AND,10.-TrÃ¡fico de drogas,1314.0,3456.0
2020-Q4,2020,4,AND,10.-TrÃ¡fico de drogas,1227.0,4683.0
2021-Q1,2021,1,AND,10.-TrÃ¡fico de drogas,1126.0,1126.0
2021-Q2,2021,2,AND,10.-TrÃ¡fico de drogas,1297.0,2423.0
2021-Q3,2021,3,AND,10.-TrÃ¡fico de drogas,1253.0,3676.0
2021-Q4,2021,4,AND,10.-TrÃ¡fico de drogas,1140.0,4816.0
2022-Q1,2022,1,AND,10.-TrÃ¡fico de drogas,1132.0,1132.0
2022-Q2,2022,2,AND,10.-TrÃ¡fico de drogas,1255.0,2387.0
2022-Q3,2022,3,AND,10.-TrÃ¡fico de drogas,1161.0,3548.0
2022-Q4,2022,4,AND,11. Resto de criminalidad convencional,189221.0,189221.0
2023-Q1,2023,1,AND,11. Resto de criminalidad convencional,45722.0,45722.0
2023-Q2,2023,2,AND,11. Resto de criminalidad convencional,48113.0,93835.0
2023-Q3,2023,3,AND,11. Resto de criminalidad convencional,49138.0,142973.0
2023-Q4,2023,4,AND,11. Resto de criminalidad convencional,46343.0,189316.0
2024-Q1,2024,1,AND,11. Resto de criminalidad convencional,45292.0,45292.0
2024-Q2,2024,2,AND,11. Resto de criminalidad convencional,49478.0,94770.0
2024-Q3,2024,3,AND,11. Resto de criminalidad convencional,49747.0,144517.0
2024-Q4,2024,4,AND,11. Resto de criminalidad convencional,45979.0,190496.0
2025-Q1,2025,1,AND,11. Resto de criminalidad convencional,45917.0,45917.0
2025-Q2,2025,2,AND,11. Resto de criminalidad convencional,49994.0,95911.0
2025-Q3,2025,3,AND,11. Resto de criminalidad convencional,51785.0,147696.0
2022-Q4,2022,4,AND,12.-Estafas informÃ¡ticas,49432.0,49432.0
2023-Q1,2023,1,AND,12.-Estafas informÃ¡ticas,15720.0,15720.0
2023-Q2,2023,2,AND,12.-Estafas informÃ¡ticas,16252.0,31972.0
2023-Q3,2023,3,AND,12.-Estafas informÃ¡ticas,19391.0,51363.0
2023-Q4,2023,4,AND,12.-Estafas informÃ¡ticas,21421.0,72784.0
2024-Q1,2024,1,AND,12.-Estafas informÃ¡ticas,19064.0,19064.0
2024-Q2,2024,2,AND,12.-Estafas informÃ¡ticas,17138.0,36202.0
2024-Q3,2024,3,AND,12.-Estafas informÃ¡ticas,16708.0,52910.0
2024-Q4,2024,4,AND,12.-Estafas informÃ¡ticas,18417.0,71327.0
2025-Q1,2025,1,AND,12.-Estafas informÃ¡ticas,19069.0,19069.0
2025-Q2,2025,2,AND,12.-Estafas informÃ¡ticas,19258.0,38327.0
2025-Q3,2025,3,AND,12.-Estafas informÃ¡ticas,20661.0,58988.0
2022-Q4,2022,4,AND,13.-Otros ciberdelitos,7564.0,7564.0
2023-Q1,2023,1,AND,13.-Otros ciberdelitos,2027.0,2027.0
2023-Q2,2023,2,AND,13.-Otros ciberdelitos,2024.0,4051.0
2023-Q3,2023,3,AND,13.-Otros ciberdelitos,2162.0,6213.0
2023-Q4,2023,4,AND,13.-Otros ciberdelitos,2254.0,8467.0
2024-Q1,2024,1,AND,13.-Otros ciberdelitos,2540.0,2540.0
2024-Q2,2024,2,AND,13.-Otros ciberdelitos,2713.0,5253.0
2024-Q3,2024,3,AND,13.-Otros ciberdelitos,2293.0,7546.0
2024-Q4,2024,4,AND,13.-Otros ciberdelitos,2686.0,10232.0
2025-Q1,2025,1,AND,13.-Otros ciberdelitos,2940.0,2940.0
2025-Q2,2025,2,AND,13.-Otros ciberdelitos,3916.0,6856.0
2025-Q3,2025,3,AND,13.-Otros ciberdelitos,2712.0,9568.0
2022-Q4,2022,4,AND,2. Homicidios dolosos y asesinatos en grado tentativa,283.0,283.0
2023-Q1,2023,1,AND,2. Homicidios dolosos y asesinatos en grado tentativa,66.0,66.0
2023-Q2,2023,2,AND,2. Homicidios dolosos y asesinatos en grado tentativa,67.0,133.0
2023-Q3,2023,3,AND,2. Homicidios dolosos y asesinatos en grado tentativa,93.0,226.0
2023-Q4,2023,4,AND,2. Homicidios dolosos y asesinatos en grado tentativa,65.0,291.0
2024-Q1,2024,1,AND,2. Homicidios dolosos y asesinatos en grado tentativa,48.0,48.0
2024-Q2,2024,2,AND,2. Homicidios dolosos y asesinatos en grado tentativa,68.0,116.0
2024-Q3,2024,3,AND,2. Homicidios dolosos y asesinatos en grado tentativa,96.0,212.0
2024-Q4,2024,4,AND,2. Homicidios dolosos y asesinatos en grado tentativa,54.0,266.0
2025-Q1,2025,1,AND,2. Homicidios dolosos y asesinatos en grado tentativa,72.0,72.0
2025-Q2,2025,2,AND,2. Homicidios dolosos y asesinatos en grado tentativa,81.0,153.0
2025-Q3,2025,3,AND,2. Homicidios dolosos y asesinatos en grado tentativa,69.0,222.0
2016-Q1,2016,1,AND,2.-HOMICIDIOS DOLOSOS Y ASESINATOS CONSUMADOS (EU),16.0,16.0
2016-Q2,2016,2,AND,2.-HOMICIDIOS DOLOSOS Y ASESINATOS CONSUMADOS (EU),8.0,24.0
2016-Q3,2016,3,AND,2.-HOMICIDIOS DOLOSOS Y ASESINATOS CONSUMADOS (EU),25.0,49.0
2016-Q4,2016,4,AND,2.-HOMICIDIOS DOLOSOS Y ASESINATOS CONSUMADOS (EU),19.0,68.0
2017-Q1,2017,1,AND,2.-Homicidios dolosos y asesinatos en grado tentativa,59.0,59.0
2017-Q2,2017,2,AND,2.-Homicidios dolosos y asesinatos en grado tentativa,63.0,122.0
2017-Q3,2017,3,AND,2.-Homicidios dolosos y asesinatos en grado tentativa,53.0,175.0
2017-Q4,2017,4,AND,2.-Homicidios dolosos y asesinatos en grado tentativa,32.0,207.0
2018-Q1,2018,1,AND,2.-Homicidios dolosos y asesinatos en grado tentativa,32.0,32.0
2018-Q2,2018,2,AND,2.-Homicidios dolosos y asesinatos en grado tentativa,46.0,78.0
2018-Q3,2018,3,AND,2.-Homicidios dolosos y asesinatos en grado tentativa,56.0,134.0
2018-Q4,2018,4,AND,2.-Homicidios dolosos y asesinatos en grado tentativa,56.0,190.0
2019-Q1,2019,1,AND,2.-Homicidios dolosos y asesinatos en grado tentativa,31.0,31.0
2019-Q2,2019,2,AND,2.-Homicidios dolosos y asesinatos en grado tentativa,41.0,72.0
2019-Q3,2019,3,AND,2.-Homicidios dolosos y asesinatos en grado tentativa,41.0,113.0
2019-Q4,2019,4,AND,2.-Homicidios dolosos y asesinatos en grado tentativa,45.0,158.0
2020-Q1,2020,1,AND,2.-Homicidios dolosos y asesinatos en grado tentativa,50.0,50.0
2020-Q2,2020,2,AND,2.-Homicidios dolosos y asesinatos en grado tentativa,66.0,116.0
2020-Q3,2020,3,AND,2.-Homicidios dolosos y asesinatos en grado tentativa,74.0,190.0
2020-Q4,2020,4,AND,2.-Homicidios dolosos y asesinatos en grado tentativa,48.0,238.0
2021-Q1,2021,1,AND,2.-Homicidios dolosos y asesinatos en grado tentativa,43.0,43.0
2021-Q2,2021,2,AND,2.-Homicidios dolosos y asesinatos en grado tentativa,51.0,94.0
2021-Q3,2021,3,AND,2.-Homicidios dolosos y asesinatos en grado tentativa,68.0,162.0
2021-Q4,2021,4,AND,2.-Homicidios dolosos y asesinatos en grado tentativa,57.0,219.0
2022-Q1,2022,1,AND,2.-Homicidios dolosos y asesinatos en grado tentativa,56.0,56.0
2022-Q2,2022,2,AND,2.-Homicidios dolosos y asesinatos en grado tentativa,70.0,126.0
2022-Q3,2022,3,AND,2.-Homicidios dolosos y asesinatos en grado tentativa,81.0,207.0
2022-Q4,2022,4,AND,3. Delitos graves y menos graves de lesiones y riÃ±a tumultuaria,4836.0,4836.0
2023-Q1,2023,1,AND,3. Delitos graves y menos graves de lesiones y riÃ±a tumultuaria,1072.0,1072.0
2023-Q2,2023,2,AND,3. Delitos graves y menos graves de lesiones y riÃ±a tumultuaria,1357.0,2429.0
2023-Q3,2023,3,AND,3. Delitos graves y menos graves de lesiones y riÃ±a tumultuaria,1433.0,3862.0
2023-Q4,2023,4,AND,3. Delitos graves y menos graves de lesiones y riÃ±a tumultuaria,1280.0,5142.0
2024-Q1,2024,1,AND,3. Delitos graves y menos graves de lesiones y riÃ±a tumultuaria,1171.0,1171.0
2024-Q2,2024,2,AND,3. Delitos graves y menos graves de lesiones y riÃ±a tumultuaria,1435.0,2606.0
2024-Q3,2024,3,AND,3. Delitos graves y menos graves de lesiones y riÃ±a tumultuaria,1496.0,4102.0
2024-Q4,2024,4,AND,3. Delitos graves y menos graves de lesiones y riÃ±a tumultuaria,1396.0,5498.0
2025-Q1,2025,1,AND,3. Delitos graves y menos graves de lesiones y riÃ±a tumultuaria,1201.0,1201.0
2025-Q2,2025,2,AND,3. Delitos graves y menos graves de lesiones y riÃ±a tumultuaria,1492.0,2693.0
2025-Q3,2025,3,AND,3. Delitos graves y menos graves de lesiones y riÃ±a tumultuaria,1686.0,4379.0
2017-Q1,2017,1,AND,3.-Delitos graves y menos graves de lesiones y riÃ±a tumultuaria,681.0,681.0
2017-Q2,2017,2,AND,3.-Delitos graves y menos graves de lesiones y riÃ±a tumultuaria,767.0,1448.0
2017-Q3,2017,3,AND,3.-Delitos graves y menos graves de lesiones y riÃ±a tumultuaria,826.0,2274.0
2017-Q4,2017,4,AND,3.-Delitos graves y menos graves de lesiones y riÃ±a tumultuaria,656.0,2930.0
2018-Q1,2018,1,AND,3.-Delitos graves y menos graves de lesiones y riÃ±a tumultuaria,644.0,644.0
2018-Q2,2018,2,AND,3.-Delitos graves y menos graves de lesiones y riÃ±a tumultuaria,685.0,1329.0
2018-Q3,2018,3,AND,3.-Delitos graves y menos graves de lesiones y riÃ±a tumultuaria,869.0,2198.0
2018-Q4,2018,4,AND,3.-Delitos graves y menos graves de lesiones y riÃ±a tumultuaria,719.0,2917.0
2019-Q1,2019,1,AND,3.-Delitos graves y menos graves de lesiones y riÃ±a tumultuaria,725.0,725.0
2019-Q2,2019,2,AND,3.-Delitos graves y menos graves de lesiones y riÃ±a tumultuaria,768.0,1493.0
2019-Q3,2019,3,AND,3.-Delitos graves y menos graves de lesiones y riÃ±a tumultuaria,1054.0,2547.0
2019-Q4,2019,4,AND,3.-Delitos graves y menos graves de lesiones y riÃ±a tumultuaria,912.0,3459.0
2020-Q1,2020,1,AND,3.-Delitos graves y menos graves de lesiones y riÃ±a tumultuaria,767.0,767.0
2020-Q2,2020,2,AND,3.-Delitos graves y menos graves de lesiones y riÃ±a tumultuaria,588.0,1355.0
2020-Q3,2020,3,AND,3.-Delitos graves y menos graves de lesiones y riÃ±a tumultuaria,960.0,2315.0
2020-Q4,2020,4,AND,3.-Delitos graves y menos graves de lesiones y riÃ±a tumultuaria,739.0,3054.0
2021-Q1,2021,1,AND,3.-Delitos graves y menos graves de lesiones y riÃ±a tumultuaria,658.0,658.0
2021-Q2,2021,2,AND,3.-Delitos graves y menos graves de lesiones y riÃ±a tumultuaria,877.0,1535.0
2021-Q3,2021,3,AND,3.-Delitos graves y menos graves de lesiones y riÃ±a tumultuaria,1066.0,2601.0
2021-Q4,2021,4,AND,3.-Delitos graves y menos graves de lesiones y riÃ±a tumultuaria,1047.0,3648.0
2022-Q1,2022,1,AND,3.-Delitos graves y menos graves de lesiones y riÃ±a tumultuaria,989.0,989.0
2022-Q2,2022,2,AND,3.-Delitos graves y menos graves de lesiones y riÃ±a tumultuaria,1262.0,2251.0
2022-Q3,2022,3,AND,3.-Delitos graves y menos graves de lesiones y riÃ±a tumultuaria,1417.0,3668.0
2016-Q1,2016,1,AND,3.-ROBO CON VIOLENCIA E INTIMIDACIÃN (EU),1838.0,1838.0
2016-Q2,2016,2,AND,3.-ROBO CON VIOLENCIA E INTIMIDACIÃN (EU),1920.0,3758.0
2016-Q3,2016,3,AND,3.-ROBO CON VIOLENCIA E INTIMIDACIÃN (EU),1928.0,5686.0
2016-Q4,2016,4,AND,3.-ROBO CON VIOLENCIA E INTIMIDACIÃN (EU),1793.0,7479.0
2022-Q4,2022,4,AND,4. Secuestro,22.0,22.0
2023-Q1,2023,1,AND,4. Secuestro,12.0,12.0
2023-Q2,2023,2,AND,4. Secuestro,10.0,22.0
2023-Q3,2023,3,AND,4. Secuestro,7.0,29.0
2023-Q4,2023,4,AND,4. Secuestro,6.0,35.0
2024-Q1,2024,1,AND,4. Secuestro,9.0,9.0
2024-Q2,2024,2,AND,4. Secuestro,6.0,15.0
2024-Q3,2024,3,AND,4. Secuestro,4.0,19.0
2024-Q4,2024,4,AND,4. Secuestro,8.0,27.0
2025-Q1,2025,1,AND,4. Secuestro,11.0,11.0
2025-Q2,2025,2,AND,4. Secuestro,10.0,21.0
2025-Q3,2025,3,AND,4. Secuestro,13.0,34.0
2016-Q1,2016,1,AND,4.-ROBOS CON FUERZA EN DOMICILIOS (EU),4833.0,4833.0
2016-Q2,2016,2,AND,4.-ROBOS CON FUERZA EN DOMICILIOS (EU),4396.0,9229.0
2016-Q3,2016,3,AND,4.-ROBOS CON FUERZA EN DOMICILIOS (EU),4716.0,13945.0
2016-Q4,2016,4,AND,4.-ROBOS CON FUERZA EN DOMICILIOS (EU),4294.0,18239.0
2017-Q1,2017,1,AND,4.-Secuestro,1.0,1.0
2017-Q2,2017,2,AND,4.-Secuestro,9.0,10.0
2017-Q3,2017,3,AND,4.-Secuestro,4.0,14.0
2017-Q4,2017,4,AND,4.-Secuestro,1.0,15.0
2018-Q1,2018,1,AND,4.-Secuestro,7.0,7.0
2018-Q2,2018,2,AND,4.-Secuestro,6.0,13.0
2018-Q3,2018,3,AND,4.-Secuestro,8.0,21.0
2018-Q4,2018,4,AND,4.-Secuestro,5.0,26.0
2019-Q1,2019,1,AND,4.-Secuestro,13.0,13.0
2019-Q2,2019,2,AND,4.-Secuestro,11.0,24.0
2019-Q3,2019,3,AND,4.-Secuestro,2.0,26.0
2019-Q4,2019,4,AND,4.-Secuestro,5.0,31.0
2020-Q1,2020,1,AND,4.-Secuestro,6.0,6.0
2020-Q2,2020,2,AND,4.-Secuestro,6.0,12.0
2020-Q3,2020,3,AND,4.-Secuestro,6.0,18.0
2020-Q4,2020,4,AND,4.-Secuestro,5.0,23.0
2021-Q1,2021,1,AND,4.-Secuestro,2.0,2.0
2021-Q2,2021,2,AND,4.-Secuestro,9.0,11.0
2021-Q3,2021,3,AND,4.-Secuestro,7.0,18.0
2021-Q4,2021,4,AND,4.-Secuestro,9.0,27.0
2022-Q1,2022,1,AND,4.-Secuestro,4.0,4.0
2022-Q2,2022,2,AND,4.-Secuestro,5.0,9.0
2022-Q3,2022,3,AND,4.-Secuestro,4.0,13.0
2022-Q4,2022,4,AND,5. Delitos contra la libertad sexual,2666.0,2666.0
2023-Q1,2023,1,AND,5. Delitos contra la libertad sexual,723.0,723.0
2023-Q2,2023,2,AND,5. Delitos contra la libertad sexual,848.0,1571.0
2023-Q3,2023,3,AND,5. Delitos contra la libertad sexual,787.0,2358.0
2023-Q4,2023,4,AND,5. Delitos contra la libertad sexual,704.0,3062.0
2024-Q1,2024,1,AND,5. Delitos contra la libertad sexual,694.0,694.0
2024-Q2,2024,2,AND,5. Delitos contra la libertad sexual,812.0,1506.0
2024-Q3,2024,3,AND,5. Delitos contra la libertad sexual,883.0,2389.0
2024-Q4,2024,4,AND,5. Delitos contra la libertad sexual,766.0,3155.0
2025-Q1,2025,1,AND,5. Delitos contra la libertad sexual,662.0,662.0
2025-Q2,2025,2,AND,5. Delitos contra la libertad sexual,855.0,1517.0
2025-Q3,2025,3,AND,5. Delitos contra la libertad sexual,880.0,2397.0
2017-Q1,2017,1,AND,5.-Delitos contra la libertad e indemnidad sexual,516.0,516.0
2017-Q2,2017,2,AND,5.-Delitos contra la libertad e indemnidad sexual,530.0,1046.0
2017-Q3,2017,3,AND,5.-Delitos contra la libertad e indemnidad sexual,538.0,1584.0
2017-Q4,2017,4,AND,5.-Delitos contra la libertad e indemnidad sexual,480.0,2064.0
2018-Q1,2018,1,AND,5.-Delitos contra la libertad e indemnidad sexual,499.0,499.0
2018-Q2,2018,2,AND,5.-Delitos contra la libertad e indemnidad sexual,669.0,1168.0
2018-Q3,2018,3,AND,5.-Delitos contra la libertad e indemnidad sexual,644.0,1812.0
2018-Q4,2018,4,AND,5.-Delitos contra la libertad e indemnidad sexual,536.0,2348.0
2019-Q1,2019,1,AND,5.-Delitos contra la libertad e indemnidad sexual,599.0,599.0
2019-Q2,2019,2,AND,5.-Delitos contra la libertad e indemnidad sexual,619.0,1218.0
2019-Q3,2019,3,AND,5.-Delitos contra la libertad e indemnidad sexual,673.0,1891.0
2019-Q4,2019,4,AND,5.-Delitos contra la libertad e indemnidad sexual,625.0,2516.0
2020-Q1,2020,1,AND,5.-Delitos contra la libertad e indemnidad sexual,532.0,532.0
2020-Q2,2020,2,AND,5.-Delitos contra la libertad e indemnidad sexual,477.0,1009.0
2020-Q3,2020,3,AND,5.-Delitos contra la libertad e indemnidad sexual,656.0,1665.0
2020-Q4,2020,4,AND,5.-Delitos contra la libertad e indemnidad sexual,550.0,2215.0
2021-Q1,2021,1,AND,5.-Delitos contra la libertad e indemnidad sexual,581.0,581.0
2021-Q2,2021,2,AND,5.-Delitos contra la libertad e indemnidad sexual,749.0,1330.0
2021-Q3,2021,3,AND,5.-Delitos contra la libertad e indemnidad sexual,682.0,2012.0
2021-Q4,2021,4,AND,5.-Delitos contra la libertad e indemnidad sexual,678.0,2690.0
2022-Q1,2022,1,AND,5.-Delitos contra la libertad e indemnidad sexual,751.0,751.0
2022-Q2,2022,2,AND,5.-Delitos contra la libertad e indemnidad sexual,855.0,1606.0
2022-Q3,2022,3,AND,5.-Delitos contra la libertad e indemnidad sexual,795.0,2401.0
2016-Q1,2016,1,AND,5.-SUSTRACCIÃN VEHÃCULOS A MOTOR (EU),2091.0,2091.0
2016-Q2,2016,2,AND,5.-SUSTRACCIÃN VEHÃCULOS A MOTOR (EU),2122.0,4213.0
2016-Q3,2016,3,AND,5.-SUSTRACCIÃN VEHÃCULOS A MOTOR (EU),2387.0,6600.0
2016-Q4,2016,4,AND,5.-SUSTRACCIÃN VEHÃCULOS A MOTOR (EU),2277.0,8877.0
2017-Q1,2017,1,AND,5.1.-AgresiÃ³n sexual con penetraciÃ³n,33.0,33.0
2017-Q2,2017,2,AND,5.1.-AgresiÃ³n sexual con penetraciÃ³n,44.0,77.0
2017-Q3,2017,3,AND,5.1.-AgresiÃ³n sexual con penetraciÃ³n,54.0,131.0
2017-Q4,2017,4,AND,5.1.-AgresiÃ³n sexual con penetraciÃ³n,42.0,173.0
2018-Q1,2018,1,AND,5.1.-AgresiÃ³n sexual con penetraciÃ³n,41.0,41.0
2018-Q2,2018,2,AND,5.1.-AgresiÃ³n sexual con penetraciÃ³n,53.0,94.0
2018-Q3,2018,3,AND,5.1.-AgresiÃ³n sexual con penetraciÃ³n,60.0,154.0
2018-Q4,2018,4,AND,5.1.-AgresiÃ³n sexual con penetraciÃ³n,47.0,201.0
2019-Q1,2019,1,AND,5.1.-AgresiÃ³n sexual con penetraciÃ³n,54.0,54.0
2019-Q2,2019,2,AND,5.1.-AgresiÃ³n sexual con penetraciÃ³n,59.0,113.0
2019-Q3,2019,3,AND,5.1.-AgresiÃ³n sexual con penetraciÃ³n,79.0,192.0
2019-Q4,2019,4,AND,5.1.-AgresiÃ³n sexual con penetraciÃ³n,69.0,261.0
2020-Q1,2020,1,AND,5.1.-AgresiÃ³n sexual con penetraciÃ³n,57.0,57.0
2020-Q2,2020,2,AND,5.1.-AgresiÃ³n sexual con penetraciÃ³n,44.0,101.0
2020-Q3,2020,3,AND,5.1.-AgresiÃ³n sexual con penetraciÃ³n,74.0,175.0
2020-Q4,2020,4,AND,5.1.-AgresiÃ³n sexual con penetraciÃ³n,65.0,240.0
2021-Q1,2021,1,AND,5.1.-AgresiÃ³n sexual con penetraciÃ³n,56.0,56.0
2021-Q2,2021,2,AND,5.1.-AgresiÃ³n sexual con penetraciÃ³n,85.0,141.0
2021-Q3,2021,3,AND,5.1.-AgresiÃ³n sexual con penetraciÃ³n,71.0,212.0
2021-Q4,2021,4,AND,5.1.-AgresiÃ³n sexual con penetraciÃ³n,69.0,281.0
2022-Q1,2022,1,AND,5.1.-AgresiÃ³n sexual con penetraciÃ³n,76.0,76.0
2022-Q2,2022,2,AND,5.1.-AgresiÃ³n sexual con penetraciÃ³n,88.0,164.0
2022-Q3,2022,3,AND,5.1.-AgresiÃ³n sexual con penetraciÃ³n,93.0,257.0
2022-Q4,2022,4,AND,5.1.-AgresiÃ³n sexual con penetraciÃ³n,121.0,378.0
2023-Q1,2023,1,AND,5.1.-AgresiÃ³n sexual con penetraciÃ³n,127.0,127.0
2023-Q2,2023,2,AND,5.1.-AgresiÃ³n sexual con penetraciÃ³n,171.0,298.0
2023-Q3,2023,3,AND,5.1.-AgresiÃ³n sexual con penetraciÃ³n,176.0,474.0
2023-Q4,2023,4,AND,5.1.-AgresiÃ³n sexual con penetraciÃ³n,129.0,603.0
2024-Q1,2024,1,AND,5.1.-AgresiÃ³n sexual con penetraciÃ³n,119.0,119.0
2024-Q2,2024,2,AND,5.1.-AgresiÃ³n sexual con penetraciÃ³n,174.0,293.0
2024-Q3,2024,3,AND,5.1.-AgresiÃ³n sexual con penetraciÃ³n,184.0,477.0
2024-Q4,2024,4,AND,5.1.-AgresiÃ³n sexual con penetraciÃ³n,148.0,625.0
2025-Q1,2025,1,AND,5.1.-AgresiÃ³n sexual con penetraciÃ³n,138.0,138.0
2025-Q2,2025,2,AND,5.1.-AgresiÃ³n sexual con penetraciÃ³n,161.0,299.0
2025-Q3,2025,3,AND,5.1.-AgresiÃ³n sexual con penetraciÃ³n,175.0,474.0
2017-Q1,2017,1,AND,5.2.-Resto de delitos contra la libertad e indemnidad sexual,483.0,483.0
2017-Q2,2017,2,AND,5.2.-Resto de delitos contra la libertad e indemnidad sexual,486.0,969.0
2017-Q3,2017,3,AND,5.2.-Resto de delitos contra la libertad e indemnidad sexual,484.0,1453.0
2017-Q4,2017,4,AND,5.2.-Resto de delitos contra la libertad e indemnidad sexual,438.0,1891.0
2018-Q1,2018,1,AND,5.2.-Resto de delitos contra la libertad e indemnidad sexual,458.0,458.0
2018-Q2,2018,2,AND,5.2.-Resto de delitos contra la libertad e indemnidad sexual,616.0,1074.0
2018-Q3,2018,3,AND,5.2.-Resto de delitos contra la libertad e indemnidad sexual,584.0,1658.0
2018-Q4,2018,4,AND,5.2.-Resto de delitos contra la libertad e indemnidad sexual,489.0,2147.0
2019-Q1,2019,1,AND,5.2.-Resto de delitos contra la libertad e indemnidad sexual,545.0,545.0
2019-Q2,2019,2,AND,5.2.-Resto de delitos contra la libertad e indemnidad sexual,560.0,1105.0
2019-Q3,2019,3,AND,5.2.-Resto de delitos contra la libertad e indemnidad sexual,594.0,1699.0
2019-Q4,2019,4,AND,5.2.-Resto de delitos contra la libertad e indemnidad sexual,556.0,2255.0
2020-Q1,2020,1,AND,5.2.-Resto de delitos contra la libertad e indemnidad sexual,475.0,475.0
2020-Q2,2020,2,AND,5.2.-Resto de delitos contra la libertad e indemnidad sexual,433.0,908.0
2020-Q3,2020,3,AND,5.2.-Resto de delitos contra la libertad e indemnidad sexual,582.0,1490.0
2020-Q4,2020,4,AND,5.2.-Resto de delitos contra la libertad e indemnidad sexual,485.0,1975.0
2021-Q1,2021,1,AND,5.2.-Resto de delitos contra la libertad e indemnidad sexual,525.0,525.0
2021-Q2,2021,2,AND,5.2.-Resto de delitos contra la libertad e indemnidad sexual,664.0,1189.0
2021-Q3,2021,3,AND,5.2.-Resto de delitos contra la libertad e indemnidad sexual,611.0,1800.0
2021-Q4,2021,4,AND,5.2.-Resto de delitos contra la libertad e indemnidad sexual,609.0,2409.0
2022-Q1,2022,1,AND,5.2.-Resto de delitos contra la libertad e indemnidad sexual,675.0,675.0
2022-Q2,2022,2,AND,5.2.-Resto de delitos contra la libertad e indemnidad sexual,767.0,1442.0
2022-Q3,2022,3,AND,5.2.-Resto de delitos contra la libertad e indemnidad sexual,702.0,2144.0
2022-Q4,2022,4,AND,5.2.-Resto de delitos contra la libertad sexual,2288.0,2288.0
2023-Q1,2023,1,AND,5.2.-Resto de delitos contra la libertad sexual,596.0,596.0
2023-Q2,2023,2,AND,5.2.-Resto de delitos contra la libertad sexual,677.0,1273.0
2023-Q3,2023,3,AND,5.2.-Resto de delitos contra la libertad sexual,611.0,1884.0
2023-Q4,2023,4,AND,5.2.-Resto de delitos contra la libertad sexual,575.0,2459.0
2024-Q1,2024,1,AND,5.2.-Resto de delitos contra la libertad sexual,575.0,575.0
2024-Q2,2024,2,AND,5.2.-Resto de delitos contra la libertad sexual,638.0,1213.0
2024-Q3,2024,3,AND,5.2.-Resto de delitos contra la libertad sexual,699.0,1912.0
2024-Q4,2024,4,AND,5.2.-Resto de delitos contra la libertad sexual,618.0,2530.0
2025-Q1,2025,1,AND,5.2.-Resto de delitos contra la libertad sexual,524.0,524.0
2025-Q2,2025,2,AND,5.2.-Resto de delitos contra la libertad sexual,694.0,1218.0
2025-Q3,2025,3,AND,5.2.-Resto de delitos contra la libertad sexual,705.0,1923.0
2022-Q4,2022,4,AND,6. Robos con violencia e intimidaciÃ³n,7360.0,7360.0
2023-Q1,2023,1,AND,6. Robos con violencia e intimidaciÃ³n,1763.0,1763.0
2023-Q2,2023,2,AND,6. Robos con violencia e intimidaciÃ³n,1861.0,3624.0
2023-Q3,2023,3,AND,6. Robos con violencia e intimidaciÃ³n,2075.0,5699.0
2023-Q4,2023,4,AND,6. Robos con violencia e intimidaciÃ³n,2006.0,7705.0
2024-Q1,2024,1,AND,6. Robos con violencia e intimidaciÃ³n,1818.0,1818.0
2024-Q2,2024,2,AND,6. Robos con violencia e intimidaciÃ³n,1920.0,3738.0
2024-Q3,2024,3,AND,6. Robos con violencia e intimidaciÃ³n,1887.0,5625.0
2024-Q4,2024,4,AND,6. Robos con violencia e intimidaciÃ³n,1798.0,7423.0
2025-Q1,2025,1,AND,6. Robos con violencia e intimidaciÃ³n,1623.0,1623.0
2025-Q2,2025,2,AND,6. Robos con violencia e intimidaciÃ³n,1841.0,3464.0
2025-Q3,2025,3,AND,6. Robos con violencia e intimidaciÃ³n,1987.0,5451.0
2017-Q1,2017,1,AND,6.-Robos con violencia e intimidaciÃ³n,1952.0,1952.0
2017-Q2,2017,2,AND,6.-Robos con violencia e intimidaciÃ³n,1793.0,3745.0
2017-Q3,2017,3,AND,6.-Robos con violencia e intimidaciÃ³n,2009.0,5754.0
2017-Q4,2017,4,AND,6.-Robos con violencia e intimidaciÃ³n,1914.0,7668.0
2018-Q1,2018,1,AND,6.-Robos con violencia e intimidaciÃ³n,1717.0,1717.0
2018-Q2,2018,2,AND,6.-Robos con violencia e intimidaciÃ³n,1756.0,3473.0
2018-Q3,2018,3,AND,6.-Robos con violencia e intimidaciÃ³n,1837.0,5310.0
2018-Q4,2018,4,AND,6.-Robos con violencia e intimidaciÃ³n,1843.0,7153.0
2019-Q1,2019,1,AND,6.-Robos con violencia e intimidaciÃ³n,1740.0,1740.0
2019-Q2,2019,2,AND,6.-Robos con violencia e intimidaciÃ³n,1814.0,3554.0
2019-Q3,2019,3,AND,6.-Robos con violencia e intimidaciÃ³n,1870.0,5424.0
2019-Q4,2019,4,AND,6.-Robos con violencia e intimidaciÃ³n,1920.0,7344.0
2020-Q1,2020,1,AND,6.-Robos con violencia e intimidaciÃ³n,1570.0,1570.0
2020-Q2,2020,2,AND,6.-Robos con violencia e intimidaciÃ³n,807.0,2377.0
2020-Q3,2020,3,AND,6.-Robos con violencia e intimidaciÃ³n,1635.0,4012.0
2020-Q4,2020,4,AND,6.-Robos con violencia e intimidaciÃ³n,1196.0,5208.0
2021-Q1,2021,1,AND,6.-Robos con violencia e intimidaciÃ³n,1186.0,1186.0
2021-Q2,2021,2,AND,6.-Robos con violencia e intimidaciÃ³n,1359.0,2545.0
2021-Q3,2021,3,AND,6.-Robos con violencia e intimidaciÃ³n,1552.0,4097.0
2021-Q4,2021,4,AND,6.-Robos con violencia e intimidaciÃ³n,1814.0,5911.0
2022-Q1,2022,1,AND,6.-Robos con violencia e intimidaciÃ³n,1792.0,1792.0
2022-Q2,2022,2,AND,6.-Robos con violencia e intimidaciÃ³n,1754.0,3546.0
2022-Q3,2022,3,AND,6.-Robos con violencia e intimidaciÃ³n,1950.0,5496.0
2016-Q1,2016,1,AND,6.-TRÃFICO DE DROGAS (EU),683.0,683.0
2016-Q2,2016,2,AND,6.-TRÃFICO DE DROGAS (EU),837.0,1520.0
2016-Q3,2016,3,AND,6.-TRÃFICO DE DROGAS (EU),924.0,2444.0
2016-Q4,2016,4,AND,6.-TRÃFICO DE DROGAS (EU),698.0,3142.0
2022-Q4,2022,4,AND,"7. Robos con fuerza en domicilios, establecimientos y otras instalaciones",18734.0,18734.0
2023-Q1,2023,1,AND,"7. Robos con fuerza en domicilios, establecimientos y otras instalaciones",4946.0,4946.0
2023-Q2,2023,2,AND,"7. Robos con fuerza en domicilios, establecimientos y otras instalaciones",4704.0,9650.0
2023-Q3,2023,3,AND,"7. Robos con fuerza en domicilios, establecimientos y otras instalaciones",5437.0,15087.0
2023-Q4,2023,4,AND,"7. Robos con fuerza en domicilios, establecimientos y otras instalaciones",5179.0,20266.0
2024-Q1,2024,1,AND,"7. Robos con fuerza en domicilios, establecimientos y otras instalaciones",4785.0,4785.0
2024-Q2,2024,2,AND,"7. Robos con fuerza en domicilios, establecimientos y otras instalaciones",4428.0,9213.0
2024-Q3,2024,3,AND,"7. Robos con fuerza en domicilios, establecimientos y otras instalaciones",4697.0,13910.0
2024-Q4,2024,4,AND,"7. Robos con fuerza en domicilios, establecimientos y otras instalaciones",4321.0,18231.0
2025-Q1,2025,1,AND,"7. Robos con fuerza en domicilios, establecimientos y otras instalaciones",4138.0,4138.0
2025-Q2,2025,2,AND,"7. Robos con fuerza en domicilios, establecimientos y otras instalaciones",3787.0,7925.0
2025-Q3,2025,3,AND,"7. Robos con fuerza en domicilios, establecimientos y otras instalaciones",3981.0,11906.0
2017-Q1,2017,1,AND,"7.- Robos con fuerza en domicilios, establecimientos y otras instalaciones",6918.0,6918.0
2017-Q2,2017,2,AND,"7.- Robos con fuerza en domicilios, establecimientos y otras instalaciones",6097.0,13015.0
2017-Q3,2017,3,AND,"7.- Robos con fuerza en domicilios, establecimientos y otras instalaciones",5990.0,19005.0
2017-Q4,2017,4,AND,"7.- Robos con fuerza en domicilios, establecimientos y otras instalaciones",5713.0,24718.0
2018-Q1,2018,1,AND,"7.- Robos con fuerza en domicilios, establecimientos y otras instalaciones",6285.0,6285.0
2018-Q2,2018,2,AND,"7.- Robos con fuerza en domicilios, establecimientos y otras instalaciones",5472.0,11757.0
2018-Q3,2018,3,AND,"7.- Robos con fuerza en domicilios, establecimientos y otras instalaciones",5668.0,17425.0
2018-Q4,2018,4,AND,"7.- Robos con fuerza en domicilios, establecimientos y otras instalaciones",5607.0,23032.0
2019-Q1,2019,1,AND,"7.- Robos con fuerza en domicilios, establecimientos y otras instalaciones",5729.0,5729.0
2019-Q2,2019,2,AND,"7.- Robos con fuerza en domicilios, establecimientos y otras instalaciones",5313.0,11042.0
2019-Q3,2019,3,AND,"7.- Robos con fuerza en domicilios, establecimientos y otras instalaciones",5530.0,16572.0
2019-Q4,2019,4,AND,"7.- Robos con fuerza en domicilios, establecimientos y otras instalaciones",5883.0,22455.0
2020-Q1,2020,1,AND,"7.- Robos con fuerza en domicilios, establecimientos y otras instalaciones",5188.0,5188.0
2020-Q2,2020,2,AND,"7.- Robos con fuerza en domicilios, establecimientos y otras instalaciones",3098.0,8286.0
2020-Q3,2020,3,AND,"7.- Robos con fuerza en domicilios, establecimientos y otras instalaciones",5140.0,13426.0
2020-Q4,2020,4,AND,"7.- Robos con fuerza en domicilios, establecimientos y otras instalaciones",4141.0,17567.0
2021-Q1,2021,1,AND,"7.- Robos con fuerza en domicilios, establecimientos y otras instalaciones",3658.0,3658.0
2021-Q2,2021,2,AND,"7.- Robos con fuerza en domicilios, establecimientos y otras instalaciones",3800.0,7458.0
2021-Q3,2021,3,AND,"7.- Robos con fuerza en domicilios, establecimientos y otras instalaciones",4571.0,12029.0
2021-Q4,2021,4,AND,"7.- Robos con fuerza en domicilios, establecimientos y otras instalaciones",4352.0,16381.0
2022-Q1,2022,1,AND,"7.- Robos con fuerza en domicilios, establecimientos y otras instalaciones",4404.0,4404.0
2022-Q2,2022,2,AND,"7.- Robos con fuerza en domicilios, establecimientos y otras instalaciones",4777.0,9181.0
2022-Q3,2022,3,AND,"7.- Robos con fuerza en domicilios, establecimientos y otras instalaciones",4936.0,14117.0
2016-Q1,2016,1,AND,7.-DAÃOS,8593.0,8593.0
2016-Q2,2016,2,AND,7.-DAÃOS,8255.0,16848.0
2016-Q3,2016,3,AND,7.-DAÃOS,9034.0,25882.0
2016-Q4,2016,4,AND,7.-DAÃOS,8628.0,34510.0
2017-Q1,2017,1,AND,7.1.-Robos con fuerza en domicilios,4717.0,4717.0
2017-Q2,2017,2,AND,7.1.-Robos con fuerza en domicilios,4244.0,8961.0
2017-Q3,2017,3,AND,7.1.-Robos con fuerza en domicilios,4443.0,13404.0
2017-Q4,2017,4,AND,7.1.-Robos con fuerza en domicilios,3872.0,17276.0
2018-Q1,2018,1,AND,7.1.-Robos con fuerza en domicilios,4229.0,4229.0
2018-Q2,2018,2,AND,7.1.-Robos con fuerza en domicilios,3700.0,7929.0
2018-Q3,2018,3,AND,7.1.-Robos con fuerza en domicilios,4084.0,12013.0
2018-Q4,2018,4,AND,7.1.-Robos con fuerza en domicilios,3697.0,15710.0
2019-Q1,2019,1,AND,7.1.-Robos con fuerza en domicilios,3755.0,3755.0
2019-Q2,2019,2,AND,7.1.-Robos con fuerza en domicilios,3583.0,7338.0
2019-Q3,2019,3,AND,7.1.-Robos con fuerza en domicilios,4002.0,11340.0
2019-Q4,2019,4,AND,7.1.-Robos con fuerza en domicilios,4012.0,15352.0
2020-Q1,2020,1,AND,7.1.-Robos con fuerza en domicilios,3465.0,3465.0
2020-Q2,2020,2,AND,7.1.-Robos con fuerza en domicilios,2263.0,5728.0
2020-Q3,2020,3,AND,7.1.-Robos con fuerza en domicilios,3659.0,9387.0
2020-Q4,2020,4,AND,7.1.-Robos con fuerza en domicilios,2731.0,12118.0
2021-Q1,2021,1,AND,7.1.-Robos con fuerza en domicilios,2486.0,2486.0
2021-Q2,2021,2,AND,7.1.-Robos con fuerza en domicilios,2627.0,5113.0
2021-Q3,2021,3,AND,7.1.-Robos con fuerza en domicilios,3355.0,8468.0
2021-Q4,2021,4,AND,7.1.-Robos con fuerza en domicilios,2989.0,11457.0
2022-Q1,2022,1,AND,7.1.-Robos con fuerza en domicilios,3013.0,3013.0
2022-Q2,2022,2,AND,7.1.-Robos con fuerza en domicilios,3404.0,6417.0
2022-Q3,2022,3,AND,7.1.-Robos con fuerza en domicilios,3685.0,10102.0
2022-Q4,2022,4,AND,7.1.-Robos con fuerza en domicilios,3140.0,13242.0
2023-Q1,2023,1,AND,7.1.-Robos con fuerza en domicilios,3310.0,3310.0
2023-Q2,2023,2,AND,7.1.-Robos con fuerza en domicilios,3198.0,6508.0
2023-Q3,2023,3,AND,7.1.-Robos con fuerza en domicilios,3904.0,10412.0
2023-Q4,2023,4,AND,7.1.-Robos con fuerza en domicilios,3669.0,14081.0
2024-Q1,2024,1,AND,7.1.-Robos con fuerza en domicilios,3297.0,3297.0
2024-Q2,2024,2,AND,7.1.-Robos con fuerza en domicilios,3050.0,6347.0
2024-Q3,2024,3,AND,7.1.-Robos con fuerza en domicilios,3514.0,9861.0
2024-Q4,2024,4,AND,7.1.-Robos con fuerza en domicilios,2929.0,12790.0
2025-Q1,2025,1,AND,7.1.-Robos con fuerza en domicilios,2755.0,2755.0
2025-Q2,2025,2,AND,7.1.-Robos con fuerza en domicilios,2663.0,5418.0
2025-Q3,2025,3,AND,7.1.-Robos con fuerza en domicilios,2914.0,8332.0
2022-Q4,2022,4,AND,8. Hurtos,89115.0,89115.0
2023-Q1,2023,1,AND,8. Hurtos,23042.0,23042.0
2023-Q2,2023,2,AND,8. Hurtos,24186.0,47228.0
2023-Q3,2023,3,AND,8. Hurtos,24993.0,72221.0
2023-Q4,2023,4,AND,8. Hurtos,23386.0,95607.0
2024-Q1,2024,1,AND,8. Hurtos,21392.0,21392.0
2024-Q2,2024,2,AND,8. Hurtos,24333.0,45725.0
2024-Q3,2024,3,AND,8. Hurtos,24759.0,70484.0
2024-Q4,2024,4,AND,8. Hurtos,22061.0,92545.0
2025-Q1,2025,1,AND,8. Hurtos,20614.0,20614.0
2025-Q2,2025,2,AND,8. Hurtos,22648.0,43262.0
2025-Q3,2025,3,AND,8. Hurtos,23849.0,67111.0
2016-Q1,2016,1,AND,8.-HURTOS,26466.0,26466.0
2016-Q2,2016,2,AND,8.-HURTOS,28675.0,55141.0
2016-Q3,2016,3,AND,8.-HURTOS,29304.0,84445.0
2016-Q4,2016,4,AND,8.-HURTOS,25143.0,109588.0
2017-Q1,2017,1,AND,8.-Hurtos,25203.0,25203.0
2017-Q2,2017,2,AND,8.-Hurtos,26572.0,51775.0
2017-Q3,2017,3,AND,8.-Hurtos,27676.0,79451.0
2017-Q4,2017,4,AND,8.-Hurtos,24295.0,103746.0
2018-Q1,2018,1,AND,8.-Hurtos,22364.0,22364.0
2018-Q2,2018,2,AND,8.-Hurtos,24454.0,46818.0
2018-Q3,2018,3,AND,8.-Hurtos,24941.0,71759.0
2018-Q4,2018,4,AND,8.-Hurtos,21531.0,93290.0
2019-Q1,2019,1,AND,8.-Hurtos,21638.0,21638.0
2019-Q2,2019,2,AND,8.-Hurtos,23137.0,44775.0
2019-Q3,2019,3,AND,8.-Hurtos,24886.0,69661.0
2019-Q4,2019,4,AND,8.-Hurtos,21737.0,91398.0
2020-Q1,2020,1,AND,8.-Hurtos,18095.0,18095.0
2020-Q2,2020,2,AND,8.-Hurtos,7919.0,26014.0
2020-Q3,2020,3,AND,8.-Hurtos,17918.0,43932.0
2020-Q4,2020,4,AND,8.-Hurtos,13638.0,57570.0
2021-Q1,2021,1,AND,8.-Hurtos,13180.0,13180.0
2021-Q2,2021,2,AND,8.-Hurtos,16361.0,29541.0
2021-Q3,2021,3,AND,8.-Hurtos,19747.0,49288.0
2021-Q4,2021,4,AND,8.-Hurtos,19628.0,68916.0
2022-Q1,2022,1,AND,8.-Hurtos,20242.0,20242.0
2022-Q2,2022,2,AND,8.-Hurtos,22698.0,42940.0
2022-Q3,2022,3,AND,8.-Hurtos,24109.0,67049.0
2022-Q4,2022,4,AND,9. Sustracciones de vehÃ­culos,5625.0,5625.0
2023-Q1,2023,1,AND,9. Sustracciones de vehÃ­culos,1355.0,1355.0
2023-Q2,2023,2,AND,9. Sustracciones de vehÃ­culos,1562.0,2917.0
2023-Q3,2023,3,AND,9. Sustracciones de vehÃ­culos,1539.0,4456.0
2023-Q4,2023,4,AND,9. Sustracciones de vehÃ­culos,1509.0,5965.0
2024-Q1,2024,1,AND,9. Sustracciones de vehÃ­culos,1526.0,1526.0
2024-Q2,2024,2,AND,9. Sustracciones de vehÃ­culos,1438.0,2964.0
2024-Q3,2024,3,AND,9. Sustracciones de vehÃ­culos,1592.0,4556.0
2024-Q4,2024,4,AND,9. Sustracciones de vehÃ­culos,1519.0,6075.0
2025-Q1,2025,1,AND,9. Sustracciones de vehÃ­culos,1449.0,1449.0
2025-Q2,2025,2,AND,9. Sustracciones de vehÃ­culos,1481.0,2930.0
2025-Q3,2025,3,AND,9. Sustracciones de vehÃ­culos,1730.0,4660.0
2017-Q1,2017,1,AND,9.-Sustracciones de vehÃ­culos,2278.0,2278.0
2017-Q2,2017,2,AND,9.-Sustracciones de vehÃ­culos,2323.0,4601.0
2017-Q3,2017,3,AND,9.-Sustracciones de vehÃ­culos,2165.0,6766.0
2017-Q4,2017,4,AND,9.-Sustracciones de vehÃ­culos,1989.0,8755.0
2018-Q1,2018,1,AND,9.-Sustracciones de vehÃ­culos,1783.0,1783.0
2018-Q2,2018,2,AND,9.-Sustracciones de vehÃ­culos,1645.0,3428.0
2018-Q3,2018,3,AND,9.-Sustracciones de vehÃ­culos,1800.0,5228.0
2018-Q4,2018,4,AND,9.-Sustracciones de vehÃ­culos,1706.0,6934.0
2019-Q1,2019,1,AND,9.-Sustracciones de vehÃ­culos,1654.0,1654.0
2019-Q2,2019,2,AND,9.-Sustracciones de vehÃ­culos,1688.0,3342.0
2019-Q3,2019,3,AND,9.-Sustracciones de vehÃ­culos,1646.0,4988.0
2019-Q4,2019,4,AND,9.-Sustracciones de vehÃ­culos,1555.0,6543.0
2020-Q1,2020,1,AND,9.-Sustracciones de vehÃ­culos,1374.0,1374.0
2020-Q2,2020,2,AND,9.-Sustracciones de vehÃ­culos,770.0,2144.0
2020-Q3,2020,3,AND,9.-Sustracciones de vehÃ­culos,1575.0,3719.0
2020-Q4,2020,4,AND,9.-Sustracciones de vehÃ­culos,1228.0,4947.0
2021-Q1,2021,1,AND,9.-Sustracciones de vehÃ­culos,984.0,984.0
2021-Q2,2021,2,AND,9.-Sustracciones de vehÃ­culos,1293.0,2277.0
2021-Q3,2021,3,AND,9.-Sustracciones de vehÃ­culos,1379.0,3656.0
2021-Q4,2021,4,AND,9.-Sustracciones de vehÃ­culos,1192.0,4848.0
2022-Q1,2022,1,AND,9.-Sustracciones de vehÃ­culos,1207.0,1207.0
2022-Q2,2022,2,AND,9.-Sustracciones de vehÃ­culos,1440.0,2647.0
2022-Q3,2022,3,AND,9.-Sustracciones de vehÃ­culos,1531.0,4178.0
2022-Q4,2022,4,AND,I. CRIMINALIDAD CONVENCIONAL,322544.0,322544.0
2023-Q1,2023,1,AND,I. CRIMINALIDAD CONVENCIONAL,79848.0,79848.0
2023-Q2,2023,2,AND,I. CRIMINALIDAD CONVENCIONAL,84132.0,163980.0
2023-Q3,2023,3,AND,I. CRIMINALIDAD CONVENCIONAL,86522.0,250502.0
2023-Q4,2023,4,AND,I. CRIMINALIDAD CONVENCIONAL,81740.0,332242.0
2024-Q1,2024,1,AND,I. CRIMINALIDAD CONVENCIONAL,77809.0,77809.0
2024-Q2,2024,2,AND,I. CRIMINALIDAD CONVENCIONAL,85194.0,163003.0
2024-Q3,2024,3,AND,I. CRIMINALIDAD CONVENCIONAL,86202.0,249205.0
2024-Q4,2024,4,AND,I. CRIMINALIDAD CONVENCIONAL,78934.0,328139.0
2025-Q1,2025,1,AND,I. CRIMINALIDAD CONVENCIONAL,76727.0,76727.0
2025-Q2,2025,2,AND,I. CRIMINALIDAD CONVENCIONAL,83311.0,160038.0
2025-Q3,2025,3,AND,I. CRIMINALIDAD CONVENCIONAL,87031.0,247069.0
2022-Q4,2022,4,AND,II. CIBERCRIMINALIDAD (infracciones penales cometidas en/por medio ciber),56996.0,56996.0
2023-Q1,2023,1,AND,II. CIBERCRIMINALIDAD (infracciones penales cometidas en/por medio ciber),17747.0,17747.0
2023-Q2,2023,2,AND,II. CIBERCRIMINALIDAD (infracciones penales cometidas en/por medio ciber),18276.0,36023.0
2023-Q3,2023,3,AND,II. CIBERCRIMINALIDAD (infracciones penales cometidas en/por medio ciber),21553.0,57576.0
2023-Q4,2023,4,AND,II. CIBERCRIMINALIDAD (infracciones penales cometidas en/por medio ciber),23675.0,81251.0
2024-Q1,2024,1,AND,II. CIBERCRIMINALIDAD (infracciones penales cometidas en/por medio ciber),21604.0,21604.0
2024-Q2,2024,2,AND,II. CIBERCRIMINALIDAD (infracciones penales cometidas en/por medio ciber),19851.0,41455.0
2024-Q3,2024,3,AND,II. CIBERCRIMINALIDAD (infracciones penales cometidas en/por medio ciber),19001.0,60456.0
2024-Q4,2024,4,AND,II. CIBERCRIMINALIDAD (infracciones penales cometidas en/por medio ciber),21103.0,81559.0
2025-Q1,2025,1,AND,II. CIBERCRIMINALIDAD (infracciones penales cometidas en/por medio ciber),22009.0,22009.0
2025-Q2,2025,2,AND,II. CIBERCRIMINALIDAD (infracciones penales cometidas en/por medio ciber),23174.0,45183.0
2025-Q3,2025,3,AND,II. CIBERCRIMINALIDAD (infracciones penales cometidas en/por medio ciber),23373.0,68556.0
2022-Q4,2022,4,AND,III. TOTAL INFRACCIONES PENALES,379540.0,379540.0
2023-Q1,2023,1,AND,III. TOTAL INFRACCIONES PENALES,97595.0,97595.0
2023-Q2,2023,2,AND,III. TOTAL INFRACCIONES PENALES,102408.0,200003.0
2023-Q3,2023,3,AND,III. TOTAL INFRACCIONES PENALES,108075.0,308078.0
2023-Q4,2023,4,AND,III. TOTAL INFRACCIONES PENALES,105415.0,413493.0
2024-Q1,2024,1,AND,III. TOTAL INFRACCIONES PENALES,99413.0,99413.0
2024-Q2,2024,2,AND,III. TOTAL INFRACCIONES PENALES,105045.0,204458.0
2024-Q3,2024,3,AND,III. TOTAL INFRACCIONES PENALES,105203.0,309661.0
2024-Q4,2024,4,AND,III. TOTAL INFRACCIONES PENALES,100037.0,409698.0
2025-Q1,2025,1,AND,III. TOTAL INFRACCIONES PENALES,98736.0,98736.0
2025-Q2,2025,2,AND,III. TOTAL INFRACCIONES PENALES,106485.0,205221.0
2025-Q3,2025,3,AND,III. TOTAL INFRACCIONES PENALES,110404.0,315625.0
2018-Q4,2018,4,AND,Resto de infracciones penales,193581.0,193581.0
2019-Q1,2019,1,AND,Resto de infracciones penales,48351.0,48351.0
2019-Q2,2019,2,AND,Resto de infracciones penales,49762.0,98113.0
2019-Q3,2019,3,AND,Resto de infracciones penales,53127.0,151240.0
2019-Q4,2019,4,AND,Resto de infracciones penales,50431.0,201671.0
2020-Q1,2020,1,AND,Resto de infracciones penales,47517.0,47517.0
2020-Q2,2020,2,AND,Resto de infracciones penales,41268.0,88785.0
2020-Q3,2020,3,AND,Resto de infracciones penales,55265.0,144050.0
2020-Q4,2020,4,AND,Resto de infracciones penales,48879.0,192929.0
2021-Q1,2021,1,AND,Resto de infracciones penales,48493.0,48493.0
2021-Q2,2021,2,AND,Resto de infracciones penales,50952.0,99445.0
2021-Q3,2021,3,AND,Resto de infracciones penales,53544.0,152989.0
2021-Q4,2021,4,AND,Resto de infracciones penales,54394.0,207383.0
2022-Q1,2022,1,AND,Resto de infracciones penales,57818.0,57818.0
2022-Q2,2022,2,AND,Resto de infracciones penales,60632.0,118450.0
2022-Q3,2022,3,AND,Resto de infracciones penales,65251.0,183701.0
2017-Q1,2017,1,AND,TOTAL INFRACCIONES PENALES,83227.0,83227.0
2017-Q2,2017,2,AND,TOTAL INFRACCIONES PENALES,84456.0,167683.0
2017-Q3,2017,3,AND,TOTAL INFRACCIONES PENALES,86154.0,253837.0
2017-Q4,2017,4,AND,TOTAL INFRACCIONES PENALES,80494.0,334331.0
2018-Q1,2018,1,AND,TOTAL INFRACCIONES PENALES,78377.0,78377.0
2018-Q2,2018,2,AND,TOTAL INFRACCIONES PENALES,84368.0,162745.0
2018-Q3,2018,3,AND,TOTAL INFRACCIONES PENALES,87794.0,250539.0
2018-Q4,2018,4,AND,TOTAL INFRACCIONES PENALES,82660.0,333199.0
2019-Q1,2019,1,AND,TOTAL INFRACCIONES PENALES,81460.0,81460.0
2019-Q2,2019,2,AND,TOTAL INFRACCIONES PENALES,84235.0,165695.0
2019-Q3,2019,3,AND,TOTAL INFRACCIONES PENALES,90067.0,255762.0
2019-Q4,2019,4,AND,TOTAL INFRACCIONES PENALES,84192.0,339954.0
2020-Q1,2020,1,AND,TOTAL INFRACCIONES PENALES,76154.0,76154.0
2020-Q2,2020,2,AND,TOTAL INFRACCIONES PENALES,56115.0,132269.0
2020-Q3,2020,3,AND,TOTAL INFRACCIONES PENALES,84561.0,216830.0
2020-Q4,2020,4,AND,TOTAL INFRACCIONES PENALES,71664.0,288494.0
2021-Q1,2021,1,AND,TOTAL INFRACCIONES PENALES,69927.0,69927.0
2021-Q2,2021,2,AND,TOTAL INFRACCIONES PENALES,76761.0,146688.0
2021-Q3,2021,3,AND,TOTAL INFRACCIONES PENALES,83883.0,230571.0
2021-Q4,2021,4,AND,TOTAL INFRACCIONES PENALES,84323.0,314894.0
2022-Q1,2022,1,AND,TOTAL INFRACCIONES PENALES,88408.0,88408.0
2022-Q2,2022,2,AND,TOTAL INFRACCIONES PENALES,94772.0,183180.0
2022-Q3,2022,3,AND,TOTAL INFRACCIONES PENALES,101256.0,284436.0
2022-Q4,2022,4,ESP,1. Homicidios dolosos y asesinatos consumados,325.0,325.0
2023-Q1,2023,1,ESP,1. Homicidios dolosos y asesinatos consumados,84.0,84.0
2023-Q2,2023,2,ESP,1. Homicidios dolosos y asesinatos consumados,93.0,177.0
2023-Q3,2023,3,ESP,1. Homicidios dolosos y asesinatos consumados,91.0,268.0
2023-Q4,2023,4,ESP,1. Homicidios dolosos y asesinatos consumados,68.0,336.0
2024-Q1,2024,1,ESP,1. Homicidios dolosos y asesinatos consumados,92.0,92.0
2024-Q2,2024,2,ESP,1. Homicidios dolosos y asesinatos consumados,103.0,195.0
2024-Q3,2024,3,ESP,1. Homicidios dolosos y asesinatos consumados,74.0,269.0
2024-Q4,2024,4,ESP,1. Homicidios dolosos y asesinatos consumados,79.0,348.0
2025-Q1,2025,1,ESP,1. Homicidios dolosos y asesinatos consumados,84.0,84.0
2025-Q2,2025,2,ESP,1. Homicidios dolosos y asesinatos consumados,97.0,181.0
2025-Q3,2025,3,ESP,1. Homicidios dolosos y asesinatos consumados,92.0,273.0
2016-Q1,2016,1,ESP,1.-DELITOS Y FALTAS (EU),487643.0,487643.0
2016-Q2,2016,2,ESP,1.-DELITOS Y FALTAS (EU),505953.0,993596.0
2016-Q3,2016,3,ESP,1.-DELITOS Y FALTAS (EU),526891.0,1520487.0
2016-Q4,2016,4,ESP,1.-DELITOS Y FALTAS (EU),491099.0,2011586.0
2017-Q1,2017,1,ESP,1.-Homicidios dolosos y asesinatos consumados,78.0,78.0
2017-Q2,2017,2,ESP,1.-Homicidios dolosos y asesinatos consumados,74.0,152.0
2017-Q3,2017,3,ESP,1.-Homicidios dolosos y asesinatos consumados,88.0,240.0
2017-Q4,2017,4,ESP,1.-Homicidios dolosos y asesinatos consumados,68.0,308.0
2018-Q1,2018,1,ESP,1.-Homicidios dolosos y asesinatos consumados,73.0,73.0
2018-Q2,2018,2,ESP,1.-Homicidios dolosos y asesinatos consumados,72.0,145.0
2018-Q3,2018,3,ESP,1.-Homicidios dolosos y asesinatos consumados,82.0,227.0
2018-Q4,2018,4,ESP,1.-Homicidios dolosos y asesinatos consumados,62.0,289.0
2019-Q1,2019,1,ESP,1.-Homicidios dolosos y asesinatos consumados,75.0,75.0
2019-Q2,2019,2,ESP,1.-Homicidios dolosos y asesinatos consumados,70.0,145.0
2019-Q3,2019,3,ESP,1.-Homicidios dolosos y asesinatos consumados,104.0,249.0
2019-Q4,2019,4,ESP,1.-Homicidios dolosos y asesinatos consumados,83.0,332.0
2020-Q1,2020,1,ESP,1.-Homicidios dolosos y asesinatos consumados,84.0,84.0
2020-Q2,2020,2,ESP,1.-Homicidios dolosos y asesinatos consumados,59.0,143.0
2020-Q3,2020,3,ESP,1.-Homicidios dolosos y asesinatos consumados,89.0,232.0
2020-Q4,2020,4,ESP,1.-Homicidios dolosos y asesinatos consumados,67.0,299.0
2021-Q1,2021,1,ESP,1.-Homicidios dolosos y asesinatos consumados,60.0,60.0
2021-Q2,2021,2,ESP,1.-Homicidios dolosos y asesinatos consumados,80.0,140.0
2021-Q3,2021,3,ESP,1.-Homicidios dolosos y asesinatos consumados,66.0,206.0
2021-Q4,2021,4,ESP,1.-Homicidios dolosos y asesinatos consumados,84.0,290.0
2022-Q1,2022,1,ESP,1.-Homicidios dolosos y asesinatos consumados,74.0,74.0
2022-Q2,2022,2,ESP,1.-Homicidios dolosos y asesinatos consumados,84.0,158.0
2022-Q3,2022,3,ESP,1.-Homicidios dolosos y asesinatos consumados,79.0,237.0
2022-Q4,2022,4,ESP,10. TrÃ¡fico de drogas,19014.0,19014.0
2023-Q1,2023,1,ESP,10. TrÃ¡fico de drogas,4901.0,4901.0
2023-Q2,2023,2,ESP,10. TrÃ¡fico de drogas,5697.0,10598.0
2023-Q3,2023,3,ESP,10. TrÃ¡fico de drogas,5152.0,15750.0
2023-Q4,2023,4,ESP,10. TrÃ¡fico de drogas,5125.0,20875.0
2024-Q1,2024,1,ESP,10. TrÃ¡fico de drogas,5045.0,5045.0
2024-Q2,2024,2,ESP,10. TrÃ¡fico de drogas,5964.0,11009.0
2024-Q3,2024,3,ESP,10. TrÃ¡fico de drogas,5383.0,16392.0
2024-Q4,2024,4,ESP,10. TrÃ¡fico de drogas,5141.0,21533.0
2025-Q1,2025,1,ESP,10. TrÃ¡fico de drogas,5287.0,5287.0
2025-Q2,2025,2,ESP,10. TrÃ¡fico de drogas,5809.0,11096.0
2025-Q3,2025,3,ESP,10. TrÃ¡fico de drogas,5997.0,17093.0
2017-Q1,2017,1,ESP,10.-TrÃ¡fico de drogas,3011.0,3011.0
2017-Q2,2017,2,ESP,10.-TrÃ¡fico de drogas,3446.0,6457.0
2017-Q3,2017,3,ESP,10.-TrÃ¡fico de drogas,3653.0,10110.0
2017-Q4,2017,4,ESP,10.-TrÃ¡fico de drogas,2848.0,12958.0
2018-Q1,2018,1,ESP,10.-TrÃ¡fico de drogas,3156.0,3156.0
2018-Q2,2018,2,ESP,10.-TrÃ¡fico de drogas,3749.0,6905.0
2018-Q3,2018,3,ESP,10.-TrÃ¡fico de drogas,3929.0,10834.0
2018-Q4,2018,4,ESP,10.-TrÃ¡fico de drogas,3291.0,14125.0
2019-Q1,2019,1,ESP,10.-TrÃ¡fico de drogas,3663.0,3663.0
2019-Q2,2019,2,ESP,10.-TrÃ¡fico de drogas,4042.0,7705.0
2019-Q3,2019,3,ESP,10.-TrÃ¡fico de drogas,4644.0,12349.0
2019-Q4,2019,4,ESP,10.-TrÃ¡fico de drogas,3919.0,16268.0
2020-Q1,2020,1,ESP,10.-TrÃ¡fico de drogas,3856.0,3856.0
2020-Q2,2020,2,ESP,10.-TrÃ¡fico de drogas,4215.0,8071.0
2020-Q3,2020,3,ESP,10.-TrÃ¡fico de drogas,4591.0,12662.0
2020-Q4,2020,4,ESP,10.-TrÃ¡fico de drogas,4334.0,16996.0
2021-Q1,2021,1,ESP,10.-TrÃ¡fico de drogas,4276.0,4276.0
2021-Q2,2021,2,ESP,10.-TrÃ¡fico de drogas,4775.0,9051.0
2021-Q3,2021,3,ESP,10.-TrÃ¡fico de drogas,4893.0,13944.0
2021-Q4,2021,4,ESP,10.-TrÃ¡fico de drogas,4369.0,18313.0
2022-Q1,2022,1,ESP,10.-TrÃ¡fico de drogas,4482.0,4482.0
2022-Q2,2022,2,ESP,10.-TrÃ¡fico de drogas,4939.0,9421.0
2022-Q3,2022,3,ESP,10.-TrÃ¡fico de drogas,4940.0,14361.0
2022-Q4,2022,4,ESP,11. Resto de criminalidad convencional,1027461.0,1027461.0
2023-Q1,2023,1,ESP,11. Resto de criminalidad convencional,246819.0,246819.0
2023-Q2,2023,2,ESP,11. Resto de criminalidad convencional,260490.0,507309.0
2023-Q3,2023,3,ESP,11. Resto de criminalidad convencional,267740.0,775049.0
2023-Q4,2023,4,ESP,11. Resto de criminalidad convencional,260727.0,1035776.0
2024-Q1,2024,1,ESP,11. Resto de criminalidad convencional,257587.0,257587.0
2024-Q2,2024,2,ESP,11. Resto de criminalidad convencional,267123.0,524710.0
2024-Q3,2024,3,ESP,11. Resto de criminalidad convencional,275277.0,799987.0
2024-Q4,2024,4,ESP,11. Resto de criminalidad convencional,256377.0,1056364.0
2025-Q1,2025,1,ESP,11. Resto de criminalidad convencional,251925.0,251925.0
2025-Q2,2025,2,ESP,11. Resto de criminalidad convencional,271903.0,523828.0
2025-Q3,2025,3,ESP,11. Resto de criminalidad convencional,284265.0,808093.0
2022-Q4,2022,4,ESP,12.-Estafas informÃ¡ticas,336778.0,336778.0
2023-Q1,2023,1,ESP,12.-Estafas informÃ¡ticas,96561.0,96561.0
2023-Q2,2023,2,ESP,12.-Estafas informÃ¡ticas,99208.0,195769.0
2023-Q3,2023,3,ESP,12.-Estafas informÃ¡ticas,109050.0,304819.0
2023-Q4,2023,4,ESP,12.-Estafas informÃ¡ticas,121925.0,426744.0
2024-Q1,2024,1,ESP,12.-Estafas informÃ¡ticas,110268.0,110268.0
2024-Q2,2024,2,ESP,12.-Estafas informÃ¡ticas,101026.0,211294.0
2024-Q3,2024,3,ESP,12.-Estafas informÃ¡ticas,97796.0,309090.0
2024-Q4,2024,4,ESP,12.-Estafas informÃ¡ticas,105043.0,414133.0
2025-Q1,2025,1,ESP,12.-Estafas informÃ¡ticas,106801.0,106801.0
2025-Q2,2025,2,ESP,12.-Estafas informÃ¡ticas,105060.0,211861.0
2025-Q3,2025,3,ESP,12.-Estafas informÃ¡ticas,115995.0,327856.0
2022-Q4,2022,4,ESP,13.-Otros ciberdelitos,38728.0,38728.0
2023-Q1,2023,1,ESP,13.-Otros ciberdelitos,11318.0,11318.0
2023-Q2,2023,2,ESP,13.-Otros ciberdelitos,10592.0,21910.0
2023-Q3,2023,3,ESP,13.-Otros ciberdelitos,10522.0,32432.0
2023-Q4,2023,4,ESP,13.-Otros ciberdelitos,11212.0,43644.0
2024-Q1,2024,1,ESP,13.-Otros ciberdelitos,12160.0,12160.0
2024-Q2,2024,2,ESP,13.-Otros ciberdelitos,14186.0,26346.0
2024-Q3,2024,3,ESP,13.-Otros ciberdelitos,11971.0,38317.0
2024-Q4,2024,4,ESP,13.-Otros ciberdelitos,13388.0,51705.0
2025-Q1,2025,1,ESP,13.-Otros ciberdelitos,14778.0,14778.0
2025-Q2,2025,2,ESP,13.-Otros ciberdelitos,18552.0,33330.0
2025-Q3,2025,3,ESP,13.-Otros ciberdelitos,13073.0,46403.0
2022-Q4,2022,4,ESP,2. Homicidios dolosos y asesinatos en grado tentativa,1208.0,1208.0
2023-Q1,2023,1,ESP,2. Homicidios dolosos y asesinatos en grado tentativa,279.0,279.0
2023-Q2,2023,2,ESP,2. Homicidios dolosos y asesinatos en grado tentativa,360.0,639.0
2023-Q3,2023,3,ESP,2. Homicidios dolosos y asesinatos en grado tentativa,413.0,1052.0
2023-Q4,2023,4,ESP,2. Homicidios dolosos y asesinatos en grado tentativa,297.0,1349.0
2024-Q1,2024,1,ESP,2. Homicidios dolosos y asesinatos en grado tentativa,266.0,266.0
2024-Q2,2024,2,ESP,2. Homicidios dolosos y asesinatos en grado tentativa,353.0,619.0
2024-Q3,2024,3,ESP,2. Homicidios dolosos y asesinatos en grado tentativa,437.0,1056.0
2024-Q4,2024,4,ESP,2. Homicidios dolosos y asesinatos en grado tentativa,287.0,1343.0
2025-Q1,2025,1,ESP,2. Homicidios dolosos y asesinatos en grado tentativa,319.0,319.0
2025-Q2,2025,2,ESP,2. Homicidios dolosos y asesinatos en grado tentativa,372.0,691.0
2025-Q3,2025,3,ESP,2. Homicidios dolosos y asesinatos en grado tentativa,388.0,1079.0
2016-Q1,2016,1,ESP,2.-HOMICIDIOS DOLOSOS Y ASESINATOS CONSUMADOS (EU),72.0,72.0
2016-Q2,2016,2,ESP,2.-HOMICIDIOS DOLOSOS Y ASESINATOS CONSUMADOS (EU),76.0,148.0
2016-Q3,2016,3,ESP,2.-HOMICIDIOS DOLOSOS Y ASESINATOS CONSUMADOS (EU),79.0,227.0
2016-Q4,2016,4,ESP,2.-HOMICIDIOS DOLOSOS Y ASESINATOS CONSUMADOS (EU),65.0,292.0
2017-Q1,2017,1,ESP,2.-Homicidios dolosos y asesinatos en grado tentativa,217.0,217.0
2017-Q2,2017,2,ESP,2.-Homicidios dolosos y asesinatos en grado tentativa,224.0,441.0
2017-Q3,2017,3,ESP,2.-Homicidios dolosos y asesinatos en grado tentativa,222.0,663.0
2017-Q4,2017,4,ESP,2.-Homicidios dolosos y asesinatos en grado tentativa,136.0,799.0
2018-Q1,2018,1,ESP,2.-Homicidios dolosos y asesinatos en grado tentativa,171.0,171.0
2018-Q2,2018,2,ESP,2.-Homicidios dolosos y asesinatos en grado tentativa,183.0,354.0
2018-Q3,2018,3,ESP,2.-Homicidios dolosos y asesinatos en grado tentativa,226.0,580.0
2018-Q4,2018,4,ESP,2.-Homicidios dolosos y asesinatos en grado tentativa,218.0,798.0
2019-Q1,2019,1,ESP,2.-Homicidios dolosos y asesinatos en grado tentativa,196.0,196.0
2019-Q2,2019,2,ESP,2.-Homicidios dolosos y asesinatos en grado tentativa,210.0,406.0
2019-Q3,2019,3,ESP,2.-Homicidios dolosos y asesinatos en grado tentativa,223.0,629.0
2019-Q4,2019,4,ESP,2.-Homicidios dolosos y asesinatos en grado tentativa,208.0,837.0
2020-Q1,2020,1,ESP,2.-Homicidios dolosos y asesinatos en grado tentativa,184.0,184.0
2020-Q2,2020,2,ESP,2.-Homicidios dolosos y asesinatos en grado tentativa,227.0,411.0
2020-Q3,2020,3,ESP,2.-Homicidios dolosos y asesinatos en grado tentativa,314.0,725.0
2020-Q4,2020,4,ESP,2.-Homicidios dolosos y asesinatos en grado tentativa,184.0,909.0
2021-Q1,2021,1,ESP,2.-Homicidios dolosos y asesinatos en grado tentativa,190.0,190.0
2021-Q2,2021,2,ESP,2.-Homicidios dolosos y asesinatos en grado tentativa,277.0,467.0
2021-Q3,2021,3,ESP,2.-Homicidios dolosos y asesinatos en grado tentativa,279.0,746.0
2021-Q4,2021,4,ESP,2.-Homicidios dolosos y asesinatos en grado tentativa,286.0,1032.0
2022-Q1,2022,1,ESP,2.-Homicidios dolosos y asesinatos en grado tentativa,244.0,244.0
2022-Q2,2022,2,ESP,2.-Homicidios dolosos y asesinatos en grado tentativa,301.0,545.0
2022-Q3,2022,3,ESP,2.-Homicidios dolosos y asesinatos en grado tentativa,323.0,868.0
2022-Q4,2022,4,ESP,3. Delitos graves y menos graves de lesiones y riÃ±a tumultuaria,26422.0,26422.0
2023-Q1,2023,1,ESP,3. Delitos graves y menos graves de lesiones y riÃ±a tumultuaria,5698.0,5698.0
2023-Q2,2023,2,ESP,3. Delitos graves y menos graves de lesiones y riÃ±a tumultuaria,7010.0,12708.0
2023-Q3,2023,3,ESP,3. Delitos graves y menos graves de lesiones y riÃ±a tumultuaria,7958.0,20666.0
2023-Q4,2023,4,ESP,3. Delitos graves y menos graves de lesiones y riÃ±a tumultuaria,6747.0,27413.0
2024-Q1,2024,1,ESP,3. Delitos graves y menos graves de lesiones y riÃ±a tumultuaria,6242.0,6242.0
2024-Q2,2024,2,ESP,3. Delitos graves y menos graves de lesiones y riÃ±a tumultuaria,7557.0,13799.0
2024-Q3,2024,3,ESP,3. Delitos graves y menos graves de lesiones y riÃ±a tumultuaria,8406.0,22205.0
2024-Q4,2024,4,ESP,3. Delitos graves y menos graves de lesiones y riÃ±a tumultuaria,7137.0,29342.0
2025-Q1,2025,1,ESP,3. Delitos graves y menos graves de lesiones y riÃ±a tumultuaria,6374.0,6374.0
2025-Q2,2025,2,ESP,3. Delitos graves y menos graves de lesiones y riÃ±a tumultuaria,7992.0,14366.0
2025-Q3,2025,3,ESP,3. Delitos graves y menos graves de lesiones y riÃ±a tumultuaria,9515.0,23881.0
2017-Q1,2017,1,ESP,3.-Delitos graves y menos graves de lesiones y riÃ±a tumultuaria,3955.0,3955.0
2017-Q2,2017,2,ESP,3.-Delitos graves y menos graves de lesiones y riÃ±a tumultuaria,4399.0,8354.0
2017-Q3,2017,3,ESP,3.-Delitos graves y menos graves de lesiones y riÃ±a tumultuaria,5034.0,13388.0
2017-Q4,2017,4,ESP,3.-Delitos graves y menos graves de lesiones y riÃ±a tumultuaria,4698.0,18086.0
2018-Q1,2018,1,ESP,3.-Delitos graves y menos graves de lesiones y riÃ±a tumultuaria,3915.0,3915.0
2018-Q2,2018,2,ESP,3.-Delitos graves y menos graves de lesiones y riÃ±a tumultuaria,4398.0,8313.0
2018-Q3,2018,3,ESP,3.-Delitos graves y menos graves de lesiones y riÃ±a tumultuaria,5449.0,13762.0
2018-Q4,2018,4,ESP,3.-Delitos graves y menos graves de lesiones y riÃ±a tumultuaria,4490.0,18252.0
2019-Q1,2019,1,ESP,3.-Delitos graves y menos graves de lesiones y riÃ±a tumultuaria,4476.0,4476.0
2019-Q2,2019,2,ESP,3.-Delitos graves y menos graves de lesiones y riÃ±a tumultuaria,4663.0,9139.0
2019-Q3,2019,3,ESP,3.-Delitos graves y menos graves de lesiones y riÃ±a tumultuaria,5879.0,15018.0
2019-Q4,2019,4,ESP,3.-Delitos graves y menos graves de lesiones y riÃ±a tumultuaria,4956.0,19974.0
2020-Q1,2020,1,ESP,3.-Delitos graves y menos graves de lesiones y riÃ±a tumultuaria,4087.0,4087.0
2020-Q2,2020,2,ESP,3.-Delitos graves y menos graves de lesiones y riÃ±a tumultuaria,3171.0,7258.0
2020-Q3,2020,3,ESP,3.-Delitos graves y menos graves de lesiones y riÃ±a tumultuaria,5211.0,12469.0
2020-Q4,2020,4,ESP,3.-Delitos graves y menos graves de lesiones y riÃ±a tumultuaria,3544.0,16013.0
2021-Q1,2021,1,ESP,3.-Delitos graves y menos graves de lesiones y riÃ±a tumultuaria,3404.0,3404.0
2021-Q2,2021,2,ESP,3.-Delitos graves y menos graves de lesiones y riÃ±a tumultuaria,4928.0,8332.0
2021-Q3,2021,3,ESP,3.-Delitos graves y menos graves de lesiones y riÃ±a tumultuaria,5978.0,14310.0
2021-Q4,2021,4,ESP,3.-Delitos graves y menos graves de lesiones y riÃ±a tumultuaria,5942.0,20252.0
2022-Q1,2022,1,ESP,3.-Delitos graves y menos graves de lesiones y riÃ±a tumultuaria,5364.0,5364.0
2022-Q2,2022,2,ESP,3.-Delitos graves y menos graves de lesiones y riÃ±a tumultuaria,6995.0,12359.0
2022-Q3,2022,3,ESP,3.-Delitos graves y menos graves de lesiones y riÃ±a tumultuaria,7717.0,20076.0
2016-Q1,2016,1,ESP,3.-ROBO CON VIOLENCIA E INTIMIDACIÃN (EU),15559.0,15559.0
2016-Q2,2016,2,ESP,3.-ROBO CON VIOLENCIA E INTIMIDACIÃN (EU),15214.0,30773.0
2016-Q3,2016,3,ESP,3.-ROBO CON VIOLENCIA E INTIMIDACIÃN (EU),16587.0,47360.0
2016-Q4,2016,4,ESP,3.-ROBO CON VIOLENCIA E INTIMIDACIÃN (EU),15979.0,63339.0
2022-Q4,2022,4,ESP,4. Secuestro,85.0,85.0
2023-Q1,2023,1,ESP,4. Secuestro,34.0,34.0
2023-Q2,2023,2,ESP,4. Secuestro,31.0,65.0
2023-Q3,2023,3,ESP,4. Secuestro,26.0,91.0
2023-Q4,2023,4,ESP,4. Secuestro,31.0,122.0
2024-Q1,2024,1,ESP,4. Secuestro,28.0,28.0
2024-Q2,2024,2,ESP,4. Secuestro,21.0,49.0
2024-Q3,2024,3,ESP,4. Secuestro,28.0,77.0
2024-Q4,2024,4,ESP,4. Secuestro,28.0,105.0
2025-Q1,2025,1,ESP,4. Secuestro,26.0,26.0
2025-Q2,2025,2,ESP,4. Secuestro,27.0,53.0
2025-Q3,2025,3,ESP,4. Secuestro,34.0,87.0
2016-Q1,2016,1,ESP,4.-ROBOS CON FUERZA EN DOMICILIOS (EU),31154.0,31154.0
2016-Q2,2016,2,ESP,4.-ROBOS CON FUERZA EN DOMICILIOS (EU),26304.0,57458.0
2016-Q3,2016,3,ESP,4.-ROBOS CON FUERZA EN DOMICILIOS (EU),27897.0,85355.0
2016-Q4,2016,4,ESP,4.-ROBOS CON FUERZA EN DOMICILIOS (EU),27570.0,112925.0
2017-Q1,2017,1,ESP,4.-Secuestro,15.0,15.0
2017-Q2,2017,2,ESP,4.-Secuestro,19.0,34.0
2017-Q3,2017,3,ESP,4.-Secuestro,16.0,50.0
2017-Q4,2017,4,ESP,4.-Secuestro,19.0,69.0
2018-Q1,2018,1,ESP,4.-Secuestro,22.0,22.0
2018-Q2,2018,2,ESP,4.-Secuestro,14.0,36.0
2018-Q3,2018,3,ESP,4.-Secuestro,18.0,54.0
2018-Q4,2018,4,ESP,4.-Secuestro,27.0,81.0
2019-Q1,2019,1,ESP,4.-Secuestro,26.0,26.0
2019-Q2,2019,2,ESP,4.-Secuestro,25.0,51.0
2019-Q3,2019,3,ESP,4.-Secuestro,21.0,72.0
2019-Q4,2019,4,ESP,4.-Secuestro,18.0,90.0
2020-Q1,2020,1,ESP,4.-Secuestro,19.0,19.0
2020-Q2,2020,2,ESP,4.-Secuestro,17.0,36.0
2020-Q3,2020,3,ESP,4.-Secuestro,25.0,61.0
2020-Q4,2020,4,ESP,4.-Secuestro,18.0,79.0
2021-Q1,2021,1,ESP,4.-Secuestro,19.0,19.0
2021-Q2,2021,2,ESP,4.-Secuestro,24.0,43.0
2021-Q3,2021,3,ESP,4.-Secuestro,30.0,73.0
2021-Q4,2021,4,ESP,4.-Secuestro,24.0,97.0
2022-Q1,2022,1,ESP,4.-Secuestro,14.0,14.0
2022-Q2,2022,2,ESP,4.-Secuestro,25.0,39.0
2022-Q3,2022,3,ESP,4.-Secuestro,16.0,55.0
2022-Q4,2022,4,ESP,5. Delitos contra la libertad sexual,17389.0,17389.0
2023-Q1,2023,1,ESP,5. Delitos contra la libertad sexual,4303.0,4303.0
2023-Q2,2023,2,ESP,5. Delitos contra la libertad sexual,5257.0,9560.0
2023-Q3,2023,3,ESP,5. Delitos contra la libertad sexual,5491.0,15051.0
2023-Q4,2023,4,ESP,5. Delitos contra la libertad sexual,4930.0,19981.0
2024-Q1,2024,1,ESP,5. Delitos contra la libertad sexual,4568.0,4568.0
2024-Q2,2024,2,ESP,5. Delitos contra la libertad sexual,5442.0,10010.0
2024-Q3,2024,3,ESP,5. Delitos contra la libertad sexual,6000.0,16010.0
2024-Q4,2024,4,ESP,5. Delitos contra la libertad sexual,5149.0,21159.0
2025-Q1,2025,1,ESP,5. Delitos contra la libertad sexual,4760.0,4760.0
2025-Q2,2025,2,ESP,5. Delitos contra la libertad sexual,5802.0,10562.0
2025-Q3,2025,3,ESP,5. Delitos contra la libertad sexual,6050.0,16612.0
2017-Q1,2017,1,ESP,5.-Delitos contra la libertad e indemnidad sexual,2667.0,2667.0
2017-Q2,2017,2,ESP,5.-Delitos contra la libertad e indemnidad sexual,3048.0,5715.0
2017-Q3,2017,3,ESP,5.-Delitos contra la libertad e indemnidad sexual,3277.0,8992.0
2017-Q4,2017,4,ESP,5.-Delitos contra la libertad e indemnidad sexual,2700.0,11692.0
2018-Q1,2018,1,ESP,5.-Delitos contra la libertad e indemnidad sexual,3026.0,3026.0
2018-Q2,2018,2,ESP,5.-Delitos contra la libertad e indemnidad sexual,3494.0,6520.0
2018-Q3,2018,3,ESP,5.-Delitos contra la libertad e indemnidad sexual,3925.0,10445.0
2018-Q4,2018,4,ESP,5.-Delitos contra la libertad e indemnidad sexual,3366.0,13811.0
2019-Q1,2019,1,ESP,5.-Delitos contra la libertad e indemnidad sexual,3576.0,3576.0
2019-Q2,2019,2,ESP,5.-Delitos contra la libertad e indemnidad sexual,3682.0,7258.0
2019-Q3,2019,3,ESP,5.-Delitos contra la libertad e indemnidad sexual,4329.0,11587.0
2019-Q4,2019,4,ESP,5.-Delitos contra la libertad e indemnidad sexual,3751.0,15338.0
2020-Q1,2020,1,ESP,5.-Delitos contra la libertad e indemnidad sexual,3355.0,3355.0
2020-Q2,2020,2,ESP,5.-Delitos contra la libertad e indemnidad sexual,2784.0,6139.0
2020-Q3,2020,3,ESP,5.-Delitos contra la libertad e indemnidad sexual,4015.0,10154.0
2020-Q4,2020,4,ESP,5.-Delitos contra la libertad e indemnidad sexual,3086.0,13240.0
2021-Q1,2021,1,ESP,5.-Delitos contra la libertad e indemnidad sexual,3448.0,3448.0
2021-Q2,2021,2,ESP,5.-Delitos contra la libertad e indemnidad sexual,4450.0,7898.0
2021-Q3,2021,3,ESP,5.-Delitos contra la libertad e indemnidad sexual,4740.0,12638.0
2021-Q4,2021,4,ESP,5.-Delitos contra la libertad e indemnidad sexual,4378.0,17016.0
2022-Q1,2022,1,ESP,5.-Delitos contra la libertad e indemnidad sexual,4191.0,4191.0
2022-Q2,2022,2,ESP,5.-Delitos contra la libertad e indemnidad sexual,5198.0,9389.0
2022-Q3,2022,3,ESP,5.-Delitos contra la libertad e indemnidad sexual,5285.0,14674.0
2016-Q1,2016,1,ESP,5.-SUSTRACCIÃN VEHÃCULOS A MOTOR (EU),10177.0,10177.0
2016-Q2,2016,2,ESP,5.-SUSTRACCIÃN VEHÃCULOS A MOTOR (EU),10773.0,20950.0
2016-Q3,2016,3,ESP,5.-SUSTRACCIÃN VEHÃCULOS A MOTOR (EU),11272.0,32222.0
2016-Q4,2016,4,ESP,5.-SUSTRACCIÃN VEHÃCULOS A MOTOR (EU),11302.0,43524.0
2017-Q1,2017,1,ESP,5.1.-AgresiÃ³n sexual con penetraciÃ³n,287.0,287.0
2017-Q2,2017,2,ESP,5.1.-AgresiÃ³n sexual con penetraciÃ³n,324.0,611.0
2017-Q3,2017,3,ESP,5.1.-AgresiÃ³n sexual con penetraciÃ³n,443.0,1054.0
2017-Q4,2017,4,ESP,5.1.-AgresiÃ³n sexual con penetraciÃ³n,328.0,1382.0
2018-Q1,2018,1,ESP,5.1.-AgresiÃ³n sexual con penetraciÃ³n,379.0,379.0
2018-Q2,2018,2,ESP,5.1.-AgresiÃ³n sexual con penetraciÃ³n,422.0,801.0
2018-Q3,2018,3,ESP,5.1.-AgresiÃ³n sexual con penetraciÃ³n,504.0,1305.0
2018-Q4,2018,4,ESP,5.1.-AgresiÃ³n sexual con penetraciÃ³n,397.0,1702.0
2019-Q1,2019,1,ESP,5.1.-AgresiÃ³n sexual con penetraciÃ³n,377.0,377.0
2019-Q2,2019,2,ESP,5.1.-AgresiÃ³n sexual con penetraciÃ³n,452.0,829.0
2019-Q3,2019,3,ESP,5.1.-AgresiÃ³n sexual con penetraciÃ³n,581.0,1410.0
2019-Q4,2019,4,ESP,5.1.-AgresiÃ³n sexual con penetraciÃ³n,468.0,1878.0
2020-Q1,2020,1,ESP,5.1.-AgresiÃ³n sexual con penetraciÃ³n,428.0,428.0
2020-Q2,2020,2,ESP,5.1.-AgresiÃ³n sexual con penetraciÃ³n,355.0,783.0
2020-Q3,2020,3,ESP,5.1.-AgresiÃ³n sexual con penetraciÃ³n,498.0,1281.0
2020-Q4,2020,4,ESP,5.1.-AgresiÃ³n sexual con penetraciÃ³n,321.0,1602.0
2021-Q1,2021,1,ESP,5.1.-AgresiÃ³n sexual con penetraciÃ³n,426.0,426.0
2021-Q2,2021,2,ESP,5.1.-AgresiÃ³n sexual con penetraciÃ³n,529.0,955.0
2021-Q3,2021,3,ESP,5.1.-AgresiÃ³n sexual con penetraciÃ³n,646.0,1601.0
2021-Q4,2021,4,ESP,5.1.-AgresiÃ³n sexual con penetraciÃ³n,542.0,2143.0
2022-Q1,2022,1,ESP,5.1.-AgresiÃ³n sexual con penetraciÃ³n,544.0,544.0
2022-Q2,2022,2,ESP,5.1.-AgresiÃ³n sexual con penetraciÃ³n,667.0,1211.0
2022-Q3,2022,3,ESP,5.1.-AgresiÃ³n sexual con penetraciÃ³n,731.0,1942.0
2022-Q4,2022,4,ESP,5.1.-AgresiÃ³n sexual con penetraciÃ³n,928.0,2870.0
2023-Q1,2023,1,ESP,5.1.-AgresiÃ³n sexual con penetraciÃ³n,1021.0,1021.0
2023-Q2,2023,2,ESP,5.1.-AgresiÃ³n sexual con penetraciÃ³n,1286.0,2307.0
2023-Q3,2023,3,ESP,5.1.-AgresiÃ³n sexual con penetraciÃ³n,1386.0,3693.0
2023-Q4,2023,4,ESP,5.1.-AgresiÃ³n sexual con penetraciÃ³n,1182.0,4875.0
2024-Q1,2024,1,ESP,5.1.-AgresiÃ³n sexual con penetraciÃ³n,1138.0,1138.0
2024-Q2,2024,2,ESP,5.1.-AgresiÃ³n sexual con penetraciÃ³n,1327.0,2465.0
2024-Q3,2024,3,ESP,5.1.-AgresiÃ³n sexual con penetraciÃ³n,1479.0,3944.0
2024-Q4,2024,4,ESP,5.1.-AgresiÃ³n sexual con penetraciÃ³n,1262.0,5206.0
2025-Q1,2025,1,ESP,5.1.-AgresiÃ³n sexual con penetraciÃ³n,1242.0,1242.0
2025-Q2,2025,2,ESP,5.1.-AgresiÃ³n sexual con penetraciÃ³n,1413.0,2655.0
2025-Q3,2025,3,ESP,5.1.-AgresiÃ³n sexual con penetraciÃ³n,1482.0,4137.0
2017-Q1,2017,1,ESP,5.2.-Resto de delitos contra la libertad e indemnidad sexual,2380.0,2380.0
2017-Q2,2017,2,ESP,5.2.-Resto de delitos contra la libertad e indemnidad sexual,2724.0,5104.0
2017-Q3,2017,3,ESP,5.2.-Resto de delitos contra la libertad e indemnidad sexual,2834.0,7938.0
2017-Q4,2017,4,ESP,5.2.-Resto de delitos contra la libertad e indemnidad sexual,2372.0,10310.0
2018-Q1,2018,1,ESP,5.2.-Resto de delitos contra la libertad e indemnidad sexual,2647.0,2647.0
2018-Q2,2018,2,ESP,5.2.-Resto de delitos contra la libertad e indemnidad sexual,3072.0,5719.0
2018-Q3,2018,3,ESP,5.2.-Resto de delitos contra la libertad e indemnidad sexual,3421.0,9140.0
2018-Q4,2018,4,ESP,5.2.-Resto de delitos contra la libertad e indemnidad sexual,2969.0,12109.0
2019-Q1,2019,1,ESP,5.2.-Resto de delitos contra la libertad e indemnidad sexual,3199.0,3199.0
2019-Q2,2019,2,ESP,5.2.-Resto de delitos contra la libertad e indemnidad sexual,3230.0,6429.0
2019-Q3,2019,3,ESP,5.2.-Resto de delitos contra la libertad e indemnidad sexual,3748.0,10177.0
2019-Q4,2019,4,ESP,5.2.-Resto de delitos contra la libertad e indemnidad sexual,3283.0,13460.0
2020-Q1,2020,1,ESP,5.2.-Resto de delitos contra la libertad e indemnidad sexual,2927.0,2927.0
2020-Q2,2020,2,ESP,5.2.-Resto de delitos contra la libertad e indemnidad sexual,2429.0,5356.0
2020-Q3,2020,3,ESP,5.2.-Resto de delitos contra la libertad e indemnidad sexual,3517.0,8873.0
2020-Q4,2020,4,ESP,5.2.-Resto de delitos contra la libertad e indemnidad sexual,2765.0,11638.0
2021-Q1,2021,1,ESP,5.2.-Resto de delitos contra la libertad e indemnidad sexual,3022.0,3022.0
2021-Q2,2021,2,ESP,5.2.-Resto de delitos contra la libertad e indemnidad sexual,3921.0,6943.0
2021-Q3,2021,3,ESP,5.2.-Resto de delitos contra la libertad e indemnidad sexual,4094.0,11037.0
2021-Q4,2021,4,ESP,5.2.-Resto de delitos contra la libertad e indemnidad sexual,3836.0,14873.0
2022-Q1,2022,1,ESP,5.2.-Resto de delitos contra la libertad e indemnidad sexual,3647.0,3647.0
2022-Q2,2022,2,ESP,5.2.-Resto de delitos contra la libertad e indemnidad sexual,4531.0,8178.0
2022-Q3,2022,3,ESP,5.2.-Resto de delitos contra la libertad e indemnidad sexual,4554.0,12732.0
2022-Q4,2022,4,ESP,5.2.-Resto de delitos contra la libertad sexual,14519.0,14519.0
2023-Q1,2023,1,ESP,5.2.-Resto de delitos contra la libertad sexual,3282.0,3282.0
2023-Q2,2023,2,ESP,5.2.-Resto de delitos contra la libertad sexual,3971.0,7253.0
2023-Q3,2023,3,ESP,5.2.-Resto de delitos contra la libertad sexual,4105.0,11358.0
2023-Q4,2023,4,ESP,5.2.-Resto de delitos contra la libertad sexual,3748.0,15106.0
2024-Q1,2024,1,ESP,5.2.-Resto de delitos contra la libertad sexual,3430.0,3430.0
2024-Q2,2024,2,ESP,5.2.-Resto de delitos contra la libertad sexual,4115.0,7545.0
2024-Q3,2024,3,ESP,5.2.-Resto de delitos contra la libertad sexual,4521.0,12066.0
2024-Q4,2024,4,ESP,5.2.-Resto de delitos contra la libertad sexual,3887.0,15953.0
2025-Q1,2025,1,ESP,5.2.-Resto de delitos contra la libertad sexual,3518.0,3518.0
2025-Q2,2025,2,ESP,5.2.-Resto de delitos contra la libertad sexual,4389.0,7907.0
2025-Q3,2025,3,ESP,5.2.-Resto de delitos contra la libertad sexual,4568.0,12475.0
2022-Q4,2022,4,ESP,6. Robos con violencia e intimidaciÃ³n,63711.0,63711.0
2023-Q1,2023,1,ESP,6. Robos con violencia e intimidaciÃ³n,15458.0,15458.0
2023-Q2,2023,2,ESP,6. Robos con violencia e intimidaciÃ³n,15688.0,31146.0
2023-Q3,2023,3,ESP,6. Robos con violencia e intimidaciÃ³n,17116.0,48262.0
2023-Q4,2023,4,ESP,6. Robos con violencia e intimidaciÃ³n,16523.0,64785.0
2024-Q1,2024,1,ESP,6. Robos con violencia e intimidaciÃ³n,15020.0,15020.0
2024-Q2,2024,2,ESP,6. Robos con violencia e intimidaciÃ³n,15960.0,30980.0
2024-Q3,2024,3,ESP,6. Robos con violencia e intimidaciÃ³n,16869.0,47849.0
2024-Q4,2024,4,ESP,6. Robos con violencia e intimidaciÃ³n,15417.0,63266.0
2025-Q1,2025,1,ESP,6. Robos con violencia e intimidaciÃ³n,13540.0,13540.0
2025-Q2,2025,2,ESP,6. Robos con violencia e intimidaciÃ³n,16162.0,29702.0
2025-Q3,2025,3,ESP,6. Robos con violencia e intimidaciÃ³n,17471.0,47173.0
2017-Q1,2017,1,ESP,6.-Robos con violencia e intimidaciÃ³n,15622.0,15622.0
2017-Q2,2017,2,ESP,6.-Robos con violencia e intimidaciÃ³n,14713.0,30335.0
2017-Q3,2017,3,ESP,6.-Robos con violencia e intimidaciÃ³n,15823.0,46158.0
2017-Q4,2017,4,ESP,6.-Robos con violencia e intimidaciÃ³n,15605.0,61763.0
2018-Q1,2018,1,ESP,6.-Robos con violencia e intimidaciÃ³n,14384.0,14384.0
2018-Q2,2018,2,ESP,6.-Robos con violencia e intimidaciÃ³n,13897.0,28281.0
2018-Q3,2018,3,ESP,6.-Robos con violencia e intimidaciÃ³n,15861.0,44142.0
2018-Q4,2018,4,ESP,6.-Robos con violencia e intimidaciÃ³n,16535.0,60677.0
2019-Q1,2019,1,ESP,6.-Robos con violencia e intimidaciÃ³n,15482.0,15482.0
2019-Q2,2019,2,ESP,6.-Robos con violencia e intimidaciÃ³n,15713.0,31195.0
2019-Q3,2019,3,ESP,6.-Robos con violencia e intimidaciÃ³n,17309.0,48504.0
2019-Q4,2019,4,ESP,6.-Robos con violencia e intimidaciÃ³n,17705.0,66209.0
2020-Q1,2020,1,ESP,6.-Robos con violencia e intimidaciÃ³n,14602.0,14602.0
2020-Q2,2020,2,ESP,6.-Robos con violencia e intimidaciÃ³n,6674.0,21276.0
2020-Q3,2020,3,ESP,6.-Robos con violencia e intimidaciÃ³n,13937.0,35213.0
2020-Q4,2020,4,ESP,6.-Robos con violencia e intimidaciÃ³n,10259.0,45472.0
2021-Q1,2021,1,ESP,6.-Robos con violencia e intimidaciÃ³n,11073.0,11073.0
2021-Q2,2021,2,ESP,6.-Robos con violencia e intimidaciÃ³n,11932.0,23005.0
2021-Q3,2021,3,ESP,6.-Robos con violencia e intimidaciÃ³n,14462.0,37467.0
2021-Q4,2021,4,ESP,6.-Robos con violencia e intimidaciÃ³n,15606.0,53073.0
2022-Q1,2022,1,ESP,6.-Robos con violencia e intimidaciÃ³n,14892.0,14892.0
2022-Q2,2022,2,ESP,6.-Robos con violencia e intimidaciÃ³n,15547.0,30439.0
2022-Q3,2022,3,ESP,6.-Robos con violencia e intimidaciÃ³n,16854.0,47293.0
2016-Q1,2016,1,ESP,6.-TRÃFICO DE DROGAS (EU),2699.0,2699.0
2016-Q2,2016,2,ESP,6.-TRÃFICO DE DROGAS (EU),3377.0,6076.0
2016-Q3,2016,3,ESP,6.-TRÃFICO DE DROGAS (EU),3530.0,9606.0
2016-Q4,2016,4,ESP,6.-TRÃFICO DE DROGAS (EU),2834.0,12440.0
2022-Q4,2022,4,ESP,"7. Robos con fuerza en domicilios, establecimientos y otras instalaciones",120676.0,120676.0
2023-Q1,2023,1,ESP,"7. Robos con fuerza en domicilios, establecimientos y otras instalaciones",31984.0,31984.0
2023-Q2,2023,2,ESP,"7. Robos con fuerza en domicilios, establecimientos y otras instalaciones",27550.0,59534.0
2023-Q3,2023,3,ESP,"7. Robos con fuerza en domicilios, establecimientos y otras instalaciones",30724.0,90258.0
2023-Q4,2023,4,ESP,"7. Robos con fuerza en domicilios, establecimientos y otras instalaciones",32186.0,122444.0
2024-Q1,2024,1,ESP,"7. Robos con fuerza en domicilios, establecimientos y otras instalaciones",30621.0,30621.0
2024-Q2,2024,2,ESP,"7. Robos con fuerza en domicilios, establecimientos y otras instalaciones",26848.0,57469.0
2024-Q3,2024,3,ESP,"7. Robos con fuerza en domicilios, establecimientos y otras instalaciones",29287.0,86756.0
2024-Q4,2024,4,ESP,"7. Robos con fuerza en domicilios, establecimientos y otras instalaciones",28222.0,114978.0
2025-Q1,2025,1,ESP,"7. Robos con fuerza en domicilios, establecimientos y otras instalaciones",26279.0,26279.0
2025-Q2,2025,2,ESP,"7. Robos con fuerza en domicilios, establecimientos y otras instalaciones",24434.0,50713.0
2025-Q3,2025,3,ESP,"7. Robos con fuerza en domicilios, establecimientos y otras instalaciones",26887.0,77600.0
2017-Q1,2017,1,ESP,"7.- Robos con fuerza en domicilios, establecimientos y otras instalaciones",39651.0,39651.0
2017-Q2,2017,2,ESP,"7.- Robos con fuerza en domicilios, establecimientos y otras instalaciones",34405.0,74056.0
2017-Q3,2017,3,ESP,"7.- Robos con fuerza en domicilios, establecimientos y otras instalaciones",36296.0,110352.0
2017-Q4,2017,4,ESP,"7.- Robos con fuerza en domicilios, establecimientos y otras instalaciones",39299.0,149651.0
2018-Q1,2018,1,ESP,"7.- Robos con fuerza en domicilios, establecimientos y otras instalaciones",40265.0,40265.0
2018-Q2,2018,2,ESP,"7.- Robos con fuerza en domicilios, establecimientos y otras instalaciones",35085.0,75350.0
2018-Q3,2018,3,ESP,"7.- Robos con fuerza en domicilios, establecimientos y otras instalaciones",36558.0,111908.0
2018-Q4,2018,4,ESP,"7.- Robos con fuerza en domicilios, establecimientos y otras instalaciones",38671.0,150579.0
2019-Q1,2019,1,ESP,"7.- Robos con fuerza en domicilios, establecimientos y otras instalaciones",37157.0,37157.0
2019-Q2,2019,2,ESP,"7.- Robos con fuerza en domicilios, establecimientos y otras instalaciones",32955.0,70112.0
2019-Q3,2019,3,ESP,"7.- Robos con fuerza en domicilios, establecimientos y otras instalaciones",35147.0,105259.0
2019-Q4,2019,4,ESP,"7.- Robos con fuerza en domicilios, establecimientos y otras instalaciones",37521.0,142780.0
2020-Q1,2020,1,ESP,"7.- Robos con fuerza en domicilios, establecimientos y otras instalaciones",31933.0,31933.0
2020-Q2,2020,2,ESP,"7.- Robos con fuerza en domicilios, establecimientos y otras instalaciones",16267.0,48200.0
2020-Q3,2020,3,ESP,"7.- Robos con fuerza en domicilios, establecimientos y otras instalaciones",29298.0,77498.0
2020-Q4,2020,4,ESP,"7.- Robos con fuerza en domicilios, establecimientos y otras instalaciones",25795.0,103293.0
2021-Q1,2021,1,ESP,"7.- Robos con fuerza en domicilios, establecimientos y otras instalaciones",23359.0,23359.0
2021-Q2,2021,2,ESP,"7.- Robos con fuerza en domicilios, establecimientos y otras instalaciones",23686.0,47045.0
2021-Q3,2021,3,ESP,"7.- Robos con fuerza en domicilios, establecimientos y otras instalaciones",28403.0,75448.0
2021-Q4,2021,4,ESP,"7.- Robos con fuerza en domicilios, establecimientos y otras instalaciones",29826.0,105274.0
2022-Q1,2022,1,ESP,"7.- Robos con fuerza en domicilios, establecimientos y otras instalaciones",29913.0,29913.0
2022-Q2,2022,2,ESP,"7.- Robos con fuerza en domicilios, establecimientos y otras instalaciones",27924.0,57837.0
2022-Q3,2022,3,ESP,"7.- Robos con fuerza en domicilios, establecimientos y otras instalaciones",30483.0,88320.0
2016-Q1,2016,1,ESP,7.-DAÃOS,53517.0,53517.0
2016-Q2,2016,2,ESP,7.-DAÃOS,53617.0,107134.0
2016-Q3,2016,3,ESP,7.-DAÃOS,54931.0,162065.0
2016-Q4,2016,4,ESP,7.-DAÃOS,52700.0,214765.0
2017-Q1,2017,1,ESP,7.1.-Robos con fuerza en domicilios,27393.0,27393.0
2017-Q2,2017,2,ESP,7.1.-Robos con fuerza en domicilios,23545.0,50938.0
2017-Q3,2017,3,ESP,7.1.-Robos con fuerza en domicilios,26460.0,77398.0
2017-Q4,2017,4,ESP,7.1.-Robos con fuerza en domicilios,27701.0,105099.0
2018-Q1,2018,1,ESP,7.1.-Robos con fuerza en domicilios,28719.0,28719.0
2018-Q2,2018,2,ESP,7.1.-Robos con fuerza en domicilios,24744.0,53463.0
2018-Q3,2018,3,ESP,7.1.-Robos con fuerza en domicilios,26430.0,79893.0
2018-Q4,2018,4,ESP,7.1.-Robos con fuerza en domicilios,27119.0,107012.0
2019-Q1,2019,1,ESP,7.1.-Robos con fuerza en domicilios,25289.0,25289.0
2019-Q2,2019,2,ESP,7.1.-Robos con fuerza en domicilios,22133.0,47422.0
2019-Q3,2019,3,ESP,7.1.-Robos con fuerza en domicilios,24954.0,72376.0
2019-Q4,2019,4,ESP,7.1.-Robos con fuerza en domicilios,26144.0,98520.0
2020-Q1,2020,1,ESP,7.1.-Robos con fuerza en domicilios,21090.0,21090.0
2020-Q2,2020,2,ESP,7.1.-Robos con fuerza en domicilios,11161.0,32251.0
2020-Q3,2020,3,ESP,7.1.-Robos con fuerza en domicilios,20640.0,52891.0
2020-Q4,2020,4,ESP,7.1.-Robos con fuerza en domicilios,17590.0,70481.0
2021-Q1,2021,1,ESP,7.1.-Robos con fuerza en domicilios,16465.0,16465.0
2021-Q2,2021,2,ESP,7.1.-Robos con fuerza en domicilios,16828.0,33293.0
2021-Q3,2021,3,ESP,7.1.-Robos con fuerza en domicilios,21017.0,54310.0
2021-Q4,2021,4,ESP,7.1.-Robos con fuerza en domicilios,21191.0,75501.0
2022-Q1,2022,1,ESP,7.1.-Robos con fuerza en domicilios,20933.0,20933.0
2022-Q2,2022,2,ESP,7.1.-Robos con fuerza en domicilios,19864.0,40797.0
2022-Q3,2022,3,ESP,7.1.-Robos con fuerza en domicilios,22610.0,63407.0
2022-Q4,2022,4,ESP,7.1.-Robos con fuerza en domicilios,22901.0,86308.0
2023-Q1,2023,1,ESP,7.1.-Robos con fuerza en domicilios,21541.0,21541.0
2023-Q2,2023,2,ESP,7.1.-Robos con fuerza en domicilios,18800.0,40341.0
2023-Q3,2023,3,ESP,7.1.-Robos con fuerza en domicilios,21806.0,62147.0
2023-Q4,2023,4,ESP,7.1.-Robos con fuerza en domicilios,22299.0,84446.0
2024-Q1,2024,1,ESP,7.1.-Robos con fuerza en domicilios,20872.0,20872.0
2024-Q2,2024,2,ESP,7.1.-Robos con fuerza en domicilios,18415.0,39287.0
2024-Q3,2024,3,ESP,7.1.-Robos con fuerza en domicilios,21791.0,61078.0
2024-Q4,2024,4,ESP,7.1.-Robos con fuerza en domicilios,19962.0,81040.0
2025-Q1,2025,1,ESP,7.1.-Robos con fuerza en domicilios,18125.0,18125.0
2025-Q2,2025,2,ESP,7.1.-Robos con fuerza en domicilios,16889.0,35014.0
2025-Q3,2025,3,ESP,7.1.-Robos con fuerza en domicilios,19965.0,54979.0
2022-Q4,2022,4,ESP,8. Hurtos,642579.0,642579.0
2023-Q1,2023,1,ESP,8. Hurtos,163476.0,163476.0
2023-Q2,2023,2,ESP,8. Hurtos,161530.0,325006.0
2023-Q3,2023,3,ESP,8. Hurtos,173978.0,498984.0
2023-Q4,2023,4,ESP,8. Hurtos,164386.0,663370.0
2024-Q1,2024,1,ESP,8. Hurtos,156967.0,156967.0
2024-Q2,2024,2,ESP,8. Hurtos,164365.0,321332.0
2024-Q3,2024,3,ESP,8. Hurtos,170103.0,491435.0
2024-Q4,2024,4,ESP,8. Hurtos,157641.0,649076.0
2025-Q1,2025,1,ESP,8. Hurtos,151750.0,151750.0
2025-Q2,2025,2,ESP,8. Hurtos,158539.0,310289.0
2025-Q3,2025,3,ESP,8. Hurtos,169960.0,480249.0
2016-Q1,2016,1,ESP,8.-HURTOS,169129.0,169129.0
2016-Q2,2016,2,ESP,8.-HURTOS,179253.0,348382.0
2016-Q3,2016,3,ESP,8.-HURTOS,192471.0,540853.0
2016-Q4,2016,4,ESP,8.-HURTOS,171055.0,711908.0
2017-Q1,2017,1,ESP,8.-Hurtos,168642.0,168642.0
2017-Q2,2017,2,ESP,8.-Hurtos,175557.0,344199.0
2017-Q3,2017,3,ESP,8.-Hurtos,192553.0,536752.0
2017-Q4,2017,4,ESP,8.-Hurtos,175646.0,712398.0
2018-Q1,2018,1,ESP,8.-Hurtos,165036.0,165036.0
2018-Q2,2018,2,ESP,8.-Hurtos,175879.0,340915.0
2018-Q3,2018,3,ESP,8.-Hurtos,188352.0,529267.0
2018-Q4,2018,4,ESP,8.-Hurtos,175982.0,705249.0
2019-Q1,2019,1,ESP,8.-Hurtos,168862.0,168862.0
2019-Q2,2019,2,ESP,8.-Hurtos,174647.0,343509.0
2019-Q3,2019,3,ESP,8.-Hurtos,185646.0,529155.0
2019-Q4,2019,4,ESP,8.-Hurtos,171322.0,700477.0
2020-Q1,2020,1,ESP,8.-Hurtos,138598.0,138598.0
2020-Q2,2020,2,ESP,8.-Hurtos,51461.0,190059.0
2020-Q3,2020,3,ESP,8.-Hurtos,119854.0,309913.0
2020-Q4,2020,4,ESP,8.-Hurtos,111335.0,421248.0
2021-Q1,2021,1,ESP,8.-Hurtos,96112.0,96112.0
2021-Q2,2021,2,ESP,8.-Hurtos,115756.0,211868.0
2021-Q3,2021,3,ESP,8.-Hurtos,137565.0,349433.0
2021-Q4,2021,4,ESP,8.-Hurtos,144046.0,493479.0
2022-Q1,2022,1,ESP,8.-Hurtos,145399.0,145399.0
2022-Q2,2022,2,ESP,8.-Hurtos,160870.0,306269.0
2022-Q3,2022,3,ESP,8.-Hurtos,171665.0,477934.0
2022-Q4,2022,4,ESP,9. Sustracciones de vehÃ­culos,30982.0,30982.0
2023-Q1,2023,1,ESP,9. Sustracciones de vehÃ­culos,7870.0,7870.0
2023-Q2,2023,2,ESP,9. Sustracciones de vehÃ­culos,8028.0,15898.0
2023-Q3,2023,3,ESP,9. Sustracciones de vehÃ­culos,8331.0,24229.0
2023-Q4,2023,4,ESP,9. Sustracciones de vehÃ­culos,8591.0,32820.0
2024-Q1,2024,1,ESP,9. Sustracciones de vehÃ­culos,8031.0,8031.0
2024-Q2,2024,2,ESP,9. Sustracciones de vehÃ­culos,8241.0,16272.0
2024-Q3,2024,3,ESP,9. Sustracciones de vehÃ­culos,8568.0,24840.0
2024-Q4,2024,4,ESP,9. Sustracciones de vehÃ­culos,8221.0,33061.0
2025-Q1,2025,1,ESP,9. Sustracciones de vehÃ­culos,7760.0,7760.0
2025-Q2,2025,2,ESP,9. Sustracciones de vehÃ­culos,7836.0,15596.0
2025-Q3,2025,3,ESP,9. Sustracciones de vehÃ­culos,8882.0,24478.0
2017-Q1,2017,1,ESP,9.-Sustracciones de vehÃ­culos,10963.0,10963.0
2017-Q2,2017,2,ESP,9.-Sustracciones de vehÃ­culos,11141.0,22104.0
2017-Q3,2017,3,ESP,9.-Sustracciones de vehÃ­culos,10441.0,32545.0
2017-Q4,2017,4,ESP,9.-Sustracciones de vehÃ­culos,9974.0,42519.0
2018-Q1,2018,1,ESP,9.-Sustracciones de vehÃ­culos,8777.0,8777.0
2018-Q2,2018,2,ESP,9.-Sustracciones de vehÃ­culos,8904.0,17681.0
2018-Q3,2018,3,ESP,9.-Sustracciones de vehÃ­culos,9181.0,26862.0
2018-Q4,2018,4,ESP,9.-Sustracciones de vehÃ­culos,9290.0,36152.0
2019-Q1,2019,1,ESP,9.-Sustracciones de vehÃ­culos,8879.0,8879.0
2019-Q2,2019,2,ESP,9.-Sustracciones de vehÃ­culos,8621.0,17500.0
2019-Q3,2019,3,ESP,9.-Sustracciones de vehÃ­culos,8783.0,26283.0
2019-Q4,2019,4,ESP,9.-Sustracciones de vehÃ­culos,8965.0,35248.0
2020-Q1,2020,1,ESP,9.-Sustracciones de vehÃ­culos,7470.0,7470.0
2020-Q2,2020,2,ESP,9.-Sustracciones de vehÃ­culos,4080.0,11550.0
2020-Q3,2020,3,ESP,9.-Sustracciones de vehÃ­culos,7845.0,19395.0
2020-Q4,2020,4,ESP,9.-Sustracciones de vehÃ­culos,6613.0,26008.0
2021-Q1,2021,1,ESP,9.-Sustracciones de vehÃ­culos,5393.0,5393.0
2021-Q2,2021,2,ESP,9.-Sustracciones de vehÃ­culos,6713.0,12106.0
2021-Q3,2021,3,ESP,9.-Sustracciones de vehÃ­culos,7061.0,19167.0
2021-Q4,2021,4,ESP,9.-Sustracciones de vehÃ­culos,7250.0,26417.0
2022-Q1,2022,1,ESP,9.-Sustracciones de vehÃ­culos,7172.0,7172.0
2022-Q2,2022,2,ESP,9.-Sustracciones de vehÃ­culos,7680.0,14852.0
2022-Q3,2022,3,ESP,9.-Sustracciones de vehÃ­culos,8061.0,22913.0
2022-Q4,2022,4,ESP,I. CRIMINALIDAD CONVENCIONAL,1949852.0,1949852.0
2023-Q1,2023,1,ESP,I. CRIMINALIDAD CONVENCIONAL,480906.0,480906.0
2023-Q2,2023,2,ESP,I. CRIMINALIDAD CONVENCIONAL,491734.0,972640.0
2023-Q3,2023,3,ESP,I. CRIMINALIDAD CONVENCIONAL,517020.0,1489660.0
2023-Q4,2023,4,ESP,I. CRIMINALIDAD CONVENCIONAL,499611.0,1989271.0
2024-Q1,2024,1,ESP,I. CRIMINALIDAD CONVENCIONAL,484467.0,484467.0
2024-Q2,2024,2,ESP,I. CRIMINALIDAD CONVENCIONAL,501977.0,986444.0
2024-Q3,2024,3,ESP,I. CRIMINALIDAD CONVENCIONAL,520432.0,1506876.0
2024-Q4,2024,4,ESP,I. CRIMINALIDAD CONVENCIONAL,483699.0,1990575.0
2025-Q1,2025,1,ESP,I. CRIMINALIDAD CONVENCIONAL,468104.0,468104.0
2025-Q2,2025,2,ESP,I. CRIMINALIDAD CONVENCIONAL,498973.0,967077.0
2025-Q3,2025,3,ESP,I. CRIMINALIDAD CONVENCIONAL,529541.0,1496618.0
2022-Q4,2022,4,ESP,II. CIBERCRIMINALIDAD (infracciones penales cometidas en/por medio ciber),375506.0,375506.0
2023-Q1,2023,1,ESP,II. CIBERCRIMINALIDAD (infracciones penales cometidas en/por medio ciber),107879.0,107879.0
2023-Q2,2023,2,ESP,II. CIBERCRIMINALIDAD (infracciones penales cometidas en/por medio ciber),109800.0,217679.0
2023-Q3,2023,3,ESP,II. CIBERCRIMINALIDAD (infracciones penales cometidas en/por medio ciber),119572.0,337251.0
2023-Q4,2023,4,ESP,II. CIBERCRIMINALIDAD (infracciones penales cometidas en/por medio ciber),133137.0,470388.0
2024-Q1,2024,1,ESP,II. CIBERCRIMINALIDAD (infracciones penales cometidas en/por medio ciber),122428.0,122428.0
2024-Q2,2024,2,ESP,II. CIBERCRIMINALIDAD (infracciones penales cometidas en/por medio ciber),115212.0,237640.0
2024-Q3,2024,3,ESP,II. CIBERCRIMINALIDAD (infracciones penales cometidas en/por medio ciber),109767.0,347407.0
2024-Q4,2024,4,ESP,II. CIBERCRIMINALIDAD (infracciones penales cometidas en/por medio ciber),118431.0,465838.0
2025-Q1,2025,1,ESP,II. CIBERCRIMINALIDAD (infracciones penales cometidas en/por medio ciber),121579.0,121579.0
2025-Q2,2025,2,ESP,II. CIBERCRIMINALIDAD (infracciones penales cometidas en/por medio ciber),123612.0,245191.0
2025-Q3,2025,3,ESP,II. CIBERCRIMINALIDAD (infracciones penales cometidas en/por medio ciber),129068.0,374259.0
2022-Q4,2022,4,ESP,III. TOTAL INFRACCIONES PENALES,2325358.0,2325358.0
2023-Q1,2023,1,ESP,III. TOTAL INFRACCIONES PENALES,588785.0,588785.0
2023-Q2,2023,2,ESP,III. TOTAL INFRACCIONES PENALES,601534.0,1190319.0
2023-Q3,2023,3,ESP,III. TOTAL INFRACCIONES PENALES,636592.0,1826911.0
2023-Q4,2023,4,ESP,III. TOTAL INFRACCIONES PENALES,632748.0,2459659.0
2024-Q1,2024,1,ESP,III. TOTAL INFRACCIONES PENALES,606895.0,606895.0
2024-Q2,2024,2,ESP,III. TOTAL INFRACCIONES PENALES,617189.0,1224084.0
2024-Q3,2024,3,ESP,III. TOTAL INFRACCIONES PENALES,630199.0,1854283.0
2024-Q4,2024,4,ESP,III. TOTAL INFRACCIONES PENALES,602130.0,2456413.0
2025-Q1,2025,1,ESP,III. TOTAL INFRACCIONES PENALES,589683.0,589683.0
2025-Q2,2025,2,ESP,III. TOTAL INFRACCIONES PENALES,622585.0,1212268.0
2025-Q3,2025,3,ESP,III. TOTAL INFRACCIONES PENALES,658609.0,1870877.0
2018-Q4,2018,4,ESP,Resto de infracciones penales,1131411.0,1131411.0
2019-Q1,2019,1,ESP,Resto de infracciones penales,287365.0,287365.0
2019-Q2,2019,2,ESP,Resto de infracciones penales,296036.0,583401.0
2019-Q3,2019,3,ESP,Resto de infracciones penales,314350.0,897751.0
2019-Q4,2019,4,ESP,Resto de infracciones penales,306555.0,1204306.0
2020-Q1,2020,1,ESP,Resto de infracciones penales,277684.0,277684.0
2020-Q2,2020,2,ESP,Resto de infracciones penales,232762.0,510446.0
2020-Q3,2020,3,ESP,Resto de infracciones penales,323713.0,834159.0
2020-Q4,2020,4,ESP,Resto de infracciones penales,295650.0,1129809.0
2021-Q1,2021,1,ESP,Resto de infracciones penales,283731.0,283731.0
2021-Q2,2021,2,ESP,Resto de infracciones penales,294830.0,578561.0
2021-Q3,2021,3,ESP,Resto de infracciones penales,319351.0,897912.0
2021-Q4,2021,4,ESP,Resto de infracciones penales,324564.0,1222476.0
2022-Q1,2022,1,ESP,Resto de infracciones penales,338405.0,338405.0
2022-Q2,2022,2,ESP,Resto de infracciones penales,347434.0,685839.0
2022-Q3,2022,3,ESP,Resto de infracciones penales,362055.0,1047894.0
2017-Q1,2017,1,ESP,TOTAL INFRACCIONES PENALES,496307.0,496307.0
2017-Q2,2017,2,ESP,TOTAL INFRACCIONES PENALES,503617.0,999924.0
2017-Q3,2017,3,ESP,TOTAL INFRACCIONES PENALES,527882.0,1527806.0
2017-Q4,2017,4,ESP,TOTAL INFRACCIONES PENALES,517979.0,2045785.0
2018-Q1,2018,1,ESP,TOTAL INFRACCIONES PENALES,503670.0,503670.0
2018-Q2,2018,2,ESP,TOTAL INFRACCIONES PENALES,522043.0,1025713.0
2018-Q3,2018,3,ESP,TOTAL INFRACCIONES PENALES,557166.0,1582879.0
2018-Q4,2018,4,ESP,TOTAL INFRACCIONES PENALES,548545.0,2131424.0
2019-Q1,2019,1,ESP,TOTAL INFRACCIONES PENALES,529757.0,529757.0
2019-Q2,2019,2,ESP,TOTAL INFRACCIONES PENALES,540664.0,1070421.0
2019-Q3,2019,3,ESP,TOTAL INFRACCIONES PENALES,576435.0,1646856.0
2019-Q4,2019,4,ESP,TOTAL INFRACCIONES PENALES,555003.0,2201859.0
2020-Q1,2020,1,ESP,TOTAL INFRACCIONES PENALES,481872.0,481872.0
2020-Q2,2020,2,ESP,TOTAL INFRACCIONES PENALES,321737.0,803609.0
2020-Q3,2020,3,ESP,TOTAL INFRACCIONES PENALES,508872.0,1312481.0
2020-Q4,2020,4,ESP,TOTAL INFRACCIONES PENALES,460885.0,1773366.0
2021-Q1,2021,1,ESP,TOTAL INFRACCIONES PENALES,431065.0,431065.0
2021-Q2,2021,2,ESP,TOTAL INFRACCIONES PENALES,467451.0,898516.0
2021-Q3,2021,3,ESP,TOTAL INFRACCIONES PENALES,522828.0,1421344.0
2021-Q4,2021,4,ESP,TOTAL INFRACCIONES PENALES,536375.0,1957719.0
2022-Q1,2022,1,ESP,TOTAL INFRACCIONES PENALES,550150.0,550150.0
2022-Q2,2022,2,ESP,TOTAL INFRACCIONES PENALES,576997.0,1127147.0
2022-Q3,2022,3,ESP,TOTAL INFRACCIONES PENALES,607478.0,1734625.0
