Periodo,Año,Trimestre,Region,Categoria_Unificada,Valor_Trimestral
2016-Q1,2016,1,AND,DAÃOS,8593.0
2016-Q1,2016,1,AND,HOMICIDIOS CONSUMADOS,16.0
2016-Q1,2016,1,AND,HURTOS,26466.0
2016-Q1,2016,1,AND,ROBO CON VIOLENCIA E INTIMIDACIÃN,1838.0
2016-Q1,2016,1,AND,ROBOS EN DOMICILIOS,4833.0
2016-Q1,2016,1,AND,SUSTRACCIÃN VEHÃCULOS A MOTOR,2091.0
2016-Q1,2016,1,AND,TOTAL INFRACCIONES PENALES,80611.0
2016-Q1,2016,1,AND,TRÃFICO DE DROGAS,683.0
2016-Q1,2016,1,ESP,DAÃOS,53517.0
2016-Q1,2016,1,ESP,HOMICIDIOS CONSUMADOS,72.0
2016-Q1,2016,1,ESP,HURTOS,169129.0
2016-Q1,2016,1,ESP,ROBO CON VIOLENCIA E INTIMIDACIÃN,15559.0
2016-Q1,2016,1,ESP,ROBOS EN DOMICILIOS,31154.0
2016-Q1,2016,1,ESP,SUSTRACCIÃN VEHÃCULOS A MOTOR,10177.0
2016-Q1,2016,1,ESP,TOTAL INFRACCIONES PENALES,487643.0
2016-Q1,2016,1,ESP,TRÃFICO DE DROGAS,2699.0
2016-Q2,2016,2,AND,DAÃOS,8255.0
2016-Q2,2016,2,AND,HOMICIDIOS CONSUMADOS,8.0
2016-Q2,2016,2,AND,HURTOS,28675.0
2016-Q2,2016,2,AND,ROBO CON VIOLENCIA E INTIMIDACIÃN,1920.0
2016-Q2,2016,2,AND,ROBOS EN DOMICILIOS,4396.0
2016-Q2,2016,2,AND,SUSTRACCIÃN VEHÃCULOS A MOTOR,2122.0
2016-Q2,2016,2,AND,TOTAL INFRACCIONES PENALES,84739.0
2016-Q2,2016,2,AND,TRÃFICO DE DROGAS,837.0
2016-Q2,2016,2,ESP,DAÃOS,53617.0
2016-Q2,2016,2,ESP,HOMICIDIOS CONSUMADOS,76.0
2016-Q2,2016,2,ESP,HURTOS,179253.0
2016-Q2,2016,2,ESP,ROBO CON VIOLENCIA E INTIMIDACIÃN,15214.0
2016-Q2,2016,2,ESP,ROBOS EN DOMICILIOS,26304.0
2016-Q2,2016,2,ESP,SUSTRACCIÃN VEHÃCULOS A MOTOR,10773.0
2016-Q2,2016,2,ESP,TOTAL INFRACCIONES PENALES,505953.0
2016-Q2,2016,2,ESP,TRÃFICO DE DROGAS,3377.0
2016-Q3,2016,3,AND,DAÃOS,9034.0
2016-Q3,2016,3,AND,HOMICIDIOS CONSUMADOS,25.0
2016-Q3,2016,3,AND,HURTOS,29304.0
2016-Q3,2016,3,AND,ROBO CON VIOLENCIA E INTIMIDACIÃN,1928.0
2016-Q3,2016,3,AND,ROBOS EN DOMICILIOS,4716.0
2016-Q3,2016,3,AND,SUSTRACCIÃN VEHÃCULOS A MOTOR,2387.0
2016-Q3,2016,3,AND,TOTAL INFRACCIONES PENALES,87334.0
2016-Q3,2016,3,AND,TRÃFICO DE DROGAS,924.0
2016-Q3,2016,3,ESP,DAÃOS,54931.0
2016-Q3,2016,3,ESP,HOMICIDIOS CONSUMADOS,79.0
2016-Q3,2016,3,ESP,HURTOS,192471.0
2016-Q3,2016,3,ESP,ROBO CON VIOLENCIA E INTIMIDACIÃN,16587.0
2016-Q3,2016,3,ESP,ROBOS EN DOMICILIOS,27897.0
2016-Q3,2016,3,ESP,SUSTRACCIÃN VEHÃCULOS A MOTOR,11272.0
2016-Q3,2016,3,ESP,TOTAL INFRACCIONES PENALES,526891.0
2016-Q3,2016,3,ESP,TRÃFICO DE DROGAS,3530.0
2016-Q4,2016,4,AND,DAÃOS,8628.0
2016-Q4,2016,4,AND,HOMICIDIOS CONSUMADOS,19.0
2016-Q4,2016,4,AND,HURTOS,25143.0
2016-Q4,2016,4,AND,ROBO CON VIOLENCIA E INTIMIDACIÃN,1793.0
2016-Q4,2016,4,AND,ROBOS EN DOMICILIOS,4294.0
2016-Q4,2016,4,AND,SUSTRACCIÃN VEHÃCULOS A MOTOR,2277.0
2016-Q4,2016,4,AND,TOTAL INFRACCIONES PENALES,79510.0
2016-Q4,2016,4,AND,TRÃFICO DE DROGAS,698.0
2016-Q4,2016,4,ESP,DAÃOS,52700.0
2016-Q4,2016,4,ESP,HOMICIDIOS CONSUMADOS,65.0
2016-Q4,2016,4,ESP,HURTOS,171055.0
2016-Q4,2016,4,ESP,ROBO CON VIOLENCIA E INTIMIDACIÃN,15979.0
2016-Q4,2016,4,ESP,ROBOS EN DOMICILIOS,27570.0
2016-Q4,2016,4,ESP,SUSTRACCIÃN VEHÃCULOS A MOTOR,11302.0
2016-Q4,2016,4,ESP,TOTAL INFRACCIONES PENALES,491099.0
2016-Q4,2016,4,ESP,TRÃFICO DE DROGAS,2834.0
2017-Q1,2017,1,AND,1.-AGRESIÃ³N SEXUAL CON PENETRACIÃ³N,33.0
2017-Q1,2017,1,AND,DELITOS CONTRA LIBERTAD SEXUAL,516.0
2017-Q1,2017,1,AND,DELITOS GRAVES Y MENOS GRAVES DE LESIONES Y RIÃ±A TUMULTUARIA,681.0
2017-Q1,2017,1,AND,HOMICIDIOS CONSUMADOS,12.0
2017-Q1,2017,1,AND,HOMICIDIOS TENTATIVA,59.0
2017-Q1,2017,1,AND,HURTOS,25203.0
2017-Q1,2017,1,AND,RESTO DELITOS LIBERTAD SEXUAL,483.0
2017-Q1,2017,1,AND,ROBOS CON FUERZA,6918.0
2017-Q1,2017,1,AND,ROBOS CON VIOLENCIA E INTIMIDACIÃ³N,1952.0
2017-Q1,2017,1,AND,ROBOS EN DOMICILIOS,4717.0
2017-Q1,2017,1,AND,SECUESTRO,1.0
2017-Q1,2017,1,AND,SUSTRACCIONES DE VEHÃ­CULOS,2278.0
2017-Q1,2017,1,AND,TOTAL INFRACCIONES PENALES,83227.0
2017-Q1,2017,1,AND,TRÃ¡FICO DE DROGAS,833.0
2017-Q1,2017,1,ESP,1.-AGRESIÃ³N SEXUAL CON PENETRACIÃ³N,287.0
2017-Q1,2017,1,ESP,DELITOS CONTRA LIBERTAD SEXUAL,2667.0
2017-Q1,2017,1,ESP,DELITOS GRAVES Y MENOS GRAVES DE LESIONES Y RIÃ±A TUMULTUARIA,3955.0
2017-Q1,2017,1,ESP,HOMICIDIOS CONSUMADOS,78.0
2017-Q1,2017,1,ESP,HOMICIDIOS TENTATIVA,217.0
2017-Q1,2017,1,ESP,HURTOS,168642.0
2017-Q1,2017,1,ESP,RESTO DELITOS LIBERTAD SEXUAL,2380.0
2017-Q1,2017,1,ESP,ROBOS CON FUERZA,39651.0
2017-Q1,2017,1,ESP,ROBOS CON VIOLENCIA E INTIMIDACIÃ³N,15622.0
2017-Q1,2017,1,ESP,ROBOS EN DOMICILIOS,27393.0
2017-Q1,2017,1,ESP,SECUESTRO,15.0
2017-Q1,2017,1,ESP,SUSTRACCIONES DE VEHÃ­CULOS,10963.0
2017-Q1,2017,1,ESP,TOTAL INFRACCIONES PENALES,496307.0
2017-Q1,2017,1,ESP,TRÃ¡FICO DE DROGAS,3011.0
2017-Q2,2017,2,AND,1.-AGRESIÃ³N SEXUAL CON PENETRACIÃ³N,44.0
2017-Q2,2017,2,AND,DELITOS CONTRA LIBERTAD SEXUAL,530.0
2017-Q2,2017,2,AND,DELITOS GRAVES Y MENOS GRAVES DE LESIONES Y RIÃ±A TUMULTUARIA,767.0
2017-Q2,2017,2,AND,HOMICIDIOS CONSUMADOS,16.0
2017-Q2,2017,2,AND,HOMICIDIOS TENTATIVA,63.0
2017-Q2,2017,2,AND,HURTOS,26572.0
2017-Q2,2017,2,AND,RESTO DELITOS LIBERTAD SEXUAL,486.0
2017-Q2,2017,2,AND,ROBOS CON FUERZA,6097.0
2017-Q2,2017,2,AND,ROBOS CON VIOLENCIA E INTIMIDACIÃ³N,1793.0
2017-Q2,2017,2,AND,ROBOS EN DOMICILIOS,4244.0
2017-Q2,2017,2,AND,SECUESTRO,9.0
2017-Q2,2017,2,AND,SUSTRACCIONES DE VEHÃ­CULOS,2323.0
2017-Q2,2017,2,AND,TOTAL INFRACCIONES PENALES,84456.0
2017-Q2,2017,2,AND,TRÃ¡FICO DE DROGAS,921.0
2017-Q2,2017,2,ESP,1.-AGRESIÃ³N SEXUAL CON PENETRACIÃ³N,324.0
2017-Q2,2017,2,ESP,DELITOS CONTRA LIBERTAD SEXUAL,3048.0
2017-Q2,2017,2,ESP,DELITOS GRAVES Y MENOS GRAVES DE LESIONES Y RIÃ±A TUMULTUARIA,4399.0
2017-Q2,2017,2,ESP,HOMICIDIOS CONSUMADOS,74.0
2017-Q2,2017,2,ESP,HOMICIDIOS TENTATIVA,224.0
2017-Q2,2017,2,ESP,HURTOS,175557.0
2017-Q2,2017,2,ESP,RESTO DELITOS LIBERTAD SEXUAL,2724.0
2017-Q2,2017,2,ESP,ROBOS CON FUERZA,34405.0
2017-Q2,2017,2,ESP,ROBOS CON VIOLENCIA E INTIMIDACIÃ³N,14713.0
2017-Q2,2017,2,ESP,ROBOS EN DOMICILIOS,23545.0
2017-Q2,2017,2,ESP,SECUESTRO,19.0
2017-Q2,2017,2,ESP,SUSTRACCIONES DE VEHÃ­CULOS,11141.0
2017-Q2,2017,2,ESP,TOTAL INFRACCIONES PENALES,503617.0
2017-Q2,2017,2,ESP,TRÃ¡FICO DE DROGAS,3446.0
2017-Q3,2017,3,AND,1.-AGRESIÃ³N SEXUAL CON PENETRACIÃ³N,54.0
2017-Q3,2017,3,AND,DELITOS CONTRA LIBERTAD SEXUAL,538.0
2017-Q3,2017,3,AND,DELITOS GRAVES Y MENOS GRAVES DE LESIONES Y RIÃ±A TUMULTUARIA,826.0
2017-Q3,2017,3,AND,HOMICIDIOS CONSUMADOS,12.0
2017-Q3,2017,3,AND,HOMICIDIOS TENTATIVA,53.0
2017-Q3,2017,3,AND,HURTOS,27676.0
2017-Q3,2017,3,AND,RESTO DELITOS LIBERTAD SEXUAL,484.0
2017-Q3,2017,3,AND,ROBOS CON FUERZA,5990.0
2017-Q3,2017,3,AND,ROBOS CON VIOLENCIA E INTIMIDACIÃ³N,2009.0
2017-Q3,2017,3,AND,ROBOS EN DOMICILIOS,4443.0
2017-Q3,2017,3,AND,SECUESTRO,4.0
2017-Q3,2017,3,AND,SUSTRACCIONES DE VEHÃ­CULOS,2165.0
2017-Q3,2017,3,AND,TOTAL INFRACCIONES PENALES,86154.0
2017-Q3,2017,3,AND,TRÃ¡FICO DE DROGAS,939.0
2017-Q3,2017,3,ESP,1.-AGRESIÃ³N SEXUAL CON PENETRACIÃ³N,443.0
2017-Q3,2017,3,ESP,DELITOS CONTRA LIBERTAD SEXUAL,3277.0
2017-Q3,2017,3,ESP,DELITOS GRAVES Y MENOS GRAVES DE LESIONES Y RIÃ±A TUMULTUARIA,5034.0
2017-Q3,2017,3,ESP,HOMICIDIOS CONSUMADOS,88.0
2017-Q3,2017,3,ESP,HOMICIDIOS TENTATIVA,222.0
2017-Q3,2017,3,ESP,HURTOS,192553.0
2017-Q3,2017,3,ESP,RESTO DELITOS LIBERTAD SEXUAL,2834.0
2017-Q3,2017,3,ESP,ROBOS CON FUERZA,36296.0
2017-Q3,2017,3,ESP,ROBOS CON VIOLENCIA E INTIMIDACIÃ³N,15823.0
2017-Q3,2017,3,ESP,ROBOS EN DOMICILIOS,26460.0
2017-Q3,2017,3,ESP,SECUESTRO,16.0
2017-Q3,2017,3,ESP,SUSTRACCIONES DE VEHÃ­CULOS,10441.0
2017-Q3,2017,3,ESP,TOTAL INFRACCIONES PENALES,527882.0
2017-Q3,2017,3,ESP,TRÃ¡FICO DE DROGAS,3653.0
2017-Q4,2017,4,AND,1.-AGRESIÃ³N SEXUAL CON PENETRACIÃ³N,42.0
2017-Q4,2017,4,AND,DELITOS CONTRA LIBERTAD SEXUAL,480.0
2017-Q4,2017,4,AND,DELITOS GRAVES Y MENOS GRAVES DE LESIONES Y RIÃ±A TUMULTUARIA,656.0
2017-Q4,2017,4,AND,HOMICIDIOS CONSUMADOS,9.0
2017-Q4,2017,4,AND,HOMICIDIOS TENTATIVA,32.0
2017-Q4,2017,4,AND,HURTOS,24295.0
2017-Q4,2017,4,AND,RESTO DELITOS LIBERTAD SEXUAL,438.0
2017-Q4,2017,4,AND,ROBOS CON FUERZA,5713.0
2017-Q4,2017,4,AND,ROBOS CON VIOLENCIA E INTIMIDACIÃ³N,1914.0
2017-Q4,2017,4,AND,ROBOS EN DOMICILIOS,3872.0
2017-Q4,2017,4,AND,SECUESTRO,1.0
2017-Q4,2017,4,AND,SUSTRACCIONES DE VEHÃ­CULOS,1989.0
2017-Q4,2017,4,AND,TOTAL INFRACCIONES PENALES,80494.0
2017-Q4,2017,4,AND,TRÃ¡FICO DE DROGAS,779.0
2017-Q4,2017,4,ESP,1.-AGRESIÃ³N SEXUAL CON PENETRACIÃ³N,328.0
2017-Q4,2017,4,ESP,DELITOS CONTRA LIBERTAD SEXUAL,2700.0
2017-Q4,2017,4,ESP,DELITOS GRAVES Y MENOS GRAVES DE LESIONES Y RIÃ±A TUMULTUARIA,4698.0
2017-Q4,2017,4,ESP,HOMICIDIOS CONSUMADOS,68.0
2017-Q4,2017,4,ESP,HOMICIDIOS TENTATIVA,136.0
2017-Q4,2017,4,ESP,HURTOS,175646.0
2017-Q4,2017,4,ESP,RESTO DELITOS LIBERTAD SEXUAL,2372.0
2017-Q4,2017,4,ESP,ROBOS CON FUERZA,39299.0
2017-Q4,2017,4,ESP,ROBOS CON VIOLENCIA E INTIMIDACIÃ³N,15605.0
2017-Q4,2017,4,ESP,ROBOS EN DOMICILIOS,27701.0
2017-Q4,2017,4,ESP,SECUESTRO,19.0
2017-Q4,2017,4,ESP,SUSTRACCIONES DE VEHÃ­CULOS,9974.0
2017-Q4,2017,4,ESP,TOTAL INFRACCIONES PENALES,517979.0
2017-Q4,2017,4,ESP,TRÃ¡FICO DE DROGAS,2848.0
2018-Q1,2018,1,AND,1.-AGRESIÃ³N SEXUAL CON PENETRACIÃ³N,41.0
2018-Q1,2018,1,AND,DELITOS CONTRA LIBERTAD SEXUAL,499.0
2018-Q1,2018,1,AND,DELITOS GRAVES Y MENOS GRAVES DE LESIONES Y RIÃ±A TUMULTUARIA,644.0
2018-Q1,2018,1,AND,HOMICIDIOS CONSUMADOS,16.0
2018-Q1,2018,1,AND,HOMICIDIOS TENTATIVA,32.0
2018-Q1,2018,1,AND,HURTOS,22364.0
2018-Q1,2018,1,AND,RESTO DELITOS LIBERTAD SEXUAL,458.0
2018-Q1,2018,1,AND,ROBOS CON FUERZA,6285.0
2018-Q1,2018,1,AND,ROBOS CON VIOLENCIA E INTIMIDACIÃ³N,1717.0
2018-Q1,2018,1,AND,ROBOS EN DOMICILIOS,4229.0
2018-Q1,2018,1,AND,SECUESTRO,7.0
2018-Q1,2018,1,AND,SUSTRACCIONES DE VEHÃ­CULOS,1783.0
2018-Q1,2018,1,AND,TOTAL INFRACCIONES PENALES,78377.0
2018-Q1,2018,1,AND,TRÃ¡FICO DE DROGAS,836.0
2018-Q1,2018,1,ESP,1.-AGRESIÃ³N SEXUAL CON PENETRACIÃ³N,379.0
2018-Q1,2018,1,ESP,DELITOS CONTRA LIBERTAD SEXUAL,3026.0
2018-Q1,2018,1,ESP,DELITOS GRAVES Y MENOS GRAVES DE LESIONES Y RIÃ±A TUMULTUARIA,3915.0
2018-Q1,2018,1,ESP,HOMICIDIOS CONSUMADOS,73.0
2018-Q1,2018,1,ESP,HOMICIDIOS TENTATIVA,171.0
2018-Q1,2018,1,ESP,HURTOS,165036.0
2018-Q1,2018,1,ESP,RESTO DELITOS LIBERTAD SEXUAL,2647.0
2018-Q1,2018,1,ESP,ROBOS CON FUERZA,40265.0
2018-Q1,2018,1,ESP,ROBOS CON VIOLENCIA E INTIMIDACIÃ³N,14384.0
2018-Q1,2018,1,ESP,ROBOS EN DOMICILIOS,28719.0
2018-Q1,2018,1,ESP,SECUESTRO,22.0
2018-Q1,2018,1,ESP,SUSTRACCIONES DE VEHÃ­CULOS,8777.0
2018-Q1,2018,1,ESP,TOTAL INFRACCIONES PENALES,503670.0
2018-Q1,2018,1,ESP,TRÃ¡FICO DE DROGAS,3156.0
2018-Q2,2018,2,AND,1.-AGRESIÃ³N SEXUAL CON PENETRACIÃ³N,53.0
2018-Q2,2018,2,AND,DELITOS CONTRA LIBERTAD SEXUAL,669.0
2018-Q2,2018,2,AND,DELITOS GRAVES Y MENOS GRAVES DE LESIONES Y RIÃ±A TUMULTUARIA,685.0
2018-Q2,2018,2,AND,HOMICIDIOS CONSUMADOS,24.0
2018-Q2,2018,2,AND,HOMICIDIOS TENTATIVA,46.0
2018-Q2,2018,2,AND,HURTOS,24454.0
2018-Q2,2018,2,AND,RESTO DELITOS LIBERTAD SEXUAL,616.0
2018-Q2,2018,2,AND,ROBOS CON FUERZA,5472.0
2018-Q2,2018,2,AND,ROBOS CON VIOLENCIA E INTIMIDACIÃ³N,1756.0
2018-Q2,2018,2,AND,ROBOS EN DOMICILIOS,3700.0
2018-Q2,2018,2,AND,SECUESTRO,6.0
2018-Q2,2018,2,AND,SUSTRACCIONES DE VEHÃ­CULOS,1645.0
2018-Q2,2018,2,AND,TOTAL INFRACCIONES PENALES,84368.0
2018-Q2,2018,2,AND,TRÃ¡FICO DE DROGAS,1014.0
2018-Q2,2018,2,ESP,1.-AGRESIÃ³N SEXUAL CON PENETRACIÃ³N,422.0
2018-Q2,2018,2,ESP,DELITOS CONTRA LIBERTAD SEXUAL,3494.0
2018-Q2,2018,2,ESP,DELITOS GRAVES Y MENOS GRAVES DE LESIONES Y RIÃ±A TUMULTUARIA,4398.0
2018-Q2,2018,2,ESP,HOMICIDIOS CONSUMADOS,72.0
2018-Q2,2018,2,ESP,HOMICIDIOS TENTATIVA,183.0
2018-Q2,2018,2,ESP,HURTOS,175879.0
2018-Q2,2018,2,ESP,RESTO DELITOS LIBERTAD SEXUAL,3072.0
2018-Q2,2018,2,ESP,ROBOS CON FUERZA,35085.0
2018-Q2,2018,2,ESP,ROBOS CON VIOLENCIA E INTIMIDACIÃ³N,13897.0
2018-Q2,2018,2,ESP,ROBOS EN DOMICILIOS,24744.0
2018-Q2,2018,2,ESP,SECUESTRO,14.0
2018-Q2,2018,2,ESP,SUSTRACCIONES DE VEHÃ­CULOS,8904.0
2018-Q2,2018,2,ESP,TOTAL INFRACCIONES PENALES,522043.0
2018-Q2,2018,2,ESP,TRÃ¡FICO DE DROGAS,3749.0
2018-Q3,2018,3,AND,1.-AGRESIÃ³N SEXUAL CON PENETRACIÃ³N,60.0
2018-Q3,2018,3,AND,DELITOS CONTRA LIBERTAD SEXUAL,644.0
2018-Q3,2018,3,AND,DELITOS GRAVES Y MENOS GRAVES DE LESIONES Y RIÃ±A TUMULTUARIA,869.0
2018-Q3,2018,3,AND,HOMICIDIOS CONSUMADOS,14.0
2018-Q3,2018,3,AND,HOMICIDIOS TENTATIVA,56.0
2018-Q3,2018,3,AND,HURTOS,24941.0
2018-Q3,2018,3,AND,RESTO DELITOS LIBERTAD SEXUAL,584.0
2018-Q3,2018,3,AND,ROBOS CON FUERZA,5668.0
2018-Q3,2018,3,AND,ROBOS CON VIOLENCIA E INTIMIDACIÃ³N,1837.0
2018-Q3,2018,3,AND,ROBOS EN DOMICILIOS,4084.0
2018-Q3,2018,3,AND,SECUESTRO,8.0
2018-Q3,2018,3,AND,SUSTRACCIONES DE VEHÃ­CULOS,1800.0
2018-Q3,2018,3,AND,TOTAL INFRACCIONES PENALES,87794.0
2018-Q3,2018,3,AND,TRÃ¡FICO DE DROGAS,1008.0
2018-Q3,2018,3,ESP,1.-AGRESIÃ³N SEXUAL CON PENETRACIÃ³N,504.0
2018-Q3,2018,3,ESP,DELITOS CONTRA LIBERTAD SEXUAL,3925.0
2018-Q3,2018,3,ESP,DELITOS GRAVES Y MENOS GRAVES DE LESIONES Y RIÃ±A TUMULTUARIA,5449.0
2018-Q3,2018,3,ESP,HOMICIDIOS CONSUMADOS,82.0
2018-Q3,2018,3,ESP,HOMICIDIOS TENTATIVA,226.0
2018-Q3,2018,3,ESP,HURTOS,188352.0
2018-Q3,2018,3,ESP,RESTO DELITOS LIBERTAD SEXUAL,3421.0
2018-Q3,2018,3,ESP,ROBOS CON FUERZA,36558.0
2018-Q3,2018,3,ESP,ROBOS CON VIOLENCIA E INTIMIDACIÃ³N,15861.0
2018-Q3,2018,3,ESP,ROBOS EN DOMICILIOS,26430.0
2018-Q3,2018,3,ESP,SECUESTRO,18.0
2018-Q3,2018,3,ESP,SUSTRACCIONES DE VEHÃ­CULOS,9181.0
2018-Q3,2018,3,ESP,TOTAL INFRACCIONES PENALES,557166.0
2018-Q3,2018,3,ESP,TRÃ¡FICO DE DROGAS,3929.0
2018-Q4,2018,4,AND,1.-AGRESIÃ³N SEXUAL CON PENETRACIÃ³N,47.0
2018-Q4,2018,4,AND,DELITOS CONTRA LIBERTAD SEXUAL,536.0
2018-Q4,2018,4,AND,DELITOS GRAVES Y MENOS GRAVES DE LESIONES Y RIÃ±A TUMULTUARIA,719.0
2018-Q4,2018,4,AND,HOMICIDIOS CONSUMADOS,18.0
2018-Q4,2018,4,AND,HOMICIDIOS TENTATIVA,56.0
2018-Q4,2018,4,AND,HURTOS,21531.0
2018-Q4,2018,4,AND,RESTO CRIMINALIDAD CONVENCIONAL,193581.0
2018-Q4,2018,4,AND,RESTO DELITOS LIBERTAD SEXUAL,489.0
2018-Q4,2018,4,AND,ROBOS CON FUERZA,5607.0
2018-Q4,2018,4,AND,ROBOS CON VIOLENCIA E INTIMIDACIÃ³N,1843.0
2018-Q4,2018,4,AND,ROBOS EN DOMICILIOS,3697.0
2018-Q4,2018,4,AND,SECUESTRO,5.0
2018-Q4,2018,4,AND,SUSTRACCIONES DE VEHÃ­CULOS,1706.0
2018-Q4,2018,4,AND,TOTAL INFRACCIONES PENALES,82660.0
2018-Q4,2018,4,AND,TRÃ¡FICO DE DROGAS,798.0
2018-Q4,2018,4,ESP,1.-AGRESIÃ³N SEXUAL CON PENETRACIÃ³N,397.0
2018-Q4,2018,4,ESP,DELITOS CONTRA LIBERTAD SEXUAL,3366.0
2018-Q4,2018,4,ESP,DELITOS GRAVES Y MENOS GRAVES DE LESIONES Y RIÃ±A TUMULTUARIA,4490.0
2018-Q4,2018,4,ESP,HOMICIDIOS CONSUMADOS,62.0
2018-Q4,2018,4,ESP,HOMICIDIOS TENTATIVA,218.0
2018-Q4,2018,4,ESP,HURTOS,175982.0
2018-Q4,2018,4,ESP,RESTO CRIMINALIDAD CONVENCIONAL,1131411.0
2018-Q4,2018,4,ESP,RESTO DELITOS LIBERTAD SEXUAL,2969.0
2018-Q4,2018,4,ESP,ROBOS CON FUERZA,38671.0
2018-Q4,2018,4,ESP,ROBOS CON VIOLENCIA E INTIMIDACIÃ³N,16535.0
2018-Q4,2018,4,ESP,ROBOS EN DOMICILIOS,27119.0
2018-Q4,2018,4,ESP,SECUESTRO,27.0
2018-Q4,2018,4,ESP,SUSTRACCIONES DE VEHÃ­CULOS,9290.0
2018-Q4,2018,4,ESP,TOTAL INFRACCIONES PENALES,548545.0
2018-Q4,2018,4,ESP,TRÃ¡FICO DE DROGAS,3291.0
2019-Q1,2019,1,AND,1.-AGRESIÃ³N SEXUAL CON PENETRACIÃ³N,54.0
2019-Q1,2019,1,AND,DELITOS CONTRA LIBERTAD SEXUAL,599.0
2019-Q1,2019,1,AND,DELITOS GRAVES Y MENOS GRAVES DE LESIONES Y RIÃ±A TUMULTUARIA,725.0
2019-Q1,2019,1,AND,HOMICIDIOS CONSUMADOS,15.0
2019-Q1,2019,1,AND,HOMICIDIOS TENTATIVA,31.0
2019-Q1,2019,1,AND,HURTOS,21638.0
2019-Q1,2019,1,AND,RESTO CRIMINALIDAD CONVENCIONAL,48351.0
2019-Q1,2019,1,AND,RESTO DELITOS LIBERTAD SEXUAL,545.0
2019-Q1,2019,1,AND,ROBOS CON FUERZA,5729.0
2019-Q1,2019,1,AND,ROBOS CON VIOLENCIA E INTIMIDACIÃ³N,1740.0
2019-Q1,2019,1,AND,ROBOS EN DOMICILIOS,3755.0
2019-Q1,2019,1,AND,SECUESTRO,13.0
2019-Q1,2019,1,AND,SUSTRACCIONES DE VEHÃ­CULOS,1654.0
2019-Q1,2019,1,AND,TOTAL INFRACCIONES PENALES,81460.0
2019-Q1,2019,1,AND,TRÃ¡FICO DE DROGAS,965.0
2019-Q1,2019,1,ESP,1.-AGRESIÃ³N SEXUAL CON PENETRACIÃ³N,377.0
2019-Q1,2019,1,ESP,DELITOS CONTRA LIBERTAD SEXUAL,3576.0
2019-Q1,2019,1,ESP,DELITOS GRAVES Y MENOS GRAVES DE LESIONES Y RIÃ±A TUMULTUARIA,4476.0
2019-Q1,2019,1,ESP,HOMICIDIOS CONSUMADOS,75.0
2019-Q1,2019,1,ESP,HOMICIDIOS TENTATIVA,196.0
2019-Q1,2019,1,ESP,HURTOS,168862.0
2019-Q1,2019,1,ESP,RESTO CRIMINALIDAD CONVENCIONAL,287365.0
2019-Q1,2019,1,ESP,RESTO DELITOS LIBERTAD SEXUAL,3199.0
2019-Q1,2019,1,ESP,ROBOS CON FUERZA,37157.0
2019-Q1,2019,1,ESP,ROBOS CON VIOLENCIA E INTIMIDACIÃ³N,15482.0
2019-Q1,2019,1,ESP,ROBOS EN DOMICILIOS,25289.0
2019-Q1,2019,1,ESP,SECUESTRO,26.0
2019-Q1,2019,1,ESP,SUSTRACCIONES DE VEHÃ­CULOS,8879.0
2019-Q1,2019,1,ESP,TOTAL INFRACCIONES PENALES,529757.0
2019-Q1,2019,1,ESP,TRÃ¡FICO DE DROGAS,3663.0
2019-Q2,2019,2,AND,1.-AGRESIÃ³N SEXUAL CON PENETRACIÃ³N,59.0
2019-Q2,2019,2,AND,DELITOS CONTRA LIBERTAD SEXUAL,619.0
2019-Q2,2019,2,AND,DELITOS GRAVES Y MENOS GRAVES DE LESIONES Y RIÃ±A TUMULTUARIA,768.0
2019-Q2,2019,2,AND,HOMICIDIOS CONSUMADOS,18.0
2019-Q2,2019,2,AND,HOMICIDIOS TENTATIVA,41.0
2019-Q2,2019,2,AND,HURTOS,23137.0
2019-Q2,2019,2,AND,RESTO CRIMINALIDAD CONVENCIONAL,49762.0
2019-Q2,2019,2,AND,RESTO DELITOS LIBERTAD SEXUAL,560.0
2019-Q2,2019,2,AND,ROBOS CON FUERZA,5313.0
2019-Q2,2019,2,AND,ROBOS CON VIOLENCIA E INTIMIDACIÃ³N,1814.0
2019-Q2,2019,2,AND,ROBOS EN DOMICILIOS,3583.0
2019-Q2,2019,2,AND,SECUESTRO,11.0
2019-Q2,2019,2,AND,SUSTRACCIONES DE VEHÃ­CULOS,1688.0
2019-Q2,2019,2,AND,TOTAL INFRACCIONES PENALES,84235.0
2019-Q2,2019,2,AND,TRÃ¡FICO DE DROGAS,1064.0
2019-Q2,2019,2,ESP,1.-AGRESIÃ³N SEXUAL CON PENETRACIÃ³N,452.0
2019-Q2,2019,2,ESP,DELITOS CONTRA LIBERTAD SEXUAL,3682.0
2019-Q2,2019,2,ESP,DELITOS GRAVES Y MENOS GRAVES DE LESIONES Y RIÃ±A TUMULTUARIA,4663.0
2019-Q2,2019,2,ESP,HOMICIDIOS CONSUMADOS,70.0
2019-Q2,2019,2,ESP,HOMICIDIOS TENTATIVA,210.0
2019-Q2,2019,2,ESP,HURTOS,174647.0
2019-Q2,2019,2,ESP,RESTO CRIMINALIDAD CONVENCIONAL,296036.0
2019-Q2,2019,2,ESP,RESTO DELITOS LIBERTAD SEXUAL,3230.0
2019-Q2,2019,2,ESP,ROBOS CON FUERZA,32955.0
2019-Q2,2019,2,ESP,ROBOS CON VIOLENCIA E INTIMIDACIÃ³N,15713.0
2019-Q2,2019,2,ESP,ROBOS EN DOMICILIOS,22133.0
2019-Q2,2019,2,ESP,SECUESTRO,25.0
2019-Q2,2019,2,ESP,SUSTRACCIONES DE VEHÃ­CULOS,8621.0
2019-Q2,2019,2,ESP,TOTAL INFRACCIONES PENALES,540664.0
2019-Q2,2019,2,ESP,TRÃ¡FICO DE DROGAS,4042.0
2019-Q3,2019,3,AND,1.-AGRESIÃ³N SEXUAL CON PENETRACIÃ³N,79.0
2019-Q3,2019,3,AND,DELITOS CONTRA LIBERTAD SEXUAL,673.0
2019-Q3,2019,3,AND,DELITOS GRAVES Y MENOS GRAVES DE LESIONES Y RIÃ±A TUMULTUARIA,1054.0
2019-Q3,2019,3,AND,HOMICIDIOS CONSUMADOS,26.0
2019-Q3,2019,3,AND,HOMICIDIOS TENTATIVA,41.0
2019-Q3,2019,3,AND,HURTOS,24886.0
2019-Q3,2019,3,AND,RESTO CRIMINALIDAD CONVENCIONAL,53127.0
2019-Q3,2019,3,AND,RESTO DELITOS LIBERTAD SEXUAL,594.0
2019-Q3,2019,3,AND,ROBOS CON FUERZA,5530.0
2019-Q3,2019,3,AND,ROBOS CON VIOLENCIA E INTIMIDACIÃ³N,1870.0
2019-Q3,2019,3,AND,ROBOS EN DOMICILIOS,4002.0
2019-Q3,2019,3,AND,SECUESTRO,2.0
2019-Q3,2019,3,AND,SUSTRACCIONES DE VEHÃ­CULOS,1646.0
2019-Q3,2019,3,AND,TOTAL INFRACCIONES PENALES,90067.0
2019-Q3,2019,3,AND,TRÃ¡FICO DE DROGAS,1212.0
2019-Q3,2019,3,ESP,1.-AGRESIÃ³N SEXUAL CON PENETRACIÃ³N,581.0
2019-Q3,2019,3,ESP,DELITOS CONTRA LIBERTAD SEXUAL,4329.0
2019-Q3,2019,3,ESP,DELITOS GRAVES Y MENOS GRAVES DE LESIONES Y RIÃ±A TUMULTUARIA,5879.0
2019-Q3,2019,3,ESP,HOMICIDIOS CONSUMADOS,104.0
2019-Q3,2019,3,ESP,HOMICIDIOS TENTATIVA,223.0
2019-Q3,2019,3,ESP,HURTOS,185646.0
2019-Q3,2019,3,ESP,RESTO CRIMINALIDAD CONVENCIONAL,314350.0
2019-Q3,2019,3,ESP,RESTO DELITOS LIBERTAD SEXUAL,3748.0
2019-Q3,2019,3,ESP,ROBOS CON FUERZA,35147.0
2019-Q3,2019,3,ESP,ROBOS CON VIOLENCIA E INTIMIDACIÃ³N,17309.0
2019-Q3,2019,3,ESP,ROBOS EN DOMICILIOS,24954.0
2019-Q3,2019,3,ESP,SECUESTRO,21.0
2019-Q3,2019,3,ESP,SUSTRACCIONES DE VEHÃ­CULOS,8783.0
2019-Q3,2019,3,ESP,TOTAL INFRACCIONES PENALES,576435.0
2019-Q3,2019,3,ESP,TRÃ¡FICO DE DROGAS,4644.0
2019-Q4,2019,4,AND,1.-AGRESIÃ³N SEXUAL CON PENETRACIÃ³N,69.0
2019-Q4,2019,4,AND,DELITOS CONTRA LIBERTAD SEXUAL,625.0
2019-Q4,2019,4,AND,DELITOS GRAVES Y MENOS GRAVES DE LESIONES Y RIÃ±A TUMULTUARIA,912.0
2019-Q4,2019,4,AND,HOMICIDIOS CONSUMADOS,23.0
2019-Q4,2019,4,AND,HOMICIDIOS TENTATIVA,45.0
2019-Q4,2019,4,AND,HURTOS,21737.0
2019-Q4,2019,4,AND,RESTO CRIMINALIDAD CONVENCIONAL,50431.0
2019-Q4,2019,4,AND,RESTO DELITOS LIBERTAD SEXUAL,556.0
2019-Q4,2019,4,AND,ROBOS CON FUERZA,5883.0
2019-Q4,2019,4,AND,ROBOS CON VIOLENCIA E INTIMIDACIÃ³N,1920.0
2019-Q4,2019,4,AND,ROBOS EN DOMICILIOS,4012.0
2019-Q4,2019,4,AND,SECUESTRO,5.0
2019-Q4,2019,4,AND,SUSTRACCIONES DE VEHÃ­CULOS,1555.0
2019-Q4,2019,4,AND,TOTAL INFRACCIONES PENALES,84192.0
2019-Q4,2019,4,AND,TRÃ¡FICO DE DROGAS,1056.0
2019-Q4,2019,4,ESP,1.-AGRESIÃ³N SEXUAL CON PENETRACIÃ³N,468.0
2019-Q4,2019,4,ESP,DELITOS CONTRA LIBERTAD SEXUAL,3751.0
2019-Q4,2019,4,ESP,DELITOS GRAVES Y MENOS GRAVES DE LESIONES Y RIÃ±A TUMULTUARIA,4956.0
2019-Q4,2019,4,ESP,HOMICIDIOS CONSUMADOS,83.0
2019-Q4,2019,4,ESP,HOMICIDIOS TENTATIVA,208.0
2019-Q4,2019,4,ESP,HURTOS,171322.0
2019-Q4,2019,4,ESP,RESTO CRIMINALIDAD CONVENCIONAL,306555.0
2019-Q4,2019,4,ESP,RESTO DELITOS LIBERTAD SEXUAL,3283.0
2019-Q4,2019,4,ESP,ROBOS CON FUERZA,37521.0
2019-Q4,2019,4,ESP,ROBOS CON VIOLENCIA E INTIMIDACIÃ³N,17705.0
2019-Q4,2019,4,ESP,ROBOS EN DOMICILIOS,26144.0
2019-Q4,2019,4,ESP,SECUESTRO,18.0
2019-Q4,2019,4,ESP,SUSTRACCIONES DE VEHÃ­CULOS,8965.0
2019-Q4,2019,4,ESP,TOTAL INFRACCIONES PENALES,555003.0
2019-Q4,2019,4,ESP,TRÃ¡FICO DE DROGAS,3919.0
2020-Q1,2020,1,AND,1.-AGRESIÃ³N SEXUAL CON PENETRACIÃ³N,57.0
2020-Q1,2020,1,AND,DELITOS CONTRA LIBERTAD SEXUAL,532.0
2020-Q1,2020,1,AND,DELITOS GRAVES Y MENOS GRAVES DE LESIONES Y RIÃ±A TUMULTUARIA,767.0
2020-Q1,2020,1,AND,HOMICIDIOS CONSUMADOS,17.0
2020-Q1,2020,1,AND,HOMICIDIOS TENTATIVA,50.0
2020-Q1,2020,1,AND,HURTOS,18095.0
2020-Q1,2020,1,AND,RESTO CRIMINALIDAD CONVENCIONAL,47517.0
2020-Q1,2020,1,AND,RESTO DELITOS LIBERTAD SEXUAL,475.0
2020-Q1,2020,1,AND,ROBOS CON FUERZA,5188.0
2020-Q1,2020,1,AND,ROBOS CON VIOLENCIA E INTIMIDACIÃ³N,1570.0
2020-Q1,2020,1,AND,ROBOS EN DOMICILIOS,3465.0
2020-Q1,2020,1,AND,SECUESTRO,6.0
2020-Q1,2020,1,AND,SUSTRACCIONES DE VEHÃ­CULOS,1374.0
2020-Q1,2020,1,AND,TOTAL INFRACCIONES PENALES,76154.0
2020-Q1,2020,1,AND,TRÃ¡FICO DE DROGAS,1038.0
2020-Q1,2020,1,ESP,1.-AGRESIÃ³N SEXUAL CON PENETRACIÃ³N,428.0
2020-Q1,2020,1,ESP,DELITOS CONTRA LIBERTAD SEXUAL,3355.0
2020-Q1,2020,1,ESP,DELITOS GRAVES Y MENOS GRAVES DE LESIONES Y RIÃ±A TUMULTUARIA,4087.0
2020-Q1,2020,1,ESP,HOMICIDIOS CONSUMADOS,84.0
2020-Q1,2020,1,ESP,HOMICIDIOS TENTATIVA,184.0
2020-Q1,2020,1,ESP,HURTOS,138598.0
2020-Q1,2020,1,ESP,RESTO CRIMINALIDAD CONVENCIONAL,277684.0
2020-Q1,2020,1,ESP,RESTO DELITOS LIBERTAD SEXUAL,2927.0
2020-Q1,2020,1,ESP,ROBOS CON FUERZA,31933.0
2020-Q1,2020,1,ESP,ROBOS CON VIOLENCIA E INTIMIDACIÃ³N,14602.0
2020-Q1,2020,1,ESP,ROBOS EN DOMICILIOS,21090.0
2020-Q1,2020,1,ESP,SECUESTRO,19.0
2020-Q1,2020,1,ESP,SUSTRACCIONES DE VEHÃ­CULOS,7470.0
2020-Q1,2020,1,ESP,TOTAL INFRACCIONES PENALES,481872.0
2020-Q1,2020,1,ESP,TRÃ¡FICO DE DROGAS,3856.0
2020-Q2,2020,2,AND,1.-AGRESIÃ³N SEXUAL CON PENETRACIÃ³N,44.0
2020-Q2,2020,2,AND,DELITOS CONTRA LIBERTAD SEXUAL,477.0
2020-Q2,2020,2,AND,DELITOS GRAVES Y MENOS GRAVES DE LESIONES Y RIÃ±A TUMULTUARIA,588.0
2020-Q2,2020,2,AND,HOMICIDIOS CONSUMADOS,12.0
2020-Q2,2020,2,AND,HOMICIDIOS TENTATIVA,66.0
2020-Q2,2020,2,AND,HURTOS,7919.0
2020-Q2,2020,2,AND,RESTO CRIMINALIDAD CONVENCIONAL,41268.0
2020-Q2,2020,2,AND,RESTO DELITOS LIBERTAD SEXUAL,433.0
2020-Q2,2020,2,AND,ROBOS CON FUERZA,3098.0
2020-Q2,2020,2,AND,ROBOS CON VIOLENCIA E INTIMIDACIÃ³N,807.0
2020-Q2,2020,2,AND,ROBOS EN DOMICILIOS,2263.0
2020-Q2,2020,2,AND,SECUESTRO,6.0
2020-Q2,2020,2,AND,SUSTRACCIONES DE VEHÃ­CULOS,770.0
2020-Q2,2020,2,AND,TOTAL INFRACCIONES PENALES,56115.0
2020-Q2,2020,2,AND,TRÃ¡FICO DE DROGAS,1104.0
2020-Q2,2020,2,ESP,1.-AGRESIÃ³N SEXUAL CON PENETRACIÃ³N,355.0
2020-Q2,2020,2,ESP,DELITOS CONTRA LIBERTAD SEXUAL,2784.0
2020-Q2,2020,2,ESP,DELITOS GRAVES Y MENOS GRAVES DE LESIONES Y RIÃ±A TUMULTUARIA,3171.0
2020-Q2,2020,2,ESP,HOMICIDIOS CONSUMADOS,59.0
2020-Q2,2020,2,ESP,HOMICIDIOS TENTATIVA,227.0
2020-Q2,2020,2,ESP,HURTOS,51461.0
2020-Q2,2020,2,ESP,RESTO CRIMINALIDAD CONVENCIONAL,232762.0
2020-Q2,2020,2,ESP,RESTO DELITOS LIBERTAD SEXUAL,2429.0
2020-Q2,2020,2,ESP,ROBOS CON FUERZA,16267.0
2020-Q2,2020,2,ESP,ROBOS CON VIOLENCIA E INTIMIDACIÃ³N,6674.0
2020-Q2,2020,2,ESP,ROBOS EN DOMICILIOS,11161.0
2020-Q2,2020,2,ESP,SECUESTRO,17.0
2020-Q2,2020,2,ESP,SUSTRACCIONES DE VEHÃ­CULOS,4080.0
2020-Q2,2020,2,ESP,TOTAL INFRACCIONES PENALES,321737.0
2020-Q2,2020,2,ESP,TRÃ¡FICO DE DROGAS,4215.0
2020-Q3,2020,3,AND,1.-AGRESIÃ³N SEXUAL CON PENETRACIÃ³N,74.0
2020-Q3,2020,3,AND,DELITOS CONTRA LIBERTAD SEXUAL,656.0
2020-Q3,2020,3,AND,DELITOS GRAVES Y MENOS GRAVES DE LESIONES Y RIÃ±A TUMULTUARIA,960.0
2020-Q3,2020,3,AND,HOMICIDIOS CONSUMADOS,18.0
2020-Q3,2020,3,AND,HOMICIDIOS TENTATIVA,74.0
2020-Q3,2020,3,AND,HURTOS,17918.0
2020-Q3,2020,3,AND,RESTO CRIMINALIDAD CONVENCIONAL,55265.0
2020-Q3,2020,3,AND,RESTO DELITOS LIBERTAD SEXUAL,582.0
2020-Q3,2020,3,AND,ROBOS CON FUERZA,5140.0
2020-Q3,2020,3,AND,ROBOS CON VIOLENCIA E INTIMIDACIÃ³N,1635.0
2020-Q3,2020,3,AND,ROBOS EN DOMICILIOS,3659.0
2020-Q3,2020,3,AND,SECUESTRO,6.0
2020-Q3,2020,3,AND,SUSTRACCIONES DE VEHÃ­CULOS,1575.0
2020-Q3,2020,3,AND,TOTAL INFRACCIONES PENALES,84561.0
2020-Q3,2020,3,AND,TRÃ¡FICO DE DROGAS,1314.0
2020-Q3,2020,3,ESP,1.-AGRESIÃ³N SEXUAL CON PENETRACIÃ³N,498.0
2020-Q3,2020,3,ESP,DELITOS CONTRA LIBERTAD SEXUAL,4015.0
2020-Q3,2020,3,ESP,DELITOS GRAVES Y MENOS GRAVES DE LESIONES Y RIÃ±A TUMULTUARIA,5211.0
2020-Q3,2020,3,ESP,HOMICIDIOS CONSUMADOS,89.0
2020-Q3,2020,3,ESP,HOMICIDIOS TENTATIVA,314.0
2020-Q3,2020,3,ESP,HURTOS,119854.0
2020-Q3,2020,3,ESP,RESTO CRIMINALIDAD CONVENCIONAL,323713.0
2020-Q3,2020,3,ESP,RESTO DELITOS LIBERTAD SEXUAL,3517.0
2020-Q3,2020,3,ESP,ROBOS CON FUERZA,29298.0
2020-Q3,2020,3,ESP,ROBOS CON VIOLENCIA E INTIMIDACIÃ³N,13937.0
2020-Q3,2020,3,ESP,ROBOS EN DOMICILIOS,20640.0
2020-Q3,2020,3,ESP,SECUESTRO,25.0
2020-Q3,2020,3,ESP,SUSTRACCIONES DE VEHÃ­CULOS,7845.0
2020-Q3,2020,3,ESP,TOTAL INFRACCIONES PENALES,508872.0
2020-Q3,2020,3,ESP,TRÃ¡FICO DE DROGAS,4591.0
2020-Q4,2020,4,AND,1.-AGRESIÃ³N SEXUAL CON PENETRACIÃ³N,65.0
2020-Q4,2020,4,AND,DELITOS CONTRA LIBERTAD SEXUAL,550.0
2020-Q4,2020,4,AND,DELITOS GRAVES Y MENOS GRAVES DE LESIONES Y RIÃ±A TUMULTUARIA,739.0
2020-Q4,2020,4,AND,HOMICIDIOS CONSUMADOS,13.0
2020-Q4,2020,4,AND,HOMICIDIOS TENTATIVA,48.0
2020-Q4,2020,4,AND,HURTOS,13638.0
2020-Q4,2020,4,AND,RESTO CRIMINALIDAD CONVENCIONAL,48879.0
2020-Q4,2020,4,AND,RESTO DELITOS LIBERTAD SEXUAL,485.0
2020-Q4,2020,4,AND,ROBOS CON FUERZA,4141.0
2020-Q4,2020,4,AND,ROBOS CON VIOLENCIA E INTIMIDACIÃ³N,1196.0
2020-Q4,2020,4,AND,ROBOS EN DOMICILIOS,2731.0
2020-Q4,2020,4,AND,SECUESTRO,5.0
2020-Q4,2020,4,AND,SUSTRACCIONES DE VEHÃ­CULOS,1228.0
2020-Q4,2020,4,AND,TOTAL INFRACCIONES PENALES,71664.0
2020-Q4,2020,4,AND,TRÃ¡FICO DE DROGAS,1227.0
2020-Q4,2020,4,ESP,1.-AGRESIÃ³N SEXUAL CON PENETRACIÃ³N,321.0
2020-Q4,2020,4,ESP,DELITOS CONTRA LIBERTAD SEXUAL,3086.0
2020-Q4,2020,4,ESP,DELITOS GRAVES Y MENOS GRAVES DE LESIONES Y RIÃ±A TUMULTUARIA,3544.0
2020-Q4,2020,4,ESP,HOMICIDIOS CONSUMADOS,67.0
2020-Q4,2020,4,ESP,HOMICIDIOS TENTATIVA,184.0
2020-Q4,2020,4,ESP,HURTOS,111335.0
2020-Q4,2020,4,ESP,RESTO CRIMINALIDAD CONVENCIONAL,295650.0
2020-Q4,2020,4,ESP,RESTO DELITOS LIBERTAD SEXUAL,2765.0
2020-Q4,2020,4,ESP,ROBOS CON FUERZA,25795.0
2020-Q4,2020,4,ESP,ROBOS CON VIOLENCIA E INTIMIDACIÃ³N,10259.0
2020-Q4,2020,4,ESP,ROBOS EN DOMICILIOS,17590.0
2020-Q4,2020,4,ESP,SECUESTRO,18.0
2020-Q4,2020,4,ESP,SUSTRACCIONES DE VEHÃ­CULOS,6613.0
2020-Q4,2020,4,ESP,TOTAL INFRACCIONES PENALES,460885.0
2020-Q4,2020,4,ESP,TRÃ¡FICO DE DROGAS,4334.0
2021-Q1,2021,1,AND,1.-AGRESIÃ³N SEXUAL CON PENETRACIÃ³N,56.0
2021-Q1,2021,1,AND,DELITOS CONTRA LIBERTAD SEXUAL,581.0
2021-Q1,2021,1,AND,DELITOS GRAVES Y MENOS GRAVES DE LESIONES Y RIÃ±A TUMULTUARIA,658.0
2021-Q1,2021,1,AND,HOMICIDIOS CONSUMADOS,16.0
2021-Q1,2021,1,AND,HOMICIDIOS TENTATIVA,43.0
2021-Q1,2021,1,AND,HURTOS,13180.0
2021-Q1,2021,1,AND,RESTO CRIMINALIDAD CONVENCIONAL,48493.0
2021-Q1,2021,1,AND,RESTO DELITOS LIBERTAD SEXUAL,525.0
2021-Q1,2021,1,AND,ROBOS CON FUERZA,3658.0
2021-Q1,2021,1,AND,ROBOS CON VIOLENCIA E INTIMIDACIÃ³N,1186.0
2021-Q1,2021,1,AND,ROBOS EN DOMICILIOS,2486.0
2021-Q1,2021,1,AND,SECUESTRO,2.0
2021-Q1,2021,1,AND,SUSTRACCIONES DE VEHÃ­CULOS,984.0
2021-Q1,2021,1,AND,TOTAL INFRACCIONES PENALES,69927.0
2021-Q1,2021,1,AND,TRÃ¡FICO DE DROGAS,1126.0
2021-Q1,2021,1,ESP,1.-AGRESIÃ³N SEXUAL CON PENETRACIÃ³N,426.0
2021-Q1,2021,1,ESP,DELITOS CONTRA LIBERTAD SEXUAL,3448.0
2021-Q1,2021,1,ESP,DELITOS GRAVES Y MENOS GRAVES DE LESIONES Y RIÃ±A TUMULTUARIA,3404.0
2021-Q1,2021,1,ESP,HOMICIDIOS CONSUMADOS,60.0
2021-Q1,2021,1,ESP,HOMICIDIOS TENTATIVA,190.0
2021-Q1,2021,1,ESP,HURTOS,96112.0
2021-Q1,2021,1,ESP,RESTO CRIMINALIDAD CONVENCIONAL,283731.0
2021-Q1,2021,1,ESP,RESTO DELITOS LIBERTAD SEXUAL,3022.0
2021-Q1,2021,1,ESP,ROBOS CON FUERZA,23359.0
2021-Q1,2021,1,ESP,ROBOS CON VIOLENCIA E INTIMIDACIÃ³N,11073.0
2021-Q1,2021,1,ESP,ROBOS EN DOMICILIOS,16465.0
2021-Q1,2021,1,ESP,SECUESTRO,19.0
2021-Q1,2021,1,ESP,SUSTRACCIONES DE VEHÃ­CULOS,5393.0
2021-Q1,2021,1,ESP,TOTAL INFRACCIONES PENALES,431065.0
2021-Q1,2021,1,ESP,TRÃ¡FICO DE DROGAS,4276.0
2021-Q2,2021,2,AND,1.-AGRESIÃ³N SEXUAL CON PENETRACIÃ³N,85.0
2021-Q2,2021,2,AND,DELITOS CONTRA LIBERTAD SEXUAL,749.0
2021-Q2,2021,2,AND,DELITOS GRAVES Y MENOS GRAVES DE LESIONES Y RIÃ±A TUMULTUARIA,877.0
2021-Q2,2021,2,AND,HOMICIDIOS CONSUMADOS,13.0
2021-Q2,2021,2,AND,HOMICIDIOS TENTATIVA,51.0
2021-Q2,2021,2,AND,HURTOS,16361.0
2021-Q2,2021,2,AND,RESTO CRIMINALIDAD CONVENCIONAL,50952.0
2021-Q2,2021,2,AND,RESTO DELITOS LIBERTAD SEXUAL,664.0
2021-Q2,2021,2,AND,ROBOS CON FUERZA,3800.0
2021-Q2,2021,2,AND,ROBOS CON VIOLENCIA E INTIMIDACIÃ³N,1359.0
2021-Q2,2021,2,AND,ROBOS EN DOMICILIOS,2627.0
2021-Q2,2021,2,AND,SECUESTRO,9.0
2021-Q2,2021,2,AND,SUSTRACCIONES DE VEHÃ­CULOS,1293.0
2021-Q2,2021,2,AND,TOTAL INFRACCIONES PENALES,76761.0
2021-Q2,2021,2,AND,TRÃ¡FICO DE DROGAS,1297.0
2021-Q2,2021,2,ESP,1.-AGRESIÃ³N SEXUAL CON PENETRACIÃ³N,529.0
2021-Q2,2021,2,ESP,DELITOS CONTRA LIBERTAD SEXUAL,4450.0
2021-Q2,2021,2,ESP,DELITOS GRAVES Y MENOS GRAVES DE LESIONES Y RIÃ±A TUMULTUARIA,4928.0
2021-Q2,2021,2,ESP,HOMICIDIOS CONSUMADOS,80.0
2021-Q2,2021,2,ESP,HOMICIDIOS TENTATIVA,277.0
2021-Q2,2021,2,ESP,HURTOS,115756.0
2021-Q2,2021,2,ESP,RESTO CRIMINALIDAD CONVENCIONAL,294830.0
2021-Q2,2021,2,ESP,RESTO DELITOS LIBERTAD SEXUAL,3921.0
2021-Q2,2021,2,ESP,ROBOS CON FUERZA,23686.0
2021-Q2,2021,2,ESP,ROBOS CON VIOLENCIA E INTIMIDACIÃ³N,11932.0
2021-Q2,2021,2,ESP,ROBOS EN DOMICILIOS,16828.0
2021-Q2,2021,2,ESP,SECUESTRO,24.0
2021-Q2,2021,2,ESP,SUSTRACCIONES DE VEHÃ­CULOS,6713.0
2021-Q2,2021,2,ESP,TOTAL INFRACCIONES PENALES,467451.0
2021-Q2,2021,2,ESP,TRÃ¡FICO DE DROGAS,4775.0
2021-Q3,2021,3,AND,1.-AGRESIÃ³N SEXUAL CON PENETRACIÃ³N,71.0
2021-Q3,2021,3,AND,DELITOS CONTRA LIBERTAD SEXUAL,682.0
2021-Q3,2021,3,AND,DELITOS GRAVES Y MENOS GRAVES DE LESIONES Y RIÃ±A TUMULTUARIA,1066.0
2021-Q3,2021,3,AND,HOMICIDIOS CONSUMADOS,14.0
2021-Q3,2021,3,AND,HOMICIDIOS TENTATIVA,68.0
2021-Q3,2021,3,AND,HURTOS,19747.0
2021-Q3,2021,3,AND,RESTO CRIMINALIDAD CONVENCIONAL,53544.0
2021-Q3,2021,3,AND,RESTO DELITOS LIBERTAD SEXUAL,611.0
2021-Q3,2021,3,AND,ROBOS CON FUERZA,4571.0
2021-Q3,2021,3,AND,ROBOS CON VIOLENCIA E INTIMIDACIÃ³N,1552.0
2021-Q3,2021,3,AND,ROBOS EN DOMICILIOS,3355.0
2021-Q3,2021,3,AND,SECUESTRO,7.0
2021-Q3,2021,3,AND,SUSTRACCIONES DE VEHÃ­CULOS,1379.0
2021-Q3,2021,3,AND,TOTAL INFRACCIONES PENALES,83883.0
2021-Q3,2021,3,AND,TRÃ¡FICO DE DROGAS,1253.0
2021-Q3,2021,3,ESP,1.-AGRESIÃ³N SEXUAL CON PENETRACIÃ³N,646.0
2021-Q3,2021,3,ESP,DELITOS CONTRA LIBERTAD SEXUAL,4740.0
2021-Q3,2021,3,ESP,DELITOS GRAVES Y MENOS GRAVES DE LESIONES Y RIÃ±A TUMULTUARIA,5978.0
2021-Q3,2021,3,ESP,HOMICIDIOS CONSUMADOS,66.0
2021-Q3,2021,3,ESP,HOMICIDIOS TENTATIVA,279.0
2021-Q3,2021,3,ESP,HURTOS,137565.0
2021-Q3,2021,3,ESP,RESTO CRIMINALIDAD CONVENCIONAL,319351.0
2021-Q3,2021,3,ESP,RESTO DELITOS LIBERTAD SEXUAL,4094.0
2021-Q3,2021,3,ESP,ROBOS CON FUERZA,28403.0
2021-Q3,2021,3,ESP,ROBOS CON VIOLENCIA E INTIMIDACIÃ³N,14462.0
2021-Q3,2021,3,ESP,ROBOS EN DOMICILIOS,21017.0
2021-Q3,2021,3,ESP,SECUESTRO,30.0
2021-Q3,2021,3,ESP,SUSTRACCIONES DE VEHÃ­CULOS,7061.0
2021-Q3,2021,3,ESP,TOTAL INFRACCIONES PENALES,522828.0
2021-Q3,2021,3,ESP,TRÃ¡FICO DE DROGAS,4893.0
2021-Q4,2021,4,AND,1.-AGRESIÃ³N SEXUAL CON PENETRACIÃ³N,69.0
2021-Q4,2021,4,AND,DELITOS CONTRA LIBERTAD SEXUAL,678.0
2021-Q4,2021,4,AND,DELITOS GRAVES Y MENOS GRAVES DE LESIONES Y RIÃ±A TUMULTUARIA,1047.0
2021-Q4,2021,4,AND,HOMICIDIOS CONSUMADOS,12.0
2021-Q4,2021,4,AND,HOMICIDIOS TENTATIVA,57.0
2021-Q4,2021,4,AND,HURTOS,19628.0
2021-Q4,2021,4,AND,RESTO CRIMINALIDAD CONVENCIONAL,54394.0
2021-Q4,2021,4,AND,RESTO DELITOS LIBERTAD SEXUAL,609.0
2021-Q4,2021,4,AND,ROBOS CON FUERZA,4352.0
2021-Q4,2021,4,AND,ROBOS CON VIOLENCIA E INTIMIDACIÃ³N,1814.0
2021-Q4,2021,4,AND,ROBOS EN DOMICILIOS,2989.0
2021-Q4,2021,4,AND,SECUESTRO,9.0
2021-Q4,2021,4,AND,SUSTRACCIONES DE VEHÃ­CULOS,1192.0
2021-Q4,2021,4,AND,TOTAL INFRACCIONES PENALES,84323.0
2021-Q4,2021,4,AND,TRÃ¡FICO DE DROGAS,1140.0
2021-Q4,2021,4,ESP,1.-AGRESIÃ³N SEXUAL CON PENETRACIÃ³N,542.0
2021-Q4,2021,4,ESP,DELITOS CONTRA LIBERTAD SEXUAL,4378.0
2021-Q4,2021,4,ESP,DELITOS GRAVES Y MENOS GRAVES DE LESIONES Y RIÃ±A TUMULTUARIA,5942.0
2021-Q4,2021,4,ESP,HOMICIDIOS CONSUMADOS,84.0
2021-Q4,2021,4,ESP,HOMICIDIOS TENTATIVA,286.0
2021-Q4,2021,4,ESP,HURTOS,144046.0
2021-Q4,2021,4,ESP,RESTO CRIMINALIDAD CONVENCIONAL,324564.0
2021-Q4,2021,4,ESP,RESTO DELITOS LIBERTAD SEXUAL,3836.0
2021-Q4,2021,4,ESP,ROBOS CON FUERZA,29826.0
2021-Q4,2021,4,ESP,ROBOS CON VIOLENCIA E INTIMIDACIÃ³N,15606.0
2021-Q4,2021,4,ESP,ROBOS EN DOMICILIOS,21191.0
2021-Q4,2021,4,ESP,SECUESTRO,24.0
2021-Q4,2021,4,ESP,SUSTRACCIONES DE VEHÃ­CULOS,7250.0
2021-Q4,2021,4,ESP,TOTAL INFRACCIONES PENALES,536375.0
2021-Q4,2021,4,ESP,TRÃ¡FICO DE DROGAS,4369.0
2022-Q1,2022,1,AND,1.-AGRESIÃ³N SEXUAL CON PENETRACIÃ³N,76.0
2022-Q1,2022,1,AND,DELITOS CONTRA LIBERTAD SEXUAL,751.0
2022-Q1,2022,1,AND,DELITOS GRAVES Y MENOS GRAVES DE LESIONES Y RIÃ±A TUMULTUARIA,989.0
2022-Q1,2022,1,AND,HOMICIDIOS CONSUMADOS,13.0
2022-Q1,2022,1,AND,HOMICIDIOS TENTATIVA,56.0
2022-Q1,2022,1,AND,HURTOS,20242.0
2022-Q1,2022,1,AND,RESTO CRIMINALIDAD CONVENCIONAL,57818.0
2022-Q1,2022,1,AND,RESTO DELITOS LIBERTAD SEXUAL,675.0
2022-Q1,2022,1,AND,ROBOS CON FUERZA,4404.0
2022-Q1,2022,1,AND,ROBOS CON VIOLENCIA E INTIMIDACIÃ³N,1792.0
2022-Q1,2022,1,AND,ROBOS EN DOMICILIOS,3013.0
2022-Q1,2022,1,AND,SECUESTRO,4.0
2022-Q1,2022,1,AND,SUSTRACCIONES DE VEHÃ­CULOS,1207.0
2022-Q1,2022,1,AND,TOTAL INFRACCIONES PENALES,88408.0
2022-Q1,2022,1,AND,TRÃ¡FICO DE DROGAS,1132.0
2022-Q1,2022,1,ESP,1.-AGRESIÃ³N SEXUAL CON PENETRACIÃ³N,544.0
2022-Q1,2022,1,ESP,DELITOS CONTRA LIBERTAD SEXUAL,4191.0
2022-Q1,2022,1,ESP,DELITOS GRAVES Y MENOS GRAVES DE LESIONES Y RIÃ±A TUMULTUARIA,5364.0
2022-Q1,2022,1,ESP,HOMICIDIOS CONSUMADOS,74.0
2022-Q1,2022,1,ESP,HOMICIDIOS TENTATIVA,244.0
2022-Q1,2022,1,ESP,HURTOS,145399.0
2022-Q1,2022,1,ESP,RESTO CRIMINALIDAD CONVENCIONAL,338405.0
2022-Q1,2022,1,ESP,RESTO DELITOS LIBERTAD SEXUAL,3647.0
2022-Q1,2022,1,ESP,ROBOS CON FUERZA,29913.0
2022-Q1,2022,1,ESP,ROBOS CON VIOLENCIA E INTIMIDACIÃ³N,14892.0
2022-Q1,2022,1,ESP,ROBOS EN DOMICILIOS,20933.0
2022-Q1,2022,1,ESP,SECUESTRO,14.0
2022-Q1,2022,1,ESP,SUSTRACCIONES DE VEHÃ­CULOS,7172.0
2022-Q1,2022,1,ESP,TOTAL INFRACCIONES PENALES,550150.0
2022-Q1,2022,1,ESP,TRÃ¡FICO DE DROGAS,4482.0
2022-Q2,2022,2,AND,1.-AGRESIÃ³N SEXUAL CON PENETRACIÃ³N,88.0
2022-Q2,2022,2,AND,DELITOS CONTRA LIBERTAD SEXUAL,855.0
2022-Q2,2022,2,AND,DELITOS GRAVES Y MENOS GRAVES DE LESIONES Y RIÃ±A TUMULTUARIA,1262.0
2022-Q2,2022,2,AND,HOMICIDIOS CONSUMADOS,24.0
2022-Q2,2022,2,AND,HOMICIDIOS TENTATIVA,70.0
2022-Q2,2022,2,AND,HURTOS,22698.0
2022-Q2,2022,2,AND,RESTO CRIMINALIDAD CONVENCIONAL,60632.0
2022-Q2,2022,2,AND,RESTO DELITOS LIBERTAD SEXUAL,767.0
2022-Q2,2022,2,AND,ROBOS CON FUERZA,4777.0
2022-Q2,2022,2,AND,ROBOS CON VIOLENCIA E INTIMIDACIÃ³N,1754.0
2022-Q2,2022,2,AND,ROBOS EN DOMICILIOS,3404.0
2022-Q2,2022,2,AND,SECUESTRO,5.0
2022-Q2,2022,2,AND,SUSTRACCIONES DE VEHÃ­CULOS,1440.0
2022-Q2,2022,2,AND,TOTAL INFRACCIONES PENALES,94772.0
2022-Q2,2022,2,AND,TRÃ¡FICO DE DROGAS,1255.0
2022-Q2,2022,2,ESP,1.-AGRESIÃ³N SEXUAL CON PENETRACIÃ³N,667.0
2022-Q2,2022,2,ESP,DELITOS CONTRA LIBERTAD SEXUAL,5198.0
2022-Q2,2022,2,ESP,DELITOS GRAVES Y MENOS GRAVES DE LESIONES Y RIÃ±A TUMULTUARIA,6995.0
2022-Q2,2022,2,ESP,HOMICIDIOS CONSUMADOS,84.0
2022-Q2,2022,2,ESP,HOMICIDIOS TENTATIVA,301.0
2022-Q2,2022,2,ESP,HURTOS,160870.0
2022-Q2,2022,2,ESP,RESTO CRIMINALIDAD CONVENCIONAL,347434.0
2022-Q2,2022,2,ESP,RESTO DELITOS LIBERTAD SEXUAL,4531.0
2022-Q2,2022,2,ESP,ROBOS CON FUERZA,27924.0
2022-Q2,2022,2,ESP,ROBOS CON VIOLENCIA E INTIMIDACIÃ³N,15547.0
2022-Q2,2022,2,ESP,ROBOS EN DOMICILIOS,19864.0
2022-Q2,2022,2,ESP,SECUESTRO,25.0
2022-Q2,2022,2,ESP,SUSTRACCIONES DE VEHÃ­CULOS,7680.0
2022-Q2,2022,2,ESP,TOTAL INFRACCIONES PENALES,576997.0
2022-Q2,2022,2,ESP,TRÃ¡FICO DE DROGAS,4939.0
2022-Q3,2022,3,AND,1.-AGRESIÃ³N SEXUAL CON PENETRACIÃ³N,93.0
2022-Q3,2022,3,AND,DELITOS CONTRA LIBERTAD SEXUAL,795.0
2022-Q3,2022,3,AND,DELITOS GRAVES Y MENOS GRAVES DE LESIONES Y RIÃ±A TUMULTUARIA,1417.0
2022-Q3,2022,3,AND,HOMICIDIOS CONSUMADOS,21.0
2022-Q3,2022,3,AND,HOMICIDIOS TENTATIVA,81.0
2022-Q3,2022,3,AND,HURTOS,24109.0
2022-Q3,2022,3,AND,RESTO CRIMINALIDAD CONVENCIONAL,65251.0
2022-Q3,2022,3,AND,RESTO DELITOS LIBERTAD SEXUAL,702.0
2022-Q3,2022,3,AND,ROBOS CON FUERZA,4936.0
2022-Q3,2022,3,AND,ROBOS CON VIOLENCIA E INTIMIDACIÃ³N,1950.0
2022-Q3,2022,3,AND,ROBOS EN DOMICILIOS,3685.0
2022-Q3,2022,3,AND,SECUESTRO,4.0
2022-Q3,2022,3,AND,SUSTRACCIONES DE VEHÃ­CULOS,1531.0
2022-Q3,2022,3,AND,TOTAL INFRACCIONES PENALES,101256.0
2022-Q3,2022,3,AND,TRÃ¡FICO DE DROGAS,1161.0
2022-Q3,2022,3,ESP,1.-AGRESIÃ³N SEXUAL CON PENETRACIÃ³N,731.0
2022-Q3,2022,3,ESP,DELITOS CONTRA LIBERTAD SEXUAL,5285.0
2022-Q3,2022,3,ESP,DELITOS GRAVES Y MENOS GRAVES DE LESIONES Y RIÃ±A TUMULTUARIA,7717.0
2022-Q3,2022,3,ESP,HOMICIDIOS CONSUMADOS,79.0
2022-Q3,2022,3,ESP,HOMICIDIOS TENTATIVA,323.0
2022-Q3,2022,3,ESP,HURTOS,171665.0
2022-Q3,2022,3,ESP,RESTO CRIMINALIDAD CONVENCIONAL,362055.0
2022-Q3,2022,3,ESP,RESTO DELITOS LIBERTAD SEXUAL,4554.0
2022-Q3,2022,3,ESP,ROBOS CON FUERZA,30483.0
2022-Q3,2022,3,ESP,ROBOS CON VIOLENCIA E INTIMIDACIÃ³N,16854.0
2022-Q3,2022,3,ESP,ROBOS EN DOMICILIOS,22610.0
2022-Q3,2022,3,ESP,SECUESTRO,16.0
2022-Q3,2022,3,ESP,SUSTRACCIONES DE VEHÃ­CULOS,8061.0
2022-Q3,2022,3,ESP,TOTAL INFRACCIONES PENALES,607478.0
2022-Q3,2022,3,ESP,TRÃ¡FICO DE DROGAS,4940.0
2022-Q4,2022,4,AND,1.-AGRESIÃ³N SEXUAL CON PENETRACIÃ³N,121.0
2022-Q4,2022,4,AND,CIBERCRIMINALIDAD TOTAL,56996.0
2022-Q4,2022,4,AND,CRIMINALIDAD CONVENCIONAL TOTAL,322544.0
2022-Q4,2022,4,AND,DELITOS CONTRA LIBERTAD SEXUAL,2666.0
2022-Q4,2022,4,AND,DELITOS GRAVES Y MENOS GRAVES DE LESIONES Y RIÃ±A TUMULTUARIA,4836.0
2022-Q4,2022,4,AND,ESTAFAS INFORMÃ¡TICAS,49432.0
2022-Q4,2022,4,AND,HOMICIDIOS CONSUMADOS,74.0
2022-Q4,2022,4,AND,HOMICIDIOS TENTATIVA,283.0
2022-Q4,2022,4,AND,HURTOS,89115.0
2022-Q4,2022,4,AND,OTROS CIBERDELITOS,7564.0
2022-Q4,2022,4,AND,RESTO CRIMINALIDAD CONVENCIONAL,189221.0
2022-Q4,2022,4,AND,RESTO DELITOS LIBERTAD SEXUAL,2288.0
2022-Q4,2022,4,AND,ROBOS CON FUERZA,18734.0
2022-Q4,2022,4,AND,ROBOS CON VIOLENCIA E INTIMIDACIÃ³N,7360.0
2022-Q4,2022,4,AND,ROBOS EN DOMICILIOS,3140.0
2022-Q4,2022,4,AND,SECUESTRO,22.0
2022-Q4,2022,4,AND,SUSTRACCIONES DE VEHÃ­CULOS,5625.0
2022-Q4,2022,4,AND,TOTAL INFRACCIONES PENALES,379540.0
2022-Q4,2022,4,AND,TRÃ¡FICO DE DROGAS,4608.0
2022-Q4,2022,4,ESP,1.-AGRESIÃ³N SEXUAL CON PENETRACIÃ³N,928.0
2022-Q4,2022,4,ESP,CIBERCRIMINALIDAD TOTAL,375506.0
2022-Q4,2022,4,ESP,CRIMINALIDAD CONVENCIONAL TOTAL,1949852.0
2022-Q4,2022,4,ESP,DELITOS CONTRA LIBERTAD SEXUAL,17389.0
2022-Q4,2022,4,ESP,DELITOS GRAVES Y MENOS GRAVES DE LESIONES Y RIÃ±A TUMULTUARIA,26422.0
2022-Q4,2022,4,ESP,ESTAFAS INFORMÃ¡TICAS,336778.0
2022-Q4,2022,4,ESP,HOMICIDIOS CONSUMADOS,325.0
2022-Q4,2022,4,ESP,HOMICIDIOS TENTATIVA,1208.0
2022-Q4,2022,4,ESP,HURTOS,642579.0
2022-Q4,2022,4,ESP,OTROS CIBERDELITOS,38728.0
2022-Q4,2022,4,ESP,RESTO CRIMINALIDAD CONVENCIONAL,1027461.0
2022-Q4,2022,4,ESP,RESTO DELITOS LIBERTAD SEXUAL,14519.0
2022-Q4,2022,4,ESP,ROBOS CON FUERZA,120676.0
2022-Q4,2022,4,ESP,ROBOS CON VIOLENCIA E INTIMIDACIÃ³N,63711.0
2022-Q4,2022,4,ESP,ROBOS EN DOMICILIOS,22901.0
2022-Q4,2022,4,ESP,SECUESTRO,85.0
2022-Q4,2022,4,ESP,SUSTRACCIONES DE VEHÃ­CULOS,30982.0
2022-Q4,2022,4,ESP,TOTAL INFRACCIONES PENALES,2325358.0
2022-Q4,2022,4,ESP,TRÃ¡FICO DE DROGAS,19014.0
2023-Q1,2023,1,AND,1.-AGRESIÃ³N SEXUAL CON PENETRACIÃ³N,127.0
2023-Q1,2023,1,AND,CIBERCRIMINALIDAD TOTAL,17747.0
2023-Q1,2023,1,AND,CRIMINALIDAD CONVENCIONAL TOTAL,79848.0
2023-Q1,2023,1,AND,DELITOS CONTRA LIBERTAD SEXUAL,723.0
2023-Q1,2023,1,AND,DELITOS GRAVES Y MENOS GRAVES DE LESIONES Y RIÃ±A TUMULTUARIA,1072.0
2023-Q1,2023,1,AND,ESTAFAS INFORMÃ¡TICAS,15720.0
2023-Q1,2023,1,AND,HOMICIDIOS CONSUMADOS,22.0
2023-Q1,2023,1,AND,HOMICIDIOS TENTATIVA,66.0
2023-Q1,2023,1,AND,HURTOS,23042.0
2023-Q1,2023,1,AND,OTROS CIBERDELITOS,2027.0
2023-Q1,2023,1,AND,RESTO CRIMINALIDAD CONVENCIONAL,45722.0
2023-Q1,2023,1,AND,RESTO DELITOS LIBERTAD SEXUAL,596.0
2023-Q1,2023,1,AND,ROBOS CON FUERZA,4946.0
2023-Q1,2023,1,AND,ROBOS CON VIOLENCIA E INTIMIDACIÃ³N,1763.0
2023-Q1,2023,1,AND,ROBOS EN DOMICILIOS,3310.0
2023-Q1,2023,1,AND,SECUESTRO,12.0
2023-Q1,2023,1,AND,SUSTRACCIONES DE VEHÃ­CULOS,1355.0
2023-Q1,2023,1,AND,TOTAL INFRACCIONES PENALES,97595.0
2023-Q1,2023,1,AND,TRÃ¡FICO DE DROGAS,1125.0
2023-Q1,2023,1,ESP,1.-AGRESIÃ³N SEXUAL CON PENETRACIÃ³N,1021.0
2023-Q1,2023,1,ESP,CIBERCRIMINALIDAD TOTAL,107879.0
2023-Q1,2023,1,ESP,CRIMINALIDAD CONVENCIONAL TOTAL,480906.0
2023-Q1,2023,1,ESP,DELITOS CONTRA LIBERTAD SEXUAL,4303.0
2023-Q1,2023,1,ESP,DELITOS GRAVES Y MENOS GRAVES DE LESIONES Y RIÃ±A TUMULTUARIA,5698.0
2023-Q1,2023,1,ESP,ESTAFAS INFORMÃ¡TICAS,96561.0
2023-Q1,2023,1,ESP,HOMICIDIOS CONSUMADOS,84.0
2023-Q1,2023,1,ESP,HOMICIDIOS TENTATIVA,279.0
2023-Q1,2023,1,ESP,HURTOS,163476.0
2023-Q1,2023,1,ESP,OTROS CIBERDELITOS,11318.0
2023-Q1,2023,1,ESP,RESTO CRIMINALIDAD CONVENCIONAL,246819.0
2023-Q1,2023,1,ESP,RESTO DELITOS LIBERTAD SEXUAL,3282.0
2023-Q1,2023,1,ESP,ROBOS CON FUERZA,31984.0
2023-Q1,2023,1,ESP,ROBOS CON VIOLENCIA E INTIMIDACIÃ³N,15458.0
2023-Q1,2023,1,ESP,ROBOS EN DOMICILIOS,21541.0
2023-Q1,2023,1,ESP,SECUESTRO,34.0
2023-Q1,2023,1,ESP,SUSTRACCIONES DE VEHÃ­CULOS,7870.0
2023-Q1,2023,1,ESP,TOTAL INFRACCIONES PENALES,588785.0
2023-Q1,2023,1,ESP,TRÃ¡FICO DE DROGAS,4901.0
2023-Q2,2023,2,AND,1.-AGRESIÃ³N SEXUAL CON PENETRACIÃ³N,171.0
2023-Q2,2023,2,AND,CIBERCRIMINALIDAD TOTAL,18276.0
2023-Q2,2023,2,AND,CRIMINALIDAD CONVENCIONAL TOTAL,84132.0
2023-Q2,2023,2,AND,DELITOS CONTRA LIBERTAD SEXUAL,848.0
2023-Q2,2023,2,AND,DELITOS GRAVES Y MENOS GRAVES DE LESIONES Y RIÃ±A TUMULTUARIA,1357.0
2023-Q2,2023,2,AND,ESTAFAS INFORMÃ¡TICAS,16252.0
2023-Q2,2023,2,AND,HOMICIDIOS CONSUMADOS,21.0
2023-Q2,2023,2,AND,HOMICIDIOS TENTATIVA,67.0
2023-Q2,2023,2,AND,HURTOS,24186.0
2023-Q2,2023,2,AND,OTROS CIBERDELITOS,2024.0
2023-Q2,2023,2,AND,RESTO CRIMINALIDAD CONVENCIONAL,48113.0
2023-Q2,2023,2,AND,RESTO DELITOS LIBERTAD SEXUAL,677.0
2023-Q2,2023,2,AND,ROBOS CON FUERZA,4704.0
2023-Q2,2023,2,AND,ROBOS CON VIOLENCIA E INTIMIDACIÃ³N,1861.0
2023-Q2,2023,2,AND,ROBOS EN DOMICILIOS,3198.0
2023-Q2,2023,2,AND,SECUESTRO,10.0
2023-Q2,2023,2,AND,SUSTRACCIONES DE VEHÃ­CULOS,1562.0
2023-Q2,2023,2,AND,TOTAL INFRACCIONES PENALES,102408.0
2023-Q2,2023,2,AND,TRÃ¡FICO DE DROGAS,1403.0
2023-Q2,2023,2,ESP,1.-AGRESIÃ³N SEXUAL CON PENETRACIÃ³N,1286.0
2023-Q2,2023,2,ESP,CIBERCRIMINALIDAD TOTAL,109800.0
2023-Q2,2023,2,ESP,CRIMINALIDAD CONVENCIONAL TOTAL,491734.0
2023-Q2,2023,2,ESP,DELITOS CONTRA LIBERTAD SEXUAL,5257.0
2023-Q2,2023,2,ESP,DELITOS GRAVES Y MENOS GRAVES DE LESIONES Y RIÃ±A TUMULTUARIA,7010.0
2023-Q2,2023,2,ESP,ESTAFAS INFORMÃ¡TICAS,99208.0
2023-Q2,2023,2,ESP,HOMICIDIOS CONSUMADOS,93.0
2023-Q2,2023,2,ESP,HOMICIDIOS TENTATIVA,360.0
2023-Q2,2023,2,ESP,HURTOS,161530.0
2023-Q2,2023,2,ESP,OTROS CIBERDELITOS,10592.0
2023-Q2,2023,2,ESP,RESTO CRIMINALIDAD CONVENCIONAL,260490.0
2023-Q2,2023,2,ESP,RESTO DELITOS LIBERTAD SEXUAL,3971.0
2023-Q2,2023,2,ESP,ROBOS CON FUERZA,27550.0
2023-Q2,2023,2,ESP,ROBOS CON VIOLENCIA E INTIMIDACIÃ³N,15688.0
2023-Q2,2023,2,ESP,ROBOS EN DOMICILIOS,18800.0
2023-Q2,2023,2,ESP,SECUESTRO,31.0
2023-Q2,2023,2,ESP,SUSTRACCIONES DE VEHÃ­CULOS,8028.0
2023-Q2,2023,2,ESP,TOTAL INFRACCIONES PENALES,601534.0
2023-Q2,2023,2,ESP,TRÃ¡FICO DE DROGAS,5697.0
2023-Q3,2023,3,AND,1.-AGRESIÃ³N SEXUAL CON PENETRACIÃ³N,176.0
2023-Q3,2023,3,AND,CIBERCRIMINALIDAD TOTAL,21553.0
2023-Q3,2023,3,AND,CRIMINALIDAD CONVENCIONAL TOTAL,86522.0
2023-Q3,2023,3,AND,DELITOS CONTRA LIBERTAD SEXUAL,787.0
2023-Q3,2023,3,AND,DELITOS GRAVES Y MENOS GRAVES DE LESIONES Y RIÃ±A TUMULTUARIA,1433.0
2023-Q3,2023,3,AND,ESTAFAS INFORMÃ¡TICAS,19391.0
2023-Q3,2023,3,AND,HOMICIDIOS CONSUMADOS,19.0
2023-Q3,2023,3,AND,HOMICIDIOS TENTATIVA,93.0
2023-Q3,2023,3,AND,HURTOS,24993.0
2023-Q3,2023,3,AND,OTROS CIBERDELITOS,2162.0
2023-Q3,2023,3,AND,RESTO CRIMINALIDAD CONVENCIONAL,49138.0
2023-Q3,2023,3,AND,RESTO DELITOS LIBERTAD SEXUAL,611.0
2023-Q3,2023,3,AND,ROBOS CON FUERZA,5437.0
2023-Q3,2023,3,AND,ROBOS CON VIOLENCIA E INTIMIDACIÃ³N,2075.0
2023-Q3,2023,3,AND,ROBOS EN DOMICILIOS,3904.0
2023-Q3,2023,3,AND,SECUESTRO,7.0
2023-Q3,2023,3,AND,SUSTRACCIONES DE VEHÃ­CULOS,1539.0
2023-Q3,2023,3,AND,TOTAL INFRACCIONES PENALES,108075.0
2023-Q3,2023,3,AND,TRÃ¡FICO DE DROGAS,1001.0
2023-Q3,2023,3,ESP,1.-AGRESIÃ³N SEXUAL CON PENETRACIÃ³N,1386.0
2023-Q3,2023,3,ESP,CIBERCRIMINALIDAD TOTAL,119572.0
2023-Q3,2023,3,ESP,CRIMINALIDAD CONVENCIONAL TOTAL,517020.0
2023-Q3,2023,3,ESP,DELITOS CONTRA LIBERTAD SEXUAL,5491.0
2023-Q3,2023,3,ESP,DELITOS GRAVES Y MENOS GRAVES DE LESIONES Y RIÃ±A TUMULTUARIA,7958.0
2023-Q3,2023,3,ESP,ESTAFAS INFORMÃ¡TICAS,109050.0
2023-Q3,2023,3,ESP,HOMICIDIOS CONSUMADOS,91.0
2023-Q3,2023,3,ESP,HOMICIDIOS TENTATIVA,413.0
2023-Q3,2023,3,ESP,HURTOS,173978.0
2023-Q3,2023,3,ESP,OTROS CIBERDELITOS,10522.0
2023-Q3,2023,3,ESP,RESTO CRIMINALIDAD CONVENCIONAL,267740.0
2023-Q3,2023,3,ESP,RESTO DELITOS LIBERTAD SEXUAL,4105.0
2023-Q3,2023,3,ESP,ROBOS CON FUERZA,30724.0
2023-Q3,2023,3,ESP,ROBOS CON VIOLENCIA E INTIMIDACIÃ³N,17116.0
2023-Q3,2023,3,ESP,ROBOS EN DOMICILIOS,21806.0
2023-Q3,2023,3,ESP,SECUESTRO,26.0
2023-Q3,2023,3,ESP,SUSTRACCIONES DE VEHÃ­CULOS,8331.0
2023-Q3,2023,3,ESP,TOTAL INFRACCIONES PENALES,636592.0
2023-Q3,2023,3,ESP,TRÃ¡FICO DE DROGAS,5152.0
2023-Q4,2023,4,AND,1.-AGRESIÃ³N SEXUAL CON PENETRACIÃ³N,129.0
2023-Q4,2023,4,AND,CIBERCRIMINALIDAD TOTAL,23675.0
2023-Q4,2023,4,AND,CRIMINALIDAD CONVENCIONAL TOTAL,81740.0
2023-Q4,2023,4,AND,DELITOS CONTRA LIBERTAD SEXUAL,704.0
2023-Q4,2023,4,AND,DELITOS GRAVES Y MENOS GRAVES DE LESIONES Y RIÃ±A TUMULTUARIA,1280.0
2023-Q4,2023,4,AND,ESTAFAS INFORMÃ¡TICAS,21421.0
2023-Q4,2023,4,AND,HOMICIDIOS CONSUMADOS,9.0
2023-Q4,2023,4,AND,HOMICIDIOS TENTATIVA,65.0
2023-Q4,2023,4,AND,HURTOS,23386.0
2023-Q4,2023,4,AND,OTROS CIBERDELITOS,2254.0
2023-Q4,2023,4,AND,RESTO CRIMINALIDAD CONVENCIONAL,46343.0
2023-Q4,2023,4,AND,RESTO DELITOS LIBERTAD SEXUAL,575.0
2023-Q4,2023,4,AND,ROBOS CON FUERZA,5179.0
2023-Q4,2023,4,AND,ROBOS CON VIOLENCIA E INTIMIDACIÃ³N,2006.0
2023-Q4,2023,4,AND,ROBOS EN DOMICILIOS,3669.0
2023-Q4,2023,4,AND,SECUESTRO,6.0
2023-Q4,2023,4,AND,SUSTRACCIONES DE VEHÃ­CULOS,1509.0
2023-Q4,2023,4,AND,TOTAL INFRACCIONES PENALES,105415.0
2023-Q4,2023,4,AND,TRÃ¡FICO DE DROGAS,1253.0
2023-Q4,2023,4,ESP,1.-AGRESIÃ³N SEXUAL CON PENETRACIÃ³N,1182.0
2023-Q4,2023,4,ESP,CIBERCRIMINALIDAD TOTAL,133137.0
2023-Q4,2023,4,ESP,CRIMINALIDAD CONVENCIONAL TOTAL,499611.0
2023-Q4,2023,4,ESP,DELITOS CONTRA LIBERTAD SEXUAL,4930.0
2023-Q4,2023,4,ESP,DELITOS GRAVES Y MENOS GRAVES DE LESIONES Y RIÃ±A TUMULTUARIA,6747.0
2023-Q4,2023,4,ESP,ESTAFAS INFORMÃ¡TICAS,121925.0
2023-Q4,2023,4,ESP,HOMICIDIOS CONSUMADOS,68.0
2023-Q4,2023,4,ESP,HOMICIDIOS TENTATIVA,297.0
2023-Q4,2023,4,ESP,HURTOS,164386.0
2023-Q4,2023,4,ESP,OTROS CIBERDELITOS,11212.0
2023-Q4,2023,4,ESP,RESTO CRIMINALIDAD CONVENCIONAL,260727.0
2023-Q4,2023,4,ESP,RESTO DELITOS LIBERTAD SEXUAL,3748.0
2023-Q4,2023,4,ESP,ROBOS CON FUERZA,32186.0
2023-Q4,2023,4,ESP,ROBOS CON VIOLENCIA E INTIMIDACIÃ³N,16523.0
2023-Q4,2023,4,ESP,ROBOS EN DOMICILIOS,22299.0
2023-Q4,2023,4,ESP,SECUESTRO,31.0
2023-Q4,2023,4,ESP,SUSTRACCIONES DE VEHÃ­CULOS,8591.0
2023-Q4,2023,4,ESP,TOTAL INFRACCIONES PENALES,632748.0
2023-Q4,2023,4,ESP,TRÃ¡FICO DE DROGAS,5125.0
2024-Q1,2024,1,AND,1.-AGRESIÃ³N SEXUAL CON PENETRACIÃ³N,119.0
2024-Q1,2024,1,AND,CIBERCRIMINALIDAD TOTAL,21604.0
2024-Q1,2024,1,AND,CRIMINALIDAD CONVENCIONAL TOTAL,77809.0
2024-Q1,2024,1,AND,DELITOS CONTRA LIBERTAD SEXUAL,694.0
2024-Q1,2024,1,AND,DELITOS GRAVES Y MENOS GRAVES DE LESIONES Y RIÃ±A TUMULTUARIA,1171.0
2024-Q1,2024,1,AND,ESTAFAS INFORMÃ¡TICAS,19064.0
2024-Q1,2024,1,AND,HOMICIDIOS CONSUMADOS,27.0
2024-Q1,2024,1,AND,HOMICIDIOS TENTATIVA,48.0
2024-Q1,2024,1,AND,HURTOS,21392.0
2024-Q1,2024,1,AND,OTROS CIBERDELITOS,2540.0
2024-Q1,2024,1,AND,RESTO CRIMINALIDAD CONVENCIONAL,45292.0
2024-Q1,2024,1,AND,RESTO DELITOS LIBERTAD SEXUAL,575.0
2024-Q1,2024,1,AND,ROBOS CON FUERZA,4785.0
2024-Q1,2024,1,AND,ROBOS CON VIOLENCIA E INTIMIDACIÃ³N,1818.0
2024-Q1,2024,1,AND,ROBOS EN DOMICILIOS,3297.0
2024-Q1,2024,1,AND,SECUESTRO,9.0
2024-Q1,2024,1,AND,SUSTRACCIONES DE VEHÃ­CULOS,1526.0
2024-Q1,2024,1,AND,TOTAL INFRACCIONES PENALES,99413.0
2024-Q1,2024,1,AND,TRÃ¡FICO DE DROGAS,1047.0
2024-Q1,2024,1,ESP,1.-AGRESIÃ³N SEXUAL CON PENETRACIÃ³N,1138.0
2024-Q1,2024,1,ESP,CIBERCRIMINALIDAD TOTAL,122428.0
2024-Q1,2024,1,ESP,CRIMINALIDAD CONVENCIONAL TOTAL,484467.0
2024-Q1,2024,1,ESP,DELITOS CONTRA LIBERTAD SEXUAL,4568.0
2024-Q1,2024,1,ESP,DELITOS GRAVES Y MENOS GRAVES DE LESIONES Y RIÃ±A TUMULTUARIA,6242.0
2024-Q1,2024,1,ESP,ESTAFAS INFORMÃ¡TICAS,110268.0
2024-Q1,2024,1,ESP,HOMICIDIOS CONSUMADOS,92.0
2024-Q1,2024,1,ESP,HOMICIDIOS TENTATIVA,266.0
2024-Q1,2024,1,ESP,HURTOS,156967.0
2024-Q1,2024,1,ESP,OTROS CIBERDELITOS,12160.0
2024-Q1,2024,1,ESP,RESTO CRIMINALIDAD CONVENCIONAL,257587.0
2024-Q1,2024,1,ESP,RESTO DELITOS LIBERTAD SEXUAL,3430.0
2024-Q1,2024,1,ESP,ROBOS CON FUERZA,30621.0
2024-Q1,2024,1,ESP,ROBOS CON VIOLENCIA E INTIMIDACIÃ³N,15020.0
2024-Q1,2024,1,ESP,ROBOS EN DOMICILIOS,20872.0
2024-Q1,2024,1,ESP,SECUESTRO,28.0
2024-Q1,2024,1,ESP,SUSTRACCIONES DE VEHÃ­CULOS,8031.0
2024-Q1,2024,1,ESP,TOTAL INFRACCIONES PENALES,606895.0
2024-Q1,2024,1,ESP,TRÃ¡FICO DE DROGAS,5045.0
2024-Q2,2024,2,AND,1.-AGRESIÃ³N SEXUAL CON PENETRACIÃ³N,174.0
2024-Q2,2024,2,AND,CIBERCRIMINALIDAD TOTAL,19851.0
2024-Q2,2024,2,AND,CRIMINALIDAD CONVENCIONAL TOTAL,85194.0
2024-Q2,2024,2,AND,DELITOS CONTRA LIBERTAD SEXUAL,812.0
2024-Q2,2024,2,AND,DELITOS GRAVES Y MENOS GRAVES DE LESIONES Y RIÃ±A TUMULTUARIA,1435.0
2024-Q2,2024,2,AND,ESTAFAS INFORMÃ¡TICAS,17138.0
2024-Q2,2024,2,AND,HOMICIDIOS CONSUMADOS,23.0
2024-Q2,2024,2,AND,HOMICIDIOS TENTATIVA,68.0
2024-Q2,2024,2,AND,HURTOS,24333.0
2024-Q2,2024,2,AND,OTROS CIBERDELITOS,2713.0
2024-Q2,2024,2,AND,RESTO CRIMINALIDAD CONVENCIONAL,49478.0
2024-Q2,2024,2,AND,RESTO DELITOS LIBERTAD SEXUAL,638.0
2024-Q2,2024,2,AND,ROBOS CON FUERZA,4428.0
2024-Q2,2024,2,AND,ROBOS CON VIOLENCIA E INTIMIDACIÃ³N,1920.0
2024-Q2,2024,2,AND,ROBOS EN DOMICILIOS,3050.0
2024-Q2,2024,2,AND,SECUESTRO,6.0
2024-Q2,2024,2,AND,SUSTRACCIONES DE VEHÃ­CULOS,1438.0
2024-Q2,2024,2,AND,TOTAL INFRACCIONES PENALES,105045.0
2024-Q2,2024,2,AND,TRÃ¡FICO DE DROGAS,1253.0
2024-Q2,2024,2,ESP,1.-AGRESIÃ³N SEXUAL CON PENETRACIÃ³N,1327.0
2024-Q2,2024,2,ESP,CIBERCRIMINALIDAD TOTAL,115212.0
2024-Q2,2024,2,ESP,CRIMINALIDAD CONVENCIONAL TOTAL,501977.0
2024-Q2,2024,2,ESP,DELITOS CONTRA LIBERTAD SEXUAL,5442.0
2024-Q2,2024,2,ESP,DELITOS GRAVES Y MENOS GRAVES DE LESIONES Y RIÃ±A TUMULTUARIA,7557.0
2024-Q2,2024,2,ESP,ESTAFAS INFORMÃ¡TICAS,101026.0
2024-Q2,2024,2,ESP,HOMICIDIOS CONSUMADOS,103.0
2024-Q2,2024,2,ESP,HOMICIDIOS TENTATIVA,353.0
2024-Q2,2024,2,ESP,HURTOS,164365.0
2024-Q2,2024,2,ESP,OTROS CIBERDELITOS,14186.0
2024-Q2,2024,2,ESP,RESTO CRIMINALIDAD CONVENCIONAL,267123.0
2024-Q2,2024,2,ESP,RESTO DELITOS LIBERTAD SEXUAL,4115.0
2024-Q2,2024,2,ESP,ROBOS CON FUERZA,26848.0
2024-Q2,2024,2,ESP,ROBOS CON VIOLENCIA E INTIMIDACIÃ³N,15960.0
2024-Q2,2024,2,ESP,ROBOS EN DOMICILIOS,18415.0
2024-Q2,2024,2,ESP,SECUESTRO,21.0
2024-Q2,2024,2,ESP,SUSTRACCIONES DE VEHÃ­CULOS,8241.0
2024-Q2,2024,2,ESP,TOTAL INFRACCIONES PENALES,617189.0
2024-Q2,2024,2,ESP,TRÃ¡FICO DE DROGAS,5964.0
2024-Q3,2024,3,AND,1.-AGRESIÃ³N SEXUAL CON PENETRACIÃ³N,184.0
2024-Q3,2024,3,AND,CIBERCRIMINALIDAD TOTAL,19001.0
2024-Q3,2024,3,AND,CRIMINALIDAD CONVENCIONAL TOTAL,86202.0
2024-Q3,2024,3,AND,DELITOS CONTRA LIBERTAD SEXUAL,883.0
2024-Q3,2024,3,AND,DELITOS GRAVES Y MENOS GRAVES DE LESIONES Y RIÃ±A TUMULTUARIA,1496.0
2024-Q3,2024,3,AND,ESTAFAS INFORMÃ¡TICAS,16708.0
2024-Q3,2024,3,AND,HOMICIDIOS CONSUMADOS,17.0
2024-Q3,2024,3,AND,HOMICIDIOS TENTATIVA,96.0
2024-Q3,2024,3,AND,HURTOS,24759.0
2024-Q3,2024,3,AND,OTROS CIBERDELITOS,2293.0
2024-Q3,2024,3,AND,RESTO CRIMINALIDAD CONVENCIONAL,49747.0
2024-Q3,2024,3,AND,RESTO DELITOS LIBERTAD SEXUAL,699.0
2024-Q3,2024,3,AND,ROBOS CON FUERZA,4697.0
2024-Q3,2024,3,AND,ROBOS CON VIOLENCIA E INTIMIDACIÃ³N,1887.0
2024-Q3,2024,3,AND,ROBOS EN DOMICILIOS,3514.0
2024-Q3,2024,3,AND,SECUESTRO,4.0
2024-Q3,2024,3,AND,SUSTRACCIONES DE VEHÃ­CULOS,1592.0
2024-Q3,2024,3,AND,TOTAL INFRACCIONES PENALES,105203.0
2024-Q3,2024,3,AND,TRÃ¡FICO DE DROGAS,1024.0
2024-Q3,2024,3,ESP,1.-AGRESIÃ³N SEXUAL CON PENETRACIÃ³N,1479.0
2024-Q3,2024,3,ESP,CIBERCRIMINALIDAD TOTAL,109767.0
2024-Q3,2024,3,ESP,CRIMINALIDAD CONVENCIONAL TOTAL,520432.0
2024-Q3,2024,3,ESP,DELITOS CONTRA LIBERTAD SEXUAL,6000.0
2024-Q3,2024,3,ESP,DELITOS GRAVES Y MENOS GRAVES DE LESIONES Y RIÃ±A TUMULTUARIA,8406.0
2024-Q3,2024,3,ESP,ESTAFAS INFORMÃ¡TICAS,97796.0
2024-Q3,2024,3,ESP,HOMICIDIOS CONSUMADOS,74.0
2024-Q3,2024,3,ESP,HOMICIDIOS TENTATIVA,437.0
2024-Q3,2024,3,ESP,HURTOS,170103.0
2024-Q3,2024,3,ESP,OTROS CIBERDELITOS,11971.0
2024-Q3,2024,3,ESP,RESTO CRIMINALIDAD CONVENCIONAL,275277.0
2024-Q3,2024,3,ESP,RESTO DELITOS LIBERTAD SEXUAL,4521.0
2024-Q3,2024,3,ESP,ROBOS CON FUERZA,29287.0
2024-Q3,2024,3,ESP,ROBOS CON VIOLENCIA E INTIMIDACIÃ³N,16869.0
2024-Q3,2024,3,ESP,ROBOS EN DOMICILIOS,21791.0
2024-Q3,2024,3,ESP,SECUESTRO,28.0
2024-Q3,2024,3,ESP,SUSTRACCIONES DE VEHÃ­CULOS,8568.0
2024-Q3,2024,3,ESP,TOTAL INFRACCIONES PENALES,630199.0
2024-Q3,2024,3,ESP,TRÃ¡FICO DE DROGAS,5383.0
2024-Q4,2024,4,AND,1.-AGRESIÃ³N SEXUAL CON PENETRACIÃ³N,148.0
2024-Q4,2024,4,AND,CIBERCRIMINALIDAD TOTAL,21103.0
2024-Q4,2024,4,AND,CRIMINALIDAD CONVENCIONAL TOTAL,78934.0
2024-Q4,2024,4,AND,DELITOS CONTRA LIBERTAD SEXUAL,766.0
2024-Q4,2024,4,AND,DELITOS GRAVES Y MENOS GRAVES DE LESIONES Y RIÃ±A TUMULTUARIA,1396.0
2024-Q4,2024,4,AND,ESTAFAS INFORMÃ¡TICAS,18417.0
2024-Q4,2024,4,AND,HOMICIDIOS CONSUMADOS,13.0
2024-Q4,2024,4,AND,HOMICIDIOS TENTATIVA,54.0
2024-Q4,2024,4,AND,HURTOS,22061.0
2024-Q4,2024,4,AND,OTROS CIBERDELITOS,2686.0
2024-Q4,2024,4,AND,RESTO CRIMINALIDAD CONVENCIONAL,45979.0
2024-Q4,2024,4,AND,RESTO DELITOS LIBERTAD SEXUAL,618.0
2024-Q4,2024,4,AND,ROBOS CON FUERZA,4321.0
2024-Q4,2024,4,AND,ROBOS CON VIOLENCIA E INTIMIDACIÃ³N,1798.0
2024-Q4,2024,4,AND,ROBOS EN DOMICILIOS,2929.0
2024-Q4,2024,4,AND,SECUESTRO,8.0
2024-Q4,2024,4,AND,SUSTRACCIONES DE VEHÃ­CULOS,1519.0
2024-Q4,2024,4,AND,TOTAL INFRACCIONES PENALES,100037.0
2024-Q4,2024,4,AND,TRÃ¡FICO DE DROGAS,1019.0
2024-Q4,2024,4,ESP,1.-AGRESIÃ³N SEXUAL CON PENETRACIÃ³N,1262.0
2024-Q4,2024,4,ESP,CIBERCRIMINALIDAD TOTAL,118431.0
2024-Q4,2024,4,ESP,CRIMINALIDAD CONVENCIONAL TOTAL,483699.0
2024-Q4,2024,4,ESP,DELITOS CONTRA LIBERTAD SEXUAL,5149.0
2024-Q4,2024,4,ESP,DELITOS GRAVES Y MENOS GRAVES DE LESIONES Y RIÃ±A TUMULTUARIA,7137.0
2024-Q4,2024,4,ESP,ESTAFAS INFORMÃ¡TICAS,105043.0
2024-Q4,2024,4,ESP,HOMICIDIOS CONSUMADOS,79.0
2024-Q4,2024,4,ESP,HOMICIDIOS TENTATIVA,287.0
2024-Q4,2024,4,ESP,HURTOS,157641.0
2024-Q4,2024,4,ESP,OTROS CIBERDELITOS,13388.0
2024-Q4,2024,4,ESP,RESTO CRIMINALIDAD CONVENCIONAL,256377.0
2024-Q4,2024,4,ESP,RESTO DELITOS LIBERTAD SEXUAL,3887.0
2024-Q4,2024,4,ESP,ROBOS CON FUERZA,28222.0
2024-Q4,2024,4,ESP,ROBOS CON VIOLENCIA E INTIMIDACIÃ³N,15417.0
2024-Q4,2024,4,ESP,ROBOS EN DOMICILIOS,19962.0
2024-Q4,2024,4,ESP,SECUESTRO,28.0
2024-Q4,2024,4,ESP,SUSTRACCIONES DE VEHÃ­CULOS,8221.0
2024-Q4,2024,4,ESP,TOTAL INFRACCIONES PENALES,602130.0
2024-Q4,2024,4,ESP,TRÃ¡FICO DE DROGAS,5141.0
2025-Q1,2025,1,AND,1.-AGRESIÃ³N SEXUAL CON PENETRACIÃ³N,138.0
2025-Q1,2025,1,AND,CIBERCRIMINALIDAD TOTAL,22009.0
2025-Q1,2025,1,AND,CRIMINALIDAD CONVENCIONAL TOTAL,76727.0
2025-Q1,2025,1,AND,DELITOS CONTRA LIBERTAD SEXUAL,662.0
2025-Q1,2025,1,AND,DELITOS GRAVES Y MENOS GRAVES DE LESIONES Y RIÃ±A TUMULTUARIA,1201.0
2025-Q1,2025,1,AND,ESTAFAS INFORMÃ¡TICAS,19069.0
2025-Q1,2025,1,AND,HOMICIDIOS CONSUMADOS,21.0
2025-Q1,2025,1,AND,HOMICIDIOS TENTATIVA,72.0
2025-Q1,2025,1,AND,HURTOS,20614.0
2025-Q1,2025,1,AND,OTROS CIBERDELITOS,2940.0
2025-Q1,2025,1,AND,RESTO CRIMINALIDAD CONVENCIONAL,45917.0
2025-Q1,2025,1,AND,RESTO DELITOS LIBERTAD SEXUAL,524.0
2025-Q1,2025,1,AND,ROBOS CON FUERZA,4138.0
2025-Q1,2025,1,AND,ROBOS CON VIOLENCIA E INTIMIDACIÃ³N,1623.0
2025-Q1,2025,1,AND,ROBOS EN DOMICILIOS,2755.0
2025-Q1,2025,1,AND,SECUESTRO,11.0
2025-Q1,2025,1,AND,SUSTRACCIONES DE VEHÃ­CULOS,1449.0
2025-Q1,2025,1,AND,TOTAL INFRACCIONES PENALES,98736.0
2025-Q1,2025,1,AND,TRÃ¡FICO DE DROGAS,1019.0
2025-Q1,2025,1,ESP,1.-AGRESIÃ³N SEXUAL CON PENETRACIÃ³N,1242.0
2025-Q1,2025,1,ESP,CIBERCRIMINALIDAD TOTAL,121579.0
2025-Q1,2025,1,ESP,CRIMINALIDAD CONVENCIONAL TOTAL,468104.0
2025-Q1,2025,1,ESP,DELITOS CONTRA LIBERTAD SEXUAL,4760.0
2025-Q1,2025,1,ESP,DELITOS GRAVES Y MENOS GRAVES DE LESIONES Y RIÃ±A TUMULTUARIA,6374.0
2025-Q1,2025,1,ESP,ESTAFAS INFORMÃ¡TICAS,106801.0
2025-Q1,2025,1,ESP,HOMICIDIOS CONSUMADOS,84.0
2025-Q1,2025,1,ESP,HOMICIDIOS TENTATIVA,319.0
2025-Q1,2025,1,ESP,HURTOS,151750.0
2025-Q1,2025,1,ESP,OTROS CIBERDELITOS,14778.0
2025-Q1,2025,1,ESP,RESTO CRIMINALIDAD CONVENCIONAL,251925.0
2025-Q1,2025,1,ESP,RESTO DELITOS LIBERTAD SEXUAL,3518.0
2025-Q1,2025,1,ESP,ROBOS CON FUERZA,26279.0
2025-Q1,2025,1,ESP,ROBOS CON VIOLENCIA E INTIMIDACIÃ³N,13540.0
2025-Q1,2025,1,ESP,ROBOS EN DOMICILIOS,18125.0
2025-Q1,2025,1,ESP,SECUESTRO,26.0
2025-Q1,2025,1,ESP,SUSTRACCIONES DE VEHÃ­CULOS,7760.0
2025-Q1,2025,1,ESP,TOTAL INFRACCIONES PENALES,589683.0
2025-Q1,2025,1,ESP,TRÃ¡FICO DE DROGAS,5287.0
2025-Q2,2025,2,AND,1.-AGRESIÃ³N SEXUAL CON PENETRACIÃ³N,161.0
2025-Q2,2025,2,AND,CIBERCRIMINALIDAD TOTAL,23174.0
2025-Q2,2025,2,AND,CRIMINALIDAD CONVENCIONAL TOTAL,83311.0
2025-Q2,2025,2,AND,DELITOS CONTRA LIBERTAD SEXUAL,855.0
2025-Q2,2025,2,AND,DELITOS GRAVES Y MENOS GRAVES DE LESIONES Y RIÃ±A TUMULTUARIA,1492.0
2025-Q2,2025,2,AND,ESTAFAS INFORMÃ¡TICAS,19258.0
2025-Q2,2025,2,AND,HOMICIDIOS CONSUMADOS,25.0
2025-Q2,2025,2,AND,HOMICIDIOS TENTATIVA,81.0
2025-Q2,2025,2,AND,HURTOS,22648.0
2025-Q2,2025,2,AND,OTROS CIBERDELITOS,3916.0
2025-Q2,2025,2,AND,RESTO CRIMINALIDAD CONVENCIONAL,49994.0
2025-Q2,2025,2,AND,RESTO DELITOS LIBERTAD SEXUAL,694.0
2025-Q2,2025,2,AND,ROBOS CON FUERZA,3787.0
2025-Q2,2025,2,AND,ROBOS CON VIOLENCIA E INTIMIDACIÃ³N,1841.0
2025-Q2,2025,2,AND,ROBOS EN DOMICILIOS,2663.0
2025-Q2,2025,2,AND,SECUESTRO,10.0
2025-Q2,2025,2,AND,SUSTRACCIONES DE VEHÃ­CULOS,1481.0
2025-Q2,2025,2,AND,TOTAL INFRACCIONES PENALES,106485.0
2025-Q2,2025,2,AND,TRÃ¡FICO DE DROGAS,1097.0
2025-Q2,2025,2,ESP,1.-AGRESIÃ³N SEXUAL CON PENETRACIÃ³N,1413.0
2025-Q2,2025,2,ESP,CIBERCRIMINALIDAD TOTAL,123612.0
2025-Q2,2025,2,ESP,CRIMINALIDAD CONVENCIONAL TOTAL,498973.0
2025-Q2,2025,2,ESP,DELITOS CONTRA LIBERTAD SEXUAL,5802.0
2025-Q2,2025,2,ESP,DELITOS GRAVES Y MENOS GRAVES DE LESIONES Y RIÃ±A TUMULTUARIA,7992.0
2025-Q2,2025,2,ESP,ESTAFAS INFORMÃ¡TICAS,105060.0
2025-Q2,2025,2,ESP,HOMICIDIOS CONSUMADOS,97.0
2025-Q2,2025,2,ESP,HOMICIDIOS TENTATIVA,372.0
2025-Q2,2025,2,ESP,HURTOS,158539.0
2025-Q2,2025,2,ESP,OTROS CIBERDELITOS,18552.0
2025-Q2,2025,2,ESP,RESTO CRIMINALIDAD CONVENCIONAL,271903.0
2025-Q2,2025,2,ESP,RESTO DELITOS LIBERTAD SEXUAL,4389.0
2025-Q2,2025,2,ESP,ROBOS CON FUERZA,24434.0
2025-Q2,2025,2,ESP,ROBOS CON VIOLENCIA E INTIMIDACIÃ³N,16162.0
2025-Q2,2025,2,ESP,ROBOS EN DOMICILIOS,16889.0
2025-Q2,2025,2,ESP,SECUESTRO,27.0
2025-Q2,2025,2,ESP,SUSTRACCIONES DE VEHÃ­CULOS,7836.0
2025-Q2,2025,2,ESP,TOTAL INFRACCIONES PENALES,622585.0
2025-Q2,2025,2,ESP,TRÃ¡FICO DE DROGAS,5809.0
2025-Q3,2025,3,AND,1.-AGRESIÃ³N SEXUAL CON PENETRACIÃ³N,175.0
2025-Q3,2025,3,AND,CIBERCRIMINALIDAD TOTAL,23373.0
2025-Q3,2025,3,AND,CRIMINALIDAD CONVENCIONAL TOTAL,87031.0
2025-Q3,2025,3,AND,DELITOS CONTRA LIBERTAD SEXUAL,880.0
2025-Q3,2025,3,AND,DELITOS GRAVES Y MENOS GRAVES DE LESIONES Y RIÃ±A TUMULTUARIA,1686.0
2025-Q3,2025,3,AND,ESTAFAS INFORMÃ¡TICAS,20661.0
2025-Q3,2025,3,AND,HOMICIDIOS CONSUMADOS,25.0
2025-Q3,2025,3,AND,HOMICIDIOS TENTATIVA,69.0
2025-Q3,2025,3,AND,HURTOS,23849.0
2025-Q3,2025,3,AND,OTROS CIBERDELITOS,2712.0
2025-Q3,2025,3,AND,RESTO CRIMINALIDAD CONVENCIONAL,51785.0
2025-Q3,2025,3,AND,RESTO DELITOS LIBERTAD SEXUAL,705.0
2025-Q3,2025,3,AND,ROBOS CON FUERZA,3981.0
2025-Q3,2025,3,AND,ROBOS CON VIOLENCIA E INTIMIDACIÃ³N,1987.0
2025-Q3,2025,3,AND,ROBOS EN DOMICILIOS,2914.0
2025-Q3,2025,3,AND,SECUESTRO,13.0
2025-Q3,2025,3,AND,SUSTRACCIONES DE VEHÃ­CULOS,1730.0
2025-Q3,2025,3,AND,TOTAL INFRACCIONES PENALES,110404.0
2025-Q3,2025,3,AND,TRÃ¡FICO DE DROGAS,1026.0
2025-Q3,2025,3,ESP,1.-AGRESIÃ³N SEXUAL CON PENETRACIÃ³N,1482.0
2025-Q3,2025,3,ESP,CIBERCRIMINALIDAD TOTAL,129068.0
2025-Q3,2025,3,ESP,CRIMINALIDAD CONVENCIONAL TOTAL,529541.0
2025-Q3,2025,3,ESP,DELITOS CONTRA LIBERTAD SEXUAL,6050.0
2025-Q3,2025,3,ESP,DELITOS GRAVES Y MENOS GRAVES DE LESIONES Y RIÃ±A TUMULTUARIA,9515.0
2025-Q3,2025,3,ESP,ESTAFAS INFORMÃ¡TICAS,115995.0
2025-Q3,2025,3,ESP,HOMICIDIOS CONSUMADOS,92.0
2025-Q3,2025,3,ESP,HOMICIDIOS TENTATIVA,388.0
2025-Q3,2025,3,ESP,HURTOS,169960.0
2025-Q3,2025,3,ESP,OTROS CIBERDELITOS,13073.0
2025-Q3,2025,3,ESP,RESTO CRIMINALIDAD CONVENCIONAL,284265.0
2025-Q3,2025,3,ESP,RESTO DELITOS LIBERTAD SEXUAL,4568.0
2025-Q3,2025,3,ESP,ROBOS CON FUERZA,26887.0
2025-Q3,2025,3,ESP,ROBOS CON VIOLENCIA E INTIMIDACIÃ³N,17471.0
2025-Q3,2025,3,ESP,ROBOS EN DOMICILIOS,19965.0
2025-Q3,2025,3,ESP,SECUESTRO,34.0
2025-Q3,2025,3,ESP,SUSTRACCIONES DE VEHÃ­CULOS,8882.0
2025-Q3,2025,3,ESP,TOTAL INFRACCIONES PENALES,658609.0
2025-Q3,2025,3,ESP,TRÃ¡FICO DE DROGAS,5997.0
